name,type,lat,lon
Unnamed School,kindergarten,12.6794229,-7.9391538
Jardin d'enfant le grénier de la reussite,kindergarten,12.5986518,-7.9268788
Espace pour enfant,kindergarten,16.7687279,-3.002026
Unnamed School,school,16.3810942,-0.045163
Unnamed School,school,16.1925958,-0.0372962
Gomitra [2e C],school,14.4171663,-8.2809572
Ecole,school,16.7105771,-0.2575296
Ecole Privée Cheikna Togola,school,12.5895439,-8.0276692
OUAOUROU,school,14.8252081,-8.3929174
AMBA I,school,14.7848445,-3.5381139
AMBA [2ème C],school,14.7848186,-3.5381408
TAPOU,school,14.8231167,-3.5690464
Ecole,school,14.355792,-3.6120263
Mamadou Tolo 1 er Cycle,school,14.3509095,-3.6056399
Lycée,school,16.2675208,-0.0433404
Ecole primaire,school,14.0950615,-2.6403813
ABANCO,school,20.035667,0.960778
KOLOMINA [1er C],school,14.4747644,-8.0244478
Matin d'Afrique,school,12.570505,-8.0683633
Lycée Karamoko Baba Traoré,school,12.5753,-8.06681
Ecole Bahadou,school,16.7690024,-3.004178
KATI Camp D,school,12.7406299,-8.0728803
Lycée Arafat,school,12.6077567,-7.9786283
BABOUGOU,school,13.7378929,-5.7400977
SIDIAN,school,13.6895874,-5.6185419
Lycée Sétou Camara,school,12.5774434,-8.0054091
AHAMBOUBAR,school,20.18,0.985
Ecole,school,12.146009,-5.421195
DIONFACOUROU,school,13.199367,-9.9252335
KAMOUNE DIAMBRE,school,15.0105634,-9.4445071
KOUNGO,school,14.9132729,-9.3677928
KASSE- KARA,school,14.8678762,-9.2699911
DIABAGUELA,school,15.0480941,-9.0140396
KOBIRI [2ème C],school,13.1189105,-9.9026929
Complexe Scolaire le Zenith,school,12.6765499,-7.9264417
BOUGARIA,school,13.2113953,-9.6173523
Ecole De Santé EFPTM,school,12.6127628,-7.9576921
complexe scolaire Donnya,school,12.6199573,-7.9493954
Centre formation integration Benena,school,13.106391,-4.3768069
KAMATINGUE,school,15.1208145,-9.3401094
Lycée Nabe Julgard Nainy,school,12.6388617,-8.0456983
GOGUI,school,15.6844873,-9.3258097
ECOLE DE FARAKO,school,11.2265235,-5.4735276
Complexe Scolaire Sambou Diarisso,school,12.6548983,-8.0425517
Groupe Scolaire Madani Traoré,school,12.6473904,-8.0335903
Prosper Kamara,school,12.6467567,-8.0341383
DJANGUINARE,school,15.4746489,-3.5971161
Farabacoungo,school,11.7581667,-8.5709
KOA,school,15.5846653,-3.6287239
Ecole Sahel 2e Cycle,school,12.4071156,-5.4611265
Institut Supérieur des Techniques Economiques Comptable et Commerciales,college,12.6194803,-8.0382029
Université CESK/CPESK,university,12.6402179,-8.0027112
second cycle,school,11.6777611,-8.6555495
premier cycle,school,11.6777119,-8.6558077
premier cycle,school,13.1293744,-8.8293895
premier cycle,school,11.6889345,-8.6942806
Medersa,school,11.6788699,-8.7136438
Ecole de Zanikampa,school,11.2751473,-5.2296612
SAREDINA [1er C]YCLE,school,14.7910255,-3.2258589
Unnamed School,kindergarten,12.1772502,-6.7179579
ECOSUP,school,12.6731944,-7.9411519
ANDJI,school,14.8440522,-3.1587813
MANKO,school,15.1507197,-3.4443223
TETE OMPTO,school,15.06,-3.484
Unnamed School,school,11.6775208,-8.6555421
AWOÏNY I,school,15.162254,-9.545848
Boulou Abeidat,school,15.2132685,-9.4606428
NOUROUDINE de KOUE BAMANAN,school,14.2672494,-5.9092986
Fondamentale Malitalia,school,12.5729752,-7.9806333
NOMO,school,15.2632584,-9.4732275
Kalifa DEMBELE,school,12.5896357,-7.9676641
Lycée El Mortar KONATE,school,12.6881218,-7.9687033
Néné Koné,school,12.6881647,-7.9685302
Centre de Formation Technique et Professionnelle Djiblena N'fa KONATE,school,12.6884832,-7.9677434
GOUREL A.K SINTHIOU,school,15.1614493,-9.5695953
متوسطة,school,21.3220935,0.9659399
المتوسطة الجديدة,school,21.322137,0.9658672
Collège Moderne Intellect Junior Aci2000,school,12.6241399,-8.0347288
1er cycle,school,13.3981701,-8.8591084
1er cycle,school,13.3988055,-8.8593686
2ème cycle,school,13.3988133,-8.859791
MENA,school,13.0894376,-5.4142691
École Safolo,school,13.0188754,-5.4408572
École Djidara,school,16.240284,-0.0455108
Ecole Supérieure de Commerce et de Technologie,college,12.6059264,-8.010283
ESGIC Annexe,college,12.615903,-7.989834
Campus Numérique Francophone de Bamako,college,12.6162617,-7.9859678
Medersa de Guénikoro,school,13.1315728,-8.8282653
Ecole de Santé EFPSG,school,16.2840725,-0.0395009
Ecole Privée Adawa,school,12.6059015,-7.94911
Yerere,school,15.2636676,-9.4250592
GADIABA-KADIEL I,school,15.1267401,-9.649988
SEOUNDE,school,15.1769494,-9.707017
PISSANGASSO,school,12.9110743,-5.4189278
KAFONO,school,12.9299779,-5.2262257
SOKE,school,12.958439,-5.5617151
KEMENI [2ème C],school,12.9623138,-5.5471876
KEMENI PC,school,12.962502,-5.5467477
MARKALA,school,14.1764323,-5.5332639
École N'Golomazana,school,14.1485719,-5.4464348
KOKOSSO,school,12.9350355,-5.5249198
École fondamentale Koutienso,school,13.0031595,-5.4163147
ATAWOUN EL ISLAMYA:SAMBAGA,school,15.0918018,-10.8008333
E.F. FINADJI,school,14.863819,-5.3071314
AKORE-TEGDAOUSS,school,15.4038333,-6.9275167
SANSANGUE,school,14.7700333,-11.9544
BOUILLAGUI,school,14.8079,-11.7914667
BOUTINGUISSE,school,15.1514667,-11.64895
DA ROUL HADIS:Sabouciré,school,15.2904333,-10.1464333
DABA,school,15.3349167,-11.3142
École Daroul Attakawa Bilikoïté,school,15.538377,-11.5927041
DAVO,school,15.2731833,-11.08115
Diamatoul Kairy:Yaguine I [1er C],school,15.1243874,-10.7224667
DIGOKORY MEDERSA,school,14.6758295,-12.0005853
École de Doumiéda,school,15.5417218,-11.5139953
DYNOUL LAHY:Kakoulou,school,15.43675,-10.3859833
EL ITIHADIYATOU (Gory Moussala),school,15.1077,-10.7624833
EL MOHAMADIYATOU:Kirané [1er C],school,15.4111,-10.2232833
EL MOHAMADIYATOU:Kirané [2ème C],school,15.4111,-10.2232833
FEGUI,school,14.6233333,-12.1481833
FEGUI [2ème C],school,14.6233333,-12.1481833
KREMIS [2ème C]ycle,school,15.3516207,-10.3463188
LANIMODI MEDERSAS ISLAMIC;MEDERSA ISLAMIC LANI-MODI,school,14.7152836,-12.0527463
LANY TOUNKA [1er C],school,14.7177533,-12.0573945
LANY TOUNKA [2ème C],school,14.7167467,-12.0583333
MANTHIA,school,15.3546044,-10.0032074
MEDERSA TAMBACARA II,school,15.071761,-10.8383977
École de Nagara,school,15.3696678,-11.6088665
NAHALY,school,15.06465,-11.7607
NASER DINE AL ISSLAMIE:TAMBACARA [1er C],school,15.0717833,-10.8384
NASER DINE AL ISSLAMIE:TAMBACARA [2ème C],school,15.0717697,-10.8383977
SABIL AL IMANE KREMIS I [1er C],school,15.3515774,-10.3463483
SABIL AL IMANE KREMIS I [2ème C],school,15.3516058,-10.3463255
SABIL ALFALAHI de GOUNDIAM,school,14.6618667,-12.1656
SABIL RACHADI:KOMEOULOU II [1er C],school,15.0947748,-10.811134
SABIL RACHADI:KOMEOULOU II [2ème C],school,15.0947788,-10.8111335
TAFACIRGA [1er C].,school,14.7573502,-12.1846895
TAFACIRGA [2ème C] (RG),school,14.7573139,-12.18536
École de Tafara,school,15.6246913,-11.4179274
TAMBACARA [1er C]ycle,school,15.0717907,-10.8384
TAMBACARA [2ème C],school,15.0717765,-10.8383977
École primaire de Taskaye,school,15.4926,-11.3154833
TICHY AMBIDEDI [2ème C],school,14.99135,-11.7913333
TICHY-AMBIDEDI,school,14.99135,-11.7913333
WAÏNKANOU,school,15.3512833,-10.1387167
YAGUINE,school,15.1231756,-10.7289898
Yaguine [2ème C],school,15.1243486,-10.7224667
M'BEDIATT,school,15.4524046,-8.8038684
MEDERSA EL HILLALY BIROU NIAKATE,school,15.4649091,-8.0718184
KOUROUKERE,school,15.4227,-9.48615
KOUROUKERE [2ème C],school,15.4227,-9.48615
MEDERSA ALITIHADE NAFADJI,school,15.5573167,-9.2342833
Ecole fondamentale de Makona,school,11.9064339,-5.7057868
Ecole fondamentale de Dignagan,school,11.5907725,-5.7862061
Lycée la planète,school,12.5881147,-7.9890833
KAKOULOU [1er C].,school,15.43675,-10.3859833
AL FALAH:Kremis II,school,15.3515657,-10.3463597
AL ITIHAD KALINIORO,school,15.3580667,-11.7499
Assa adatou:Yaguiné II,school,15.1243084,-10.72246
GOUNDIAM,school,14.6618667,-12.1656
INSTITUT CULTUREL TAFACIRGA [2ème C];INSTITUT CULTUREL TAFACIRGA [1er C],school,14.7571038,-12.1906762
INSTITUT TAMARO Medersa [1er C],school,15.1077,-10.7624833
KALINIORO [1er C].,school,15.358375,-11.7500545
KALINIORO [2ème C].,school,15.3583336,-11.7504622
KEMALA [1er C],school,15.18,-10.73
KIDENDJI,school,15.36151,-10.42453
KIRANE [1er C]ycle,school,15.4111,-10.2232833
KIRANE [1er C] B,school,15.4111,-10.2232833
KIRANE [1er C]ycle C,school,15.4111,-10.2232833
KIRANE [2ème C],school,15.4111,-10.2232833
KOMEOULOU,school,15.0947625,-10.8111331
KOROMPO,school,15.3268,-10.2209167
KOTERA [1er C],school,14.7593422,-12.1777828
KREMIS [1er C],school,15.3515903,-10.3463363
SALAHI WANADIAHI,school,14.6233333,-12.1481833
SAMBAGA,school,15.0918167,-10.8008333
SAMBAGA [2ème C],school,15.0918303,-10.8008346
Sangalou,school,14.7194371,-12.2060705
SARAYERO,school,14.9352667,-11.7144167
École de Sélifély,school,15.4775482,-11.7135579
École sécondaire de Sélifély,school,15.4779102,-11.7132257
SENEWALY DIALLOUBE,school,15.3609,-10.42577
SENEWALY SONIKE,school,15.3339338,-10.421804
École de Séoundé,school,15.5079383,-11.5124873
SERENATY,school,14.9177667,-11.7284833
SERENATY [2ème C],school,14.9177667,-11.7284833
SOLAHI WANANDJAHI FEGUI,school,14.6233333,-12.1481833
SOUENA GANDEGA,school,15.1855167,-11.7521
SOUENA SOUMARE,school,15.1871167,-11.7841
BALLE [2ème C],school,15.3379065,-8.5887338
BINEOU NIAKATE,school,15.4497975,-8.8974292
BINEOU NIAKATE [2ème C],school,15.4497975,-8.8974292
BIROU NIAKATE,school,15.4649091,-8.0718184
BOUARE TOUGOUNE,school,15.441708,-8.6889518
DIAKOYA,school,15.3438771,-7.1454049
DIALLOUBE,school,15.2968955,-7.1840233
DIALLOUBE,school,15.2968955,-7.1840233
DIGUIGNAN,school,15.2710819,-8.5232128
DIOKA,school,15.3174734,-8.4340186
ECOM de TOGOMIATT,school,15.3699833,-7.0505333
École primaire de Guirel,school,15.4491699,-7.1061695
TACOUTALLA,school,15.4207867,-8.1141651
ZIDOU TOURE,school,15.383,-7.2249167
BABA DJAGAOUROU GANI(DIARRA),school,15.3188121,-9.3213266
BANNA,school,15.439988,-9.2768494
DIANDIOUME,school,15.3970149,-9.3694613
HAMAKE I,school,15.44645,-9.7716
TOUROUROU MEDERSA,school,15.4329093,-9.3214827
AGHALY AG BABACAR,school,20.0189823,2.2597051
NAFADJI,school,15.5573267,-9.2342771
Niamy,school,15.338398,-9.3067454
Siradjou El-Mounir,school,12.5805221,-8.0081873
source du savoir,school,12.5837351,-8.0082131
TEREMESSO,school,13.0017648,-5.4784367
KONONA,school,13.000813,-5.4711465
ALTINE SISSOKO,school,12.6890333,-7.9592667
BANCONI FARADA,school,12.68835,-7.9684833
BERCEAU DU SAVOIR,school,12.68796,-7.96856
COURS École privéeS BITON MAMARI COULIBALY,school,12.6881228,-7.9688431
FAGUIMBA KAMISSOKO,school,12.6819333,-7.97125
FAGUIMBA KAMISSOKO,school,12.6819333,-7.97125
LE BELEDOUGOU,school,12.6835151,-7.9659096
LE BELEDOUGOU,school,12.683409,-7.9660235
RACHAD [1er C],school,12.6823833,-7.9631667
SAAD ZIWAZA [1er C],school,12.6862333,-7.9622167
SAAD ZIWAZA [2ème C],school,12.6865602,-7.9622352
BIDADJI,school,15.1942167,-10.6968833
BILADJIMI,school,15.2142,-10.6536333
BOUGOUDIRE [1er C].,school,15.4415376,-10.0541845
DIELIBOUGOU [2ème C] II,school,12.6674116,-7.9411288
SIRIDO BABA,school,12.69035,-7.9621833
SOMA NIAKATE,school,12.6813667,-7.9738167
SOUNDIATA,school,12.68305,-7.9593167
THIERNO I [1er C],school,12.6882382,-7.964511
THIERNO I [2ème C],school,12.6883423,-7.9645902
ZOUMANA DIALLO,school,12.68339,-7.95655
DIELIBOUGOU D,school,12.667277,-7.9408779
LES ETOILES [1er C],school,12.6685369,-7.93652
LES ETOILES [2ème C],school,12.66856,-7.93652
DABOLA,school,12.5952667,-8.0034167
RAVIN [2ème C],school,12.5922485,-8.0041992
SABALIBOUGOU F,school,12.59342,-7.99393
DABOLA,school,12.5952747,-8.0032219
RAVIN [1er C],school,12.59227,-8.0042
SABALIBOUGOU C,school,12.59342,-7.99393
SABALIBOUGOU II,school,12.59342,-7.99393
SABALIBOUGOU IV,school,12.59342,-7.99393
SABALIBOUGOU V,school,12.59342,-7.99393
TATA [2ème C],school,12.5913858,-7.99831
Ecole privée Dabi Tieni,school,12.5761,-8.06642
École primaire de Sitacounadi,school,14.8366667,-11.1104167
Ecole Privée Fraternité,school,12.6125564,-7.9597708
École privée FaFa Togora,school,12.5986349,-7.9272485
"École privée fondamentale et Maternelle ""SUMPU",school,12.594437,-7.9258906
Complexe Scolaire Privé Moussa Kané Jardin d'enfants Et 1er Cycle,school,12.600994,-7.9199757
École Privée Les Flamboyants,school,12.6076107,-7.9113425
FARANDJIREYE B,school,16.29,-0.0460013
LPS (Lycée Privé de Sanzana),school,11.7466776,-5.9507363
Lycée l'anonciation,school,13.2653354,-4.8879515
Ecole primaire koungoli,school,14.6123473,-3.3524942
École privée Alikaou Blen,school,12.5892319,-7.9608291
Tati Diarra,school,12.6009,-8.05717
Ecole fondamentale de plateau premier cycle public,school,14.4382619,-11.4348178
Ecole Fondamentale 2è Cycle de Yaguiné,school,15.1311828,-10.7256818
DIANGUINEBOUGOU (MEGUETAN),school,12.9776873,-7.39431
Groupe Fondamental Plateau II,school,12.949814,-7.5689397
Complexe Scolaire ECOSA,school,12.6398249,-8.0394821
Aminata Diop 6,school,12.6304836,-8.0470333
BAMBAGUEDE,school,15.3132872,-9.1977455
Jardin d'enfants Khartoum Bariya,school,12.5817003,-8.0015516
Lycée Mamadou Lamine Haidara,school,13.4229824,-6.2485948
Ecole primaire singama,school,14.3737202,-3.5724205
Ecole primaire Nandoli,school,14.4991256,-3.4662178
École privée Alikaou Blen 1er cycle,school,12.5871814,-7.9639769
Ecole primaire,school,13.165236,-6.5209082
École primaire de Zana,school,13.1718915,-6.7400083
Franco-arabe de Sabalibougou,school,12.588665,-8.0033665
Sada Oumar Touré,school,12.5861416,-8.0159197
Groupe scolaire Falaba Issa Traoré,school,12.635088,-8.0405169
DIELIBOUGOU [2ème C] III,school,12.6671334,-7.9415598
Groupe scolaire Sambaly Keita de Niafala Second Cycle,school,13.0387147,-9.5011461
Ecole Communautaire Soudjata de Makandiambougou,school,13.0421698,-9.4939611
Lycée Privée Ousmane Touré,college,12.5243413,-8.0070256
CAA SAMANKO,college,12.5374461,-8.0837589
TALATAYE,school,16.28,1.2094297
Ecole Privée Sylvie Bouchard,school,13.0317031,-9.4808424
Unnamed School,school,15.091656,-2.2184819
Ecole,school,16.7126579,-0.2620786
Unnamed School,school,17.036347,-1.571594
Unnamed School,school,15.2310285,-1.8067412
Lycée Yana Maïga de Gao,school,16.2727182,-0.047003
Merdesa Franco Arabe,school,13.0375192,-9.4864395
Ecole CEC,school,16.2784817,-0.0377306
DOUGOURADJI,school,16.18,-3.407
DANGHA [1er C],school,16.4640539,-3.132751
École primaire,school,16.293754,-0.0402955
TOYA,school,16.6568052,-3.0475785
Ecole primaire de Kimba,school,12.8695643,-4.1453192
Ecole primaire de Lanfièra,school,12.8372168,-4.1801262
Ecole primaire de Mondé-Bani,school,14.2017989,-2.5551729
2eme Cycle,school,11.1211913,-5.3645656
Unnamed School,school,11.9513761,-5.0446129
Doro,school,16.1116444,-0.862809
Unnamed School,school,16.2131181,-0.5125929
WANIAN [1er C],school,12.9504461,-4.2379993
IFM Hégir,college,16.7547575,-3.0048155
WAKORO YANGASSO,school,13.0966311,-5.2701863
ZEMESSO,school,13.1751968,-5.1882256
École Fondamentale Sonosso,school,13.1105062,-5.1892212
Centre d'Alphabetisation,school,15.1327506,-10.7241315
MEDERSA ANCARDINE DJENNEDAGA [2ème C],school,14.5355306,-4.0950232
MARENA DIOMBOUGOU [2ème C],school,14.5655333,-11.0479
MARENA TRINGA [2ème C],school,14.6467667,-10.7514
MARENA-DIOMBOUGOU,school,14.5655333,-11.0479
Ecole fondamentale de Tringa-Marena,school,14.6472743,-10.7475524
MARILA,school,14.6176474,-10.866239
MARINTOUMANIA,school,14.58325,-10.8655667
MARINTOUMANIA [2ème C],school,14.58325,-10.8655667
MED. ABOUR WATLI ISLAMIYA-TAKOUTALA,school,14.5759833,-11.6726
MOGOYAFARA,school,14.5657833,-11.1031667
MOHAMED BEN ABDEL WAHAB : LAMBATRA ([2ème C]),school,14.6448167,-10.6977667
MOHAMED BEN ABDEL WAHAB: LAMBATRA ([1er C]),school,14.6448167,-10.6977667
MOULINE,school,14.5333333,-10.9488333
MOULINE [2ème C],school,14.5333333,-10.9488333
MOUSSALA [1er C],school,14.5709786,-11.7171536
NAYELA,school,14.68285,-11.0580333
NIAMIGA [2ème C],school,14.5128167,-11.1706833
NIAMIGA P.C,school,14.5128167,-11.1706833
NOUR EL ISLAM DIAKONE,school,14.6254,-10.7308167
NOUROUL ABSOR BOGORO,school,14.6693333,-11.7350833
OUSSOUBIDIANIA,school,14.5550333,-10.8761167
SABOUCIRE MADIGATA,school,14.7134833,-10.9098833
SABOUCIRE SAMBALLA,school,14.5405,-11.098
SABOUCIRE SAMBALLA [2ème C],school,14.5405,-11.098
SEGALA [1er C]ycle,school,14.5608,-10.9733167
SEGALA [2ème C],school,14.5608,-10.9733167
SEGALABA,school,14.5589667,-10.9582333
SOMANKIDY [1er C].,school,14.5465833,-11.6076
SOMANKIDY [1er C] B,school,14.5465833,-11.6076
SOMANKIDY [2ème C].,school,14.5465833,-11.6076
TAMBONCANE,school,14.5664167,-11.6565333
TIGUINE,school,14.6962667,-11.01755
TINTILA,school,14.56905,-10.8487
SANGAFE,school,14.5876167,-10.37285
Sangafé Méddersa,school,14.5876167,-10.37285
SIBINDY,school,14.6001333,-10.34305
BAGOÏNI,school,15.1716837,-8.630153
BENGO,school,14.6071225,-6.8936796
BOULAL [2ème C],school,15.0781336,-8.4259205
DABABOUGOU,school,14.6216062,-8.2895877
DIGAN,school,14.7166097,-8.272225
DJIGUIBOUGOU,school,15.256597,-8.7342861
DJONGODJI,school,15.0234234,-8.1746702
ECOM de KORONIDO,school,14.0020072,-8.3325161
FALLOU [1er C],school,14.596501,-7.9314262
FALLOU [2ème C],school,14.5960557,-7.9311151
FOFARA,school,14.9971628,-8.3425177
GOULOUMBA,school,15.0657786,-8.3750927
GUIRE,school,14.6416962,-6.6949493
GUIRE [2ème C],school,14.6416694,-6.6953731
KARFABOUGOU,school,14.5401625,-8.0440195
KASSAKARE,school,15.3954197,-8.2312817
KEIBANE SONINKE,school,15.2497284,-7.2694195
KOLOMINA [2ème C],school,14.4743563,-8.0243925
KORON,school,14.6249163,-7.989201
MANTIONGA,school,15.3466622,-7.4589283
MANTIONGA (SABIL AL HIDAYA),school,15.4686592,-8.1242124
MED communautaire KEÏBANE SONINKE,school,15.2506116,-7.2700819
MED DIAFAR BEN MAHDY,school,14.6417445,-6.6954751
MEDERSA KEIBANE,school,15.2432178,-7.2707082
MOUNTA,school,15.3408792,-8.4999593
NIAMABOUGOU,school,15.0037265,-7.9462832
NIOKO,school,14.5685738,-6.4201088
N'TJIBOUGOU (FALLOU),school,14.7006335,-8.4340821
OUAÏNKA,school,15.3006564,-8.6186833
SAMBOUROU GOGO de BALAL,school,15.3498434,-7.7545189
SAME,school,15.031455,-8.0340012
SAMPAGA,school,15.1906352,-8.2768971
TANGANAGABA,school,15.0556145,-7.8283349
TIONTA,school,14.5677651,-8.2231431
A.P.E.S.,school,14.5355177,-4.0950366
ALMADARASSATOU ALPHA NOUHOU TAHER,school,14.5355151,-4.0950453
ALMAMY SIDIBE,school,14.5355014,-4.0949903
ASSADIATOU [1er C],school,14.5355235,-4.095056
ASSADIATOU [2ème C],school,14.5355196,-4.0950259
ATT BOUGOU [1er C],school,14.52946,-4.11841
ATT BOUGOU [2ème CYCLE],school,14.529486,-4.1183952
BANGUETABA [2e C] I,school,14.5158979,-4.0975931
BANGUETABA [2e C] II,school,14.5158538,-4.0975871
BANGUETABA A,school,14.5158742,-4.097573
BANGUETABA B,school,14.5158648,-4.0975831
BANGUITA,school,15.2856301,-4.3569354
BARGONDAGA,school,14.53825,-4.19677
BOCARI OUOLOGUEM C,school,14.52635,-4.09076
BOCARI OUOLOGUEM D,school,14.52632,-4.09038
BOCARI OUOLOGUEM SC I,school,14.5266678,-4.0908344
BOCARI OUOLOGUEM SC II,school,14.5266542,-4.0908793
BOCARI OUOLOGUEM SC III SEVARE,school,14.5266412,-4.0908746
BOCARI OUOLOGUEM E,school,14.5266275,-4.0908626
COMPLEXE SCOLAIRE LASSINE SAMASSEKOU,school,14.5355177,-4.0950654
DAKA-WOMINA,school,14.7061747,-4.1161503
DEGOU,school,14.6895194,-3.9280449
DEN TANGASO,school,14.5354911,-4.0950446
DIAMBADOUGOU,school,14.6,-4.039
DIGUICIRE,school,14.67,-5.073
DIONDIORI,school,14.54,-4.115
DIONDIORI [2ème C],school,14.61,-4.775
DOUDEWAL,school,14.7,-4.922
DOUNDOU,school,14.54,-4.046
EAT [1er C],school,14.5327,-4.09711
EAT [1er C] ''B'',school,14.5326792,-4.0971073
École ARMEE de TERRE [2ème C],school,14.5355183,-4.0950393
École privée SOFARA [1er C],school,14.5354787,-4.095042
École privée SOFARA [2ème C],school,14.535517,-4.0950373
ECOM de WALADOU,school,15.2296454,-4.2543241
ECOM SOCOURA,school,14.55,-4.089
EXCELLENCE CHEICK A T DIARRA [1er C],school,14.5355066,-4.0950393
EXCELLENCE CHEICK A T DIARRA [2ème C],school,14.5355417,-4.0950748
FATOMA A,school,14.6100028,-4.060141
GADARI,school,14.73,-3.878
GEORGES BERTSCH [1er C],school,14.5355339,-4.0950292
GEORGES BERTSCH [2ème C],school,14.5354962,-4.0950359
GNIMIGNAMA,school,14.6,-4.97
GROUPE SCOLAIRE CISSE,school,14.5354995,-4.095048
GUILE,school,14.61,-4.88
GUIROWEL,school,14.6544966,-4.0871538
HADARATOU ISLAM [1er C],school,14.5354865,-4.0950487
HADARATOU ISLAM [2ème C],school,14.5355268,-4.0950681
IDRISSA SOW C,school,14.535504,-4.0950379
IDRISSA SOW [2ème C],school,14.5354924,-4.0949964
IHYAOULOUMIDINE [1er C],school,14.53553,-4.09505
IHYAOULOUMIDINE [2ème C],school,14.5354937,-4.0949736
JIGIYA,school,14.5354995,-4.0950332
KADIAL,school,14.6505294,-4.4391694
KINTA-FULBE,school,14.6240086,-4.8174701
KONDO,school,14.54208,-4.85288
KORA,school,14.5335417,-4.8854246
LES COLOMBES de VENISE,school,14.5355164,-4.094989
LES FLAMBOYANTS [1er C],school,14.5355294,-4.0950379
LES FLAMBOYANTS [2ème C],school,14.535504,-4.0950393
LES MAINS UNIES,school,14.5354716,-4.0950413
Dar-Taouhid Garalo,school,10.9981131,-7.4346883
ISLAMIYA ZAHARIAT de GARALO,school,10.9910077,-7.4282859
MEDERSA AL NABIB de GARALO,school,10.9982899,-7.4348727
BAMBA,school,14.5852875,-3.0803644
BAMBA II,school,14.58507,-3.08051
BANAI,school,14.61,-1.866
BANGADIE,school,14.58,-2.106
BANGUEL TOUPE,school,14.66,-3.658
BERDOSSOU,school,14.73,-3.058
BERDOUSSOU II,school,14.7364134,-3.0517422
BINE,school,14.57,-3.366
BINE TELLY,school,14.64835,-3.14315
DANI [1er C]YCLE,school,14.67,-3.408
DANTIANDE,school,14.72,-3.368
DIANGA,school,14.687743,-3.097162
DIANGADA,school,14.7,-3.176
DOUARI,school,14.53,-2.307
DOUNA,school,14.645241,-1.7375066
DOUROU,school,14.7459925,-3.128993
École de IREBANE,school,14.62236,-3.18971
ENDEM,school,14.50222,-2.98912
GONDOGOUROU,school,14.56857,-2.89948
GONGO-NA,school,14.53,-3.444
GOUNDOLY DOGON,school,14.61,-3.355
IRGUILY [2ème C],school,14.64,-3.607
IRIGUILY,school,14.64,-3.607
KANI-GOGOUNA [1er C],school,14.5619276,-3.3959705
KANI-GOGOUNA [2ème C],school,14.5620885,-3.3959491
KAOULI,school,14.62253,-3.18988
KASSA (Sâou) [1er C],school,14.7408649,-3.0574854
KASSA (Sâou) [2ème C],school,14.7408091,-3.0574841
KASSANWAN,school,14.51,-2.131
KEDOU,school,14.67,-3.269
KENDE,school,14.700073,-3.4178921
KENDE [2ème C],school,14.700073,-3.4178921
KENDIE [1er C],school,14.67,-3.51
KENDIE [2ème C],school,14.67,-3.51
KENTABA-LEYE,school,14.61,-3.499
KOBA,school,14.55232,-2.39878
KOMONI - NEMA,school,14.57,-3.508
KOUNDIALA,school,14.521615,-3.5683102
KOUNDIANGA,school,14.6511863,-3.0871016
MARIFATOU DINOU ISLAM,school,14.71,-3.255
MED DIAMAR de OUROLY,school,14.5600221,-3.3479987
MEDERSA de BANAKANE,school,14.64,-3.227
MEDERSA de KENDIE,school,14.67,-3.51
MEDERSA de KOMINIDÔ,school,14.675546,-3.274725
MEDERSA GUINEKANDA,school,14.65,-3.213
MENE-MENE,school,14.53,-3.465
MONDORO [1er C],school,14.67,-1.948
MONDORO [2ème C],school,14.67,-1.948
NALOU [1er C],school,14.7456092,-3.2341559
NANGALADOUMBO,school,14.66,-3.277
NOMBO,school,14.74,-3.489
OGOBO,school,14.61,-3.481
OGOL-PEPE,school,14.64019,-3.1670268
ONDOUGOU [2ème C],school,14.64,-3.228
ONDOUGOU [1er C],school,14.64,-3.228
ONE,school,14.57,-3.388
ONGO,school,14.64,-3.164
OUROLY [2ème C],school,14.56,-3.348
PELINGA,school,14.7410839,-3.0860019
PELLENI,school,14.61,-3.554
PIRON,school,14.59,-3.841
SADEGUE,school,14.74,-3.138
SAL-OGOL,school,14.5999779,-3.305
SISSONGO,school,14.67,-3.725
SOGODOUGOU,school,14.6200005,-3.5389819
SOL,school,14.62,-3.285
SOROLY [1er C],school,14.5200287,-3.518598
SOROLY [2ème C],school,14.5200008,-3.5186027
TAKOUTI,school,14.56,-4.08
TAN-COULLE,school,14.7152,-3.01238
TENNE,school,14.55,-3.348
THOMAS GUIROU DIANKABOU,school,14.5838384,-3.0801838
THY,school,14.6,-4.064
TOUMPOU,school,14.5450757,-3.8249254
TUOL,school,14.65,-3.442
YANDAKOU,school,14.66,-3.142
YANDA-TOURGO,school,14.64848,-3.14307
YANGASSADIOU [1er C],school,14.65195,-1.77564
YANGASSADIOU SC,school,14.65195,-1.77564
YENDOUMA,school,14.56,-3.24
YENDOUMA - ATÔ,school,14.56,-3.24
YENDOUMA [2ème C],school,14.56,-3.24
YEREMDOUROU,school,14.51,-2.099
AL TAKAFOU-OU BATAMA [1er C],school,14.58585,-10.9933167
AL TAKAFOU-OU BATAMA [2ème C],school,14.58585,-10.9933167
AMBIDEDI POSTE 1;AMBIDEDI POSTE [2ème C],school,14.5851312,-11.7877816
BAMBELA,school,14.6371178,-11.570424
BAMBELA [2ème C],school,14.6361774,-11.5709323
BANAYA,school,14.5294333,-11.1488667
BANGASSI-DOUDOUMAURES,school,14.5470637,-11.4841375
BATAMA [1er C].,school,14.58585,-10.9933167
BOGORO,school,14.6693333,-11.7350833
BOUGOUNTINTI,school,14.5695,-11.3467833
BOUGOUTOUROU,school,14.7394667,-11.1366667
DAG DAG,school,14.58655,-11.4301333
DAROUL HADIS GAKOURA,school,14.6125434,-11.8402295
DAROUL HADIS KOUMAREFARA,school,14.71605,-11.3487833
DIABADJI,school,14.6339833,-11.01575
DIABADJI [2ème C],school,14.6339833,-11.01575
DIAKONE,school,14.6254,-10.7308167
DIALAKA PULIC,school,14.6355667,-10.8106333
DIALANE,school,14.5357167,-11.1729333
DIATAYA [2ème C],school,14.5990667,-11.0258167
DRAMANE,school,14.6188667,-11.9024667
EL ITHIAD DIALANE [1er C],school,14.5357167,-11.1729333
EL ITHIAD DIALANE [2ème C],school,14.5357167,-11.1729333
FADJIRY ISLAM KALAOU,school,14.53325,-10.9843667
FALEA (KOUSSANE) [1er C]..,school,14.7373031,-11.2087469
franco-arabe de DIATAYA,school,14.5990667,-11.0258167
GABOU GOPELA,school,14.5033452,-11.2900994
GABOU GOPELA [2ème C],school,14.5016366,-11.2903837
GAGNY,school,14.58855,-11.6869667
GAKOURA,school,14.6133792,-11.8383949
GORY GOPELA [1er C].,school,14.6176167,-11.3365667
GORY GOPELA [2ème C].,school,14.6176167,-11.3365667
GOUMERA [1er C].,school,14.55725,-11.2988667
GOUMERA [2ème C].,school,14.55725,-11.2988667
GOUSSELA [1er C].,school,14.6691818,-11.9703032
GOUSSELA [2ème C].,school,14.6691922,-11.9696487
ISLAMIYA TAMBOCANE,school,14.5664167,-11.6565333
École primaire de Kabaté,school,14.5131537,-11.208308
KOUMAREFARA,school,14.71605,-11.3487833
KOUMBINE DAR SALAM,school,14.5436333,-10.8887
MEDERSA RAOUDATOUL ISLAM [1er C],school,14.5354949,-4.0950292
MEDERSA RAOUDATOUL ISLAM [2ème C],school,14.5355378,-4.0950104
MEDERSA SAADA [2ème C],school,14.5355118,-4.0950232
MEDERSA SABIL ELHIDAYATI [1er C],school,14.5355053,-4.0950513
MEDERSA SABIL ELHIDAYATI [2ème C],school,14.5355014,-4.0949669
MEDERSA SIMIO,school,14.689028,-4.4326636
MEDERSA-MINHADJ SALAMA [1er C],school,14.5355222,-4.0950433
MEDERSA-MINHADJ SALAMA [2ème C],school,14.5355508,-4.0950198
MEDINA - COURA École privée,school,14.5355027,-4.0950252
NANTAKA,school,14.54,-4.212
NIACONGO,school,14.61,-4.005
NIASSO,school,14.7172432,-4.706869
NOUROUDINE,school,14.53548,-4.0950393
NOUROUL HOUDA [1er C],school,14.5355326,-4.0950386
NOUROUL HOUDA [2ème C],school,14.5355209,-4.0950312
OUMOU SOULEYM [1er C],school,14.5355345,-4.0950292
OUMOU SOULEYM [2ème C],school,14.5355021,-4.0950198
OURO-NEMA,school,14.7240205,-3.9701608
PERSUGUE ECOM,school,14.5354807,-4.0950406
POUTCHI,school,14.6755839,-4.185734
POUTCHIWEL,school,14.7172224,-4.0602253
RISSALATOUL ISLAM [1er C],school,14.5355417,-4.0950493
RISSALATOUL ISLAM [2ème C],school,14.5355203,-4.0950064
ROSEMARIE E BECK,school,14.5355196,-4.0950265
Sorry Ibrahim Thiokary (S.I.T),school,13.9058332,-4.5537707
SABE,school,14.665216,-4.1384493
SABILOU NADIAHI WALHOUDA [1er C],school,14.535517,-4.0950534
SABILOU NADIAHI WALHOUDA [2ème C],school,14.5355332,-4.095058
SAYA,school,14.5354885,-4.0950104
SOCOURA [2ème C] I,school,14.54457,-4.09123
SOCOURA [2ème C] II,school,14.5445557,-4.0912414
SOCOURA FA I,school,14.5445694,-4.0912515
SOCOURA FA II,school,14.5445518,-4.0932327
SOCOURA FA III,school,14.54457,-4.09323
SOMOGUIRI,school,14.5727755,-4.789669
SOSSOBE,school,14.5602129,-4.6740085
SOSSOBE [2ème C],school,14.5595431,-4.6744806
SOYE [2ème C],school,14.5355118,-4.095046
THIABOLY ALDIOUMA,school,14.65,-4.018
TOLERANCE [1er C],school,14.535531,-4.0950556
TOLERANCE [2ème C],school,14.5355066,-4.0950064
TONGORONGO,school,14.598746,-4.1709434
WAILIRDE,school,14.53,-4.078
WAILIRDE [2ème C],school,14.5299818,-4.077998
WANDIAKA,school,14.7,-4.144
BALLABOUGOU,school,14.5687008,-8.7691845
BIGNEKOLOBOUGOU,school,14.5339031,-9.3741049
Ecole de Chicata,school,14.6183965,-8.9424046
DALIBERA,school,14.5114833,-9.7240667
DAR. CORANT. de WALITOUMBOU,school,14.5974828,-9.6007128
DEBO - MASSASSI,school,14.5763601,-9.366869
DEBO KAGORO [2ème C],school,14.5864407,-9.369002
DEBO-KOGORO,school,14.5868872,-9.3690127
DEMBALLA,school,14.6856,-10.2092833
DIABE [2ème C],school,14.6856,-10.2092833
DIABE I,school,14.6856,-10.2092833
DIALLARA,school,14.7474167,-10.1676
DIAMWELY RANGABE,school,15.2551794,-9.5469638
DIANGOUNTE CAMARA [2ème C],school,14.5457833,-9.5134667
DIANGOUNTE CAMARA[1er C],school,14.5457833,-9.5134667
DIANGOUNTE MED [2ème C],school,14.5457833,-9.5134667
DIASSIGUIBOUGOU,school,14.6220833,-9.7300667
DIEMA [2ème C],school,14.5268321,-9.1901023
DIEMA A,school,14.5272351,-9.1898289
DIEMA B,school,14.5314709,-9.1947643
DIGUITALA,school,14.6589289,-8.7912575
DIOUMARA [1er C],school,14.537352,-8.568102
DIOUMARA [2ème C],school,14.5374766,-8.567469
DOMBONE,school,15.3532156,-9.1742919
FANGOUMBA,school,14.6343086,-9.5309604
École Fondamentale de Fangoune Kagoro,school,14.6092857,-9.2141338
FARABOUGOU,school,14.5053884,-9.4370093
FARABOUGOU [2ème C],school,14.505674,-9.4364836
FARABOUGOU MEDERSA,school,14.5024333,-9.4332167
FARAN,school,15.1795664,-9.1896227
Gomitra,school,14.4237994,-8.2765597
GORY,school,14.6468833,-9.6343167
GUEMOU,school,14.5466344,-9.3096266
GUEMOU MALINKE,school,14.7398667,-9.7264333
KANDIARE,school,14.6321453,-9.434893
KANIARA,school,14.6322833,-10.0672667
KARSALA,school,15.1769412,-9.3745515
KOBOKOTO - SOFAN,school,14.5898167,-9.83835
KOLLAH,school,14.6512167,-9.8105833
KORERA KORE MEDERSAS,school,15.1413099,-8.9559387
KORKODIO,school,15.3298032,-9.4922525
Kouloudiengue Ecole primaire,school,14.4485833,-8.3786682
LAKAMANE [1er C],school,14.50835,-9.90775
LAKAMANE [2ème C],school,14.50835,-9.90775
LATAKAF,school,14.5321333,-9.72795
LEWA DIARISSO,school,14.72845,-9.6021667
MADINA-COURA,school,15.1796369,-9.339517
MAKANA [1er C]ycle,school,14.64905,-10.53935
MAMBOURKE,school,14.7098667,-9.1038333
MAMOIRE,school,15.066156,-9.1340526
MEDERSA SEYFILAHI(SANDARE),school,14.7046,-10.3046167
MEDERSA DAMPA,school,14.6182379,-9.1858488
MEDERSA DARCOURAN DIEMA [1er C],school,14.5423079,-9.1862276
MEDERSA DARCOURANE DIEMA [2ème C],school,14.542768,-9.1871669
MEDERSA DIOUMARA,school,14.5376064,-8.5659884
MEDERSA FANGOUNE KAGORO,school,14.6103403,-9.2125717
MEDERSA GANDIALLA,school,14.5046332,-9.6960939
MEDERSA KANDIARE,school,14.6329774,-9.4339563
MEDERSA KASSE- KARA,school,14.8632927,-9.2787722
MEDERSA LAKAMANE,school,14.50835,-9.90775
MEDERSA SALAM(NIORO T.O),school,15.2743728,-9.629459
MEDERSA SOMA SACKO,school,14.7033167,-9.5075167
NAHADATOU ISLAMIA (Nomo Madina),school,15.3923395,-9.2428633
Nankoumana,school,14.3395211,-8.2920146
NIAMAKORO,school,14.5077977,-8.3371664
SANDARE [2ème C].,school,14.7046,-10.3046167
SANDARE I,school,14.7046,-10.3046167
SEBABOUGOU,school,14.3726617,-8.2101417
SEGUE,school,15.3375583,-9.2467
SEREDJI [1er C],school,14.7356833,-10.29965
SOBOUGOU,school,14.8587224,-8.5459517
TASSARA [2ème C],school,14.5090333,-9.7611667
TIGUIGNA,school,14.3861182,-8.3966171
TOUBA MADINA MEDERSA,school,14.52411,-8.6909506
WATAGA,school,14.5075674,-9.5943369
Wataye,school,14.4654597,-8.2236167
ZAMBOUGOU,school,14.8117048,-8.589254
SOMASSONI,school,13.1069698,-5.7341546
AHALIYA [1er C],school,13.7289443,-6.007701
AHALIYA [2ème C],school,13.7293265,-6.0092357
CINZANA,school,14.5683661,-5.8242724
DABACAMP ND 16,school,14.5190703,-5.9278755
DIABALY [2ème C] A,school,14.6855876,-6.0218612
DIABALY [2ème C] B,school,14.6855941,-6.0220074
DIABALY COURA,school,14.6996883,-6.062747
DIABALY I,school,14.6856499,-6.0217177
DIABALY II,school,14.6856447,-6.0219042
ECOM KIMBIRILA,school,14.6045933,-6.0110322
EP ANDA OUOLOGUEM,school,14.6933217,-6.0231635
FARAOUL KITAB WASSOUNA ND 16,school,14.5180524,-5.9301087
KANDIOUROU,school,14.6039392,-6.1345553
KOGONI STATION,school,14.7182002,-6.0262278
KOUROUMA COURA,school,14.7040588,-6.062147
KOUROUMA [1er C],school,14.6450032,-6.0018282
KOUROUMA [2ème C],school,14.6450032,-6.0018282
KOUTIALA-COURA,school,14.6661152,-6.054967
KOYAN N'GOLOBALA,school,14.2471567,-5.9835655
MARAKABACHI,school,14.5597337,-5.9854582
MASSARAZANA,school,14.6023892,-6.0429673
NADIOUMA AL HOUDA [2ème C],school,14.6896103,-6.0221679
NADIOUMA-AL-HOUDA [1er C],school,14.6896103,-6.0221679
NIESSOUMANA,school,14.65,-6.034
SEGOU-CORO SK18,school,14.7225106,-6.0808967
SOKOLO [1er C] A,school,14.7328715,-6.1221558
SOKOLO [1er C] B,school,14.7328715,-6.1221558
SOKOLO [2ème C],school,14.7328715,-6.1221558
SONGHO,school,14.6356226,-5.8275218
TADAMOUNI ISLAMIA [1er C],school,14.7424286,-6.1244184
TADAMOUNI ISLAMIA [2ème C],school,14.7424286,-6.1244184
ZAHARATOU TAKIWA [1er C],school,14.685646,-6.0219846
ZAHARATOU TAKIWA [2ème C],school,14.6918373,-6.0219404
BAALA,school,10.8131834,-5.9215924
BALOULOU,school,10.8079956,-5.8628
BOWARA,school,11.1265333,-6.0229833
DEH,school,11.6331667,-5.7878833
DIELE,school,11.9553,-5.8702667
DOUGOUBALA franco-arabe,school,11.8646667,-5.7808
DOUGOUMOUSSO,school,11.6448167,-5.71475
DOUMANABA [2ème C],school,11.6713333,-5.9326667
E.N.Diarra Foh,school,11.7973667,-5.7781833
École fondamentale de N'TESSONI,school,11.0727159,-6.0271148
FABOLASSO,school,11.2192333,-5.8536333
FANTARASSO,school,11.1715667,-5.9017833
FANTERELA,school,11.3602555,-6.0426358
FARAKALA [1er C],school,11.3571333,-6.0045667
FARAKALA [2ème C],school,11.3571333,-6.0045667
Fonsebougou,school,11.6245082,-5.9840967
GNIRIWANI,school,11.4130333,-6.0042833
GONDAGA,school,11.2060307,-5.8945383
Gongasso,school,11.5349333,-5.7938
GUENEBA [1er C]ycle,school,10.9554072,-5.874191
IFOLA,school,11.3756,-5.9705
KALIFABOUGOU,school,11.45395,-5.96015
KANDIADOUGOU,school,11.3162833,-5.9497
KANDIADOUGOU [2ème C],school,11.3162833,-5.9497
KASSANSO [1er C]ycle,school,11.3381833,-5.87385
KATOGO,school,11.9038333,-5.9291833
KENA,school,11.3842167,-5.8435
KOKOUNA,school,11.74115,-5.8242333
KOLOKOBA,school,11.2118167,-5.9980667
KOLOKOBA [2ème C]YCLE,school,11.2118167,-5.9980667
KOMBALA,school,11.9037333,-5.9910833
KONG KALA,school,11.7304333,-5.7783167
KONZANSO,school,10.9436667,-5.9776
KORWEDOUGOU,school,11.5531,-5.8631667
KOSSOUROUNA,school,11.9422333,-6.0047833
KOUGOUALA (ECOM),school,11.9174,-5.8256
KOUNA,school,11.7955,-5.9893167
KOUROUMA [1er C],school,11.8779167,-5.8380167
KOUROUMA II,school,11.8779167,-5.8380167
LOBOUGOULA [1er C]ycle A,school,11.0413,-5.9852833
LOBOUGOULA [1er C]ycle ''B'',school,11.0411052,-5.9851921
LOBOUGOULA [2ème C]YCLE III,school,11.0411552,-5.985231
LOBOUGOULA [2ème C] I,school,11.0412171,-5.9852082
LOBOUGOULA [2ème C] II,school,11.0412763,-5.9852766
MAHADOUGOU,school,11.2361,-6.1056667
MEDERSA de FANTERELA,school,11.3596527,-6.0393667
MEDERSA de FARAKALA,school,11.3576833,-6.0002333
MEDERSA de TIEBE,school,11.8697,-5.9536833
MEDERSA N'GOLASSO I,school,11.7215848,-5.89066
MOLASSO,school,11.3169,-5.9994833
MOLASSO [2ème C],school,11.3169,-5.9994833
MONTOMBOUGOU,school,11.28855,-6.1147167
MOUGNINA,school,10.8809167,-5.9469
M'PEDOUGOU,school,11.3474333,-5.9403167
M'PELASSO,school,11.0868,-5.9085167
MPEREBALA,school,11.9861167,-5.89555
NAGNASSO,school,11.1743122,-5.8686035
NANGOLA,school,11.4383833,-5.9921833
NATIEN,school,11.3342167,-5.8349333
NATIEN [2ème C],school,11.3342167,-5.8349333
NGOLASSO I,school,11.7214104,-5.8906627
NGOLASSO II,school,11.74425,-5.8910167
NGOLOKASSO,school,10.9558,-6.0477
NGOLOKLOLA,school,11.9954333,-5.8372667
N'GOLONIENA,school,11.0081646,-5.9471836
N'GOLOPENE,school,10.8202667,-6.00115
NGORODOUGOU DENI ECOM,school,11.4298833,-5.8353833
NGORONA,school,11.0230333,-5.91385
NIAGNEGUELA PC,school,11.8367833,-5.8880833
NIANTASSO [1er C]ycle,school,11.2686,-6.0080167
NIANZAMBOUGOU,school,11.9993167,-5.9092333
Niaradougou,school,11.5605774,-5.9606011
Niaradougou [2ème C],school,11.5606667,-5.9606333
NIENZEREBOUGOU,school,11.9446667,-5.89535
NIZIASSO,school,11.5775333,-5.88015
NOGOLASSO,school,11.7212775,-5.8906573
NOLABOUGOU,school,11.5172167,-5.8814167
NOTANSO,school,11.3897333,-5.9343
NOYARADOUGOU,school,11.4845333,-5.83225
N'TESSONI,school,11.0723,-6.0272167
N'TIOSSO,school,11.2974333,-6.0393667
N'TJIBOUGOU,school,11.6009167,-5.8337667
N'TJIBOUGOU,school,11.42565,-5.92155
NTORLA,school,11.4533667,-5.86175
NTORLA LOBOUGOULA,school,11.1951721,-5.9458882
PINGORONI,school,11.5026,-5.8552167
PISSASSO,school,11.165328,-5.961636
PITAGALASSO LOBOUGOULA,school,11.1360333,-5.86775
SANZANA [2ème C],school,11.7533474,-5.9573413
SIDARI DIASSA,school,11.2173,-5.8539167
SOKOURALA,school,11.11355,-6.10065
SOPIE (NATIEN),school,11.258,-5.9071333
Sossoro,school,11.6069667,-5.9459833
SOULLAMOUL ISLAM KOMBALA,school,11.9037333,-5.9910833
TABARAKO,school,11.5916667,-5.7855667
TAMBA,school,11.37535,-5.844
Tiagala,school,11.4946019,-5.9994333
TIEBE,school,11.8697,-5.9536833
TIOGOLA,school,11.0518,-5.87708
TOGOTAN - DIASSA,school,11.4346,-5.8123
WAYERE,school,11.2789167,-5.9388667
ZANADOUGOU-KOLOKOBA [1er C]ycle,school,11.2295833,-5.9353667
ZANFERBOUGOU [2ème C],school,11.2847,-6.0679833
ZANFEREBOUGOU [1er C]ycle,school,11.2847,-6.0679833
ZANIENANI,school,11.8113167,-5.8864667
Zaradougou,school,11.4902167,-5.7810667
KABAÏKA,school,16.1734378,-3.1623953
KASSOUM,school,15.8708833,-4.2431062
KOUKOUROU,school,15.7340913,-3.8964584
KOURBA,school,15.8454362,-4.2354693
BOULOULI,school,15.5650649,-9.3520592
ITIHADIA BANNA,school,15.4397927,-9.2743419
KOPORO-PEN [1er C] A,school,14.2261906,-3.2956309
Tallo [2ème C]ycle,school,13.233,-5.3258959
GUIMINI,school,14.2737016,-3.4428757
MEDERSA DOKOLO BAMANA,school,13.1603029,-5.3038211
École N'Tosso,school,13.2109642,-5.362177
LABIDI,school,15.6380494,-9.3608999
Ecole Fondamentale Faradiele,school,11.3479421,-7.6331538
IFM Bougouni,school,11.4095668,-7.4891192
Siracoro Niare,school,12.7642,-8.0175167
N'Toubana,school,12.7680667,-8.0508333
DALA,school,13.1943649,-5.1986384
TABARA,school,13.2838216,-5.2023538
AMADOU TRAORE,school,13.2447109,-5.1394057
DAELAN,school,13.2622246,-4.9999094
TAKWALLAHI DAELAN,school,13.2734728,-5.0030804
Ecole,school,12.5469029,-5.1653391
WOROTONA,school,13.4895951,-5.0032844
Centre de Formation Technique de Kalabacor CFTK,university,12.5592983,-8.004456
Madarasaso bléma Pélengana Nord,kindergarten,13.4344249,-6.2185049
Unnamed School,kindergarten,13.2018877,-9.4534289
KOUNANDJI,school,14.6963833,-11.2042
LAMBATRA,school,14.6448167,-10.6977667
MADINA,school,14.6301881,-11.1765788
MADINACOUTA,school,14.5724062,-11.0241694
MADRASATOUL ISLAMIA GORY,school,14.6176167,-11.3365667
MAHADY GOUMERA,school,14.55725,-11.2988667
MAISON de COURAN EL HADIS:DIALAKA,school,14.6355602,-10.8106329
MAKANA [1er C]ycle;MAKANA [2ème C].,school,14.6324989,-11.920736
N'Golo Diarra [1er C],school,13.1048221,-7.6099275
N'Golo Diarra [2ème C],school,13.1047219,-7.6093691
Med Cholabougou,school,13.3511889,-7.4999801
Djecouma,school,13.3799395,-7.5793126
Dontlembougou,school,13.3658167,-7.6292167
Koyo,school,13.3789,-7.60455
Ouekeni,school,13.4073833,-7.6738667
Sanankoro,school,13.4354801,-7.570294
SOUKOSSO,school,12.5104615,-4.9779391
École N'Gnamakoroba Traore de Laban,school,11.8669485,-7.4939676
TIEDIANA KAFEGUE,school,12.7912566,-4.8833328
TIEDIANA NONOSSO,school,12.7820992,-4.8320701
Groupe Fondamental Plateau II,school,12.9665167,-7.4838
DIATAWALI,school,13.7238603,-10.9452306
FOUTOUBA,school,13.658608,-11.0647079
DOGO-DOGO,school,12.9584337,-4.6402016
DOKOROKUY,school,13.0225908,-4.7347661
MAKOUROULO,school,12.9485245,-4.642201
N'GOLOBALA communautaire,school,12.9208,-7.2728833
B. BOUARE [2ème C]/A,school,13.443021,-6.266436
Groupe Fondamental Plateau II,school,12.8727778,-7.5351991
Tesserela 2eme C,school,13.1785573,-6.1807753
SEGUELA,school,13.2541224,-6.9949721
MADINA COURA,school,15.0749534,-7.094856
MOGOMPIELA,school,14.0499071,-5.680864
KARANGABOUGOU,school,14.2534847,-5.5591621
CAFLI,school,14.5272505,-4.101424
Groupe Fondamental Plateau II,school,12.9054402,-7.535609
Groupe Fondamental Plateau II,school,12.9053905,-7.535546
Ecole primaire de Siéwali,school,13.3607564,-3.872847
SIENSO,school,13.2281109,-4.8842072
École Kakoli,school,14.4542434,-3.8285798
TANGA,school,14.8123027,-3.6459401
TANGA,school,14.8122793,-3.6458086
BORKO [2ème C],school,14.95271,-3.3551
KIRO,school,15.0500673,-3.3648847
TIBOKI,school,15.03,-3.46
Ecole primaire Doni,school,14.6781876,-3.2822617
Ecole primaire Kani kogouna,school,14.5624703,-3.3933158
École coranique,school,13.5688723,-8.0340089
second cycle,school,11.689472,-8.6940989
Unnamed School,school,11.6626953,-8.7305756
premier cycle,school,11.6427044,-8.7518039
second cycle,school,11.6421738,-8.7517637
Ecolle Privée Soumitala,school,13.0315548,-9.4788563
complexe scolaire Naré de kita,school,13.0390492,-9.484501
DRAMETOU,school,13.8373901,-10.7545124
Ecole Fondamentale de Kolibougou Second cycle et premier cycle,school,13.0284289,-9.4777894
NIAFALA II,school,13.0369,-9.4945833
Institut de formation Agros Pastorale,university,13.0298791,-9.5029472
Ecole de Santé BANTA SEKOU,university,13.0404086,-9.4839491
Ladamuso Saouda,kindergarten,13.0402538,-9.4802416
Jardin d'enfants Néné Cissé de Samedougou,kindergarten,13.0459606,-9.4921919
Jardin d'enfants les Excellences,kindergarten,13.0366546,-9.480134
Jardin d'enfants Franco-Arabe Chouhala Haidara,kindergarten,12.6077233,-8.0495989
Jardin &Garderie d'enfants,kindergarten,12.6445297,-8.0331583
Centre d'Alphabetisation,school,13.1972546,-8.7952262
Unnamed School,school,13.206923,-9.4524123
Franco Arabe Ehadji ousmane Tounkara,school,13.039643,-9.4671652
Merdesa ONG Alfarouk,school,13.0367438,-9.4906861
SAMEDOUGOU III,school,13.0459333,-9.4923667
Unnamed School,school,13.3917801,-9.0844917
Ecole Primaire Sebekoro 2,school,13.7465001,-8.3636841
Medersa de Madina,school,13.3999942,-8.8588301
GROUPE SCOLIRE EL HADJI YALALY KEITA [1er & 2ème C],school,13.398493,-8.8593673
Medersa,school,11.7147087,-8.6757677
Ecole de Madina,school,12.0535833,-8.3745167
Ecole Privé Fatoumata Excellence Kangaba,school,11.9384496,-8.4158787
MALEMANA,school,14.56357,-5.42682
MANAKO [1er C],school,14.6500019,-4.0689645
MEDERSA ANADIAH [1er C],school,14.5354657,-4.0950225
MEDERSA ANADIAH [2ème C],school,14.5355456,-4.0950272
MEDERSA ANCARDINE DJENNEDAGA [1er C],school,14.5355118,-4.0949675
LEBA ECOM,school,10.5195,-8.21285
IFP- Tertiaire,school,14.4484052,-11.4406729
CFTI,school,14.4330126,-11.4275622
Ecole primaire,school,12.9505622,-8.1758972
Assoura,school,12.5905304,-8.0229435
Lycée professionnel INTEC,school,12.5909233,-8.0204535
Institut moderne de formation Sogholon,school,12.5932951,-8.018877
Centre De Formation Hadj Correct,school,12.6068395,-8.0071835
Ansars de la sounna,school,12.583127,-8.0225916
ECOLE UNIVERS SANTE,school,12.5836303,-8.0234459
Ali Sou Oud,school,12.5865879,-8.0177784
premier cycle,school,11.6895469,-8.6943926
Ecole de Santé Mamadou Marouf Keita,school,13.0406386,-9.4757275
Ecole fondamentale de Heremakono,school,12.3218159,-7.9278348
Centre de formation et d'entente Lamine Diabira,school,12.5857756,-8.0646089
Centre de Formation professsionnelle Moussa Camara,school,12.5856,-8.06743
Ecole fondamentale privée les tisserins,school,12.5783,-8.07179
Franco Arabe Abbrar,school,12.5755067,-8.065715
Ba Lamine Traoré,school,12.5738,-8.0683367
Maternel Super Intello,school,12.5770617,-8.0617283
Jardin d'enfants Aba Maïga,school,12.581707,-8.0579796
Mme Diop Aminata Konaté,school,12.5808983,-8.0559467
Ecole privée Nyetaso,school,12.5856,-8.06008
Lycée Privé Espoir d'Afrique,school,12.5182541,-8.0453778
Complexe Scolaire le Grand Defi,school,12.6116437,-8.0473123
KATI Camp B,school,12.7406307,-8.0728806
Médersa Cheick Mohamed Lamine Dramé,school,12.6249828,-8.045702
Groupe Scolaire Lafiabougou E.F,school,12.6249317,-8.04568
Privée Benkadi,school,12.6245833,-8.0457667
Lycée Mandjiguiya,school,12.5761,-8.07581
Lycée Kouyaté,school,12.601,-8.0543
Bô Sangaré,school,12.5957,-8.0574
Sainte Émilieanne,school,12.598978,-8.0591698
Labelle Tantie Nana,school,12.6013,-8.05528
Jardin d'enfants Dembayuma,school,12.601635,-8.0596838
Groupe scolaire ABC,school,12.592,-8.05882
Université Catholique de l’Afrique de l’Ouest,school,12.6447449,-8.0362712
Lycée Prosper Kamara,school,12.6460236,-8.0353108
Centre d'Etude et de Culture pour Jeunes,school,12.6455867,-8.0336029
"Centre d'Expertise pour l'Etude, la Formation et l'Accompagnement au Developement",school,12.6397236,-8.0310465
Business School,college,12.5840058,-8.0236516
Faculté des Sciences Économiques et de Gestion,college,12.6093806,-7.9902761
ESTM,college,12.588888,-7.9558592
Institut DE Technologie et de Gestion ITG,college,12.6452982,-8.0368807
Institut de Formation des Maîtes Julus Nyereré,college,12.6482652,-8.0329994
(CENOU) Centre National des Oeuvres Universitaire,university,12.6265579,-8.0291626
Bougougnon,kindergarten,12.5871,-8.071
Les Petites Etoiles,kindergarten,12.6071143,-8.0473211
Jardin d'Enfants Les Picthounes,kindergarten,12.6554862,-8.012567
Crèche Jardin d'Enfants Ecole,kindergarten,12.6051011,-8.0487711
LE SERMENT,school,12.8181492,-8.0800882
École Sonintièny,school,12.8528038,-8.0944624
DJIGUI DE KATI,school,12.7885738,-8.1070769
Ecole de Siby,school,12.3718764,-8.3346051
Ecole publique de Kati Sananfara,school,12.7138713,-8.0559619
Ecole privée Wassa (Jardin d'enfants),school,12.7110562,-8.0574014
Noumorila C,school,12.7421142,-8.069982
SANANFARA EXTENSIO,school,12.7071682,-8.0534552
Ecole Diago gare,school,12.7786852,-8.1558198
Medersa,school,12.7822478,-8.1540468
Ecole de Komitan,school,12.7821327,-8.2095579
Lycée privé Coline,school,12.7527831,-8.0993069
Lycée Mama Ndiaye,school,12.7502545,-8.0859851
École d'application des Officiers,school,12.7342801,-8.0646665
Ecole Cooperative de Magnambougou (ECOMA),school,12.619323,-7.9644946
Moussa Koné,school,12.5841245,-8.0718631
Moussa Koné,school,12.584177,-8.0719604
Centre de Formation en administration et au métiers,school,12.5762348,-8.0655279
Privée Diahara,school,12.576825,-8.0644083
Lycée Franço_arbe N'nour,school,12.5599,-8.08723
Complexe Scolaire Bakary Camara,school,12.5612107,-8.0998743
Complexe Scolaire La Fontaine,school,12.5549613,-8.1002846
Centre de formation Nehemie-Mali,school,12.4966375,-8.0855108
Tapama Djénépo,school,12.635128,-8.0484066
Médersa Cheick Mohamed Dramé,school,12.6249838,-8.045702
Complexe Scolaire Cop le futur,school,12.6271917,-8.045715
Ecole Privée Salam,school,12.5331861,-8.0187093
Complexe Scolaire Tenin Diabaté,school,12.5275023,-8.0107223
Unnamed School,school,11.1727137,-8.1563208
Groupe scolaire de Guanabougou,school,11.1725878,-8.1567104
MADINANI,school,12.576056,-11.3902768
Ecole prive Barela,school,12.5336119,-8.0321789
École Fondamentale Fasseny Diakité,school,12.5267387,-8.0205712
Ecole prive Franco Mahamadou kalle,school,12.5308964,-8.0333021
Franco Arabe Sidi Thera,school,12.5588693,-7.9990675
franco Arabe bilan ben rabah,school,12.5616144,-7.9991648
Complexe Scolaire Le Cinquentenaire,school,12.6016823,-7.9201181
École Privée Koyan Marico,school,12.5845951,-7.9248752
École Privée Ba Diani,school,12.5856423,-7.9238845
École Privée Franco Arabe Darsalam,school,12.584507,-7.9231256
Ecole ADONAI,school,12.5842174,-7.9236498
Yirimadjio Sema,school,12.5966183,-7.899375
École de Santé Djiguiya,school,12.604605,-7.89927
Awa Coulibaly,school,12.6046917,-7.89813
Complexe scolaire le savoir,school,12.6050097,-7.8947571
Lycée Privée Biya de Niamana,school,12.5914279,-7.8554788
Centre de formation pratique Forestier Jean Djigui keïta de Tabakoro,school,12.5884569,-7.844153
École fondamentale M.Cisse,school,12.5921792,-7.672113
ECOLE GNETA SO,school,12.5838202,-7.8671658
Diamayiri Coulibaly,school,12.5228262,-7.9265418
Unnamed School,college,12.5583652,-11.3985556
Département Langues et Sciences du Language,university,12.48506,-8.0511033
Département Sociologie et Sciences de l'éducation,university,12.4851067,-8.0523267
Élite,university,12.5729537,-7.933329
Jardin d'Enfant Wassoulou,kindergarten,12.6061075,-7.914884
Toguna,kindergarten,12.6004357,-7.9148878
Jardin d'Enfant Mafa,kindergarten,12.5865566,-7.9240584
OUELESSEBOUGOU [2ème C] B,school,11.9890833,-7.918
École de Bilikoïté,school,15.5386767,-11.5922374
DIADIOUMBERA [2ème C],school,14.7891667,-11.0544333
DIADIOUMBERA P.C,school,14.7891667,-11.0544333
MEDERSA GOUNDIAM [2ème C],school,14.6618667,-12.1656
MEDERSA DEBO,school,14.82135,-11.2132
SERO P.C 1-2,school,14.8090669,-11.0632379
Ecole de Mountougoula,school,12.5315025,-7.8203572
Complexe scolaire Seydou Cissé,school,12.554689,-7.856815
DAYE,school,15.3565,-7.25535
C.E.F.P.A.,school,13.6816077,-6.0718162
Kofoulabé 1e cycle,school,13.0269877,-9.4956207
Complexe scolaire Yaya Kouyaté,school,12.5175143,-8.0233811
Ecole Paramédicale Centrale,school,12.5191013,-8.0433356
Ecole Privée Odysée,school,12.5582593,-7.9990112
École le KHASSO,school,12.6042921,-7.9075081
Hamet,school,12.6018788,-7.9064772
École Fondamentale Privée Harouna Sidi,school,12.6059517,-7.9149835
École privée Toguna,school,12.6004786,-7.9150571
École 501 logement,school,12.5857211,-7.9324584
Institut Revet,school,12.5802596,-7.9381093
École Soufroulaye 1er C,school,14.4081615,-4.0842179
École fondamentale Barbe [1er C],school,14.4907859,-4.0889502
École fondamentale Tiedekanda,school,14.017157,-3.696691
Lycée public de Bankass,school,14.0677199,-3.5108319
Yebe 1 er C,school,13.9267798,-4.6824102
EF SOURANGO,school,15.3465,-4.78313
SONNABE mobile,school,15.47,-4.559
La galaxie,school,12.5792044,-7.910245
Lyée Privée Mafa,school,12.5866364,-7.924241
Ecole,school,13.2888083,-4.5933414
Cours du soir chez Karim,college,12.5681449,-7.9093927
Unnamed School,education,12.0801084,-8.2172034
Diré,kindergarten,16.2606264,-3.3967825
JANDIN ENFANT,kindergarten,16.3562879,-0.0201944
KIBY,school,13.2114184,-4.7362964
KADIOLO KIEFOKAN,school,13.1072282,-4.8268801
SIRAO,school,13.1321007,-4.7555218
TARBIATOU BB SIRABA,school,12.9736966,-4.7974702
DOUGOUBALA,school,13.486624,-5.206293
NEREKORO,school,13.37,-4.77
BOUGOUDARA,school,13.2259395,-4.9483779
FANSO BAMBARA,school,12.945987,-5.176743
YANGASSO [1er C] II,school,13.07,-5.323
Yangasso [1er C] I PC,school,13.0699876,-5.3229987
Lycée public de Bandiagara,school,14.3540381,-3.596617
Ecole de Santé de BOUCTOU,school,14.39056,-3.69389
Bodin 1er et 2e C,school,14.2499717,-3.6878189
GROUPE SCOLAIRE SADIO TAMBOURA,school,14.9207,-4.59182
KELINTE BEREMTE-AGORDIK,school,15.0554,-5.00186
KOUBI,school,14.9242505,-3.9528028
SINGO,school,14.85,-3.984
École Koporo-Na 1er Cycle,school,14.1297064,-3.3570179
École Oula,school,13.3034675,-3.380277
MAMADOU SAMASSEKOU (B),school,16.2648606,-3.4000229
Ecole de Doucombo,school,14.3571198,-3.6543193
École Djebala,school,13.5304191,-5.1181294
BAKO DJEGUENA,school,13.433307,-5.139241
Diambacourou 2ème Cycle,school,14.8221207,-3.9696376
ABDOUL NIANG A [1er C],school,14.4928151,-4.1900407
Pel Kanda école,school,14.1298442,-3.3943868
Gueourou 1er C,school,14.1716303,-3.2418915
Ecole de Tendely 1er cycle,school,14.0919332,-3.4184915
GAÏRAMA,school,16.21,-3.442
Bourem Sidi Amar,school,16.3607095,-3.3333825
AMBA,school,15.06815,-3.57429
Lycée de Diré,school,16.2773088,-3.409382
KOIGOUROU,school,16.34,-3.37
TANGASSANE,school,16.413999,-3.315279
GOUMEL,school,16.5432706,-3.2378668
Ecole fondamentale se Saina,school,16.3560466,-0.0139408
BEKUY-DANEKUY,school,12.9316754,-4.7169494
DIORA SOKOURANI,school,12.8836826,-4.7051232
FOUNE,school,12.8459249,-4.6962737
Université ISSP Mali,university,13.2885764,-4.9140804
Jardin d'Enfants,kindergarten,12.6395327,-8.039449
Ecole de Bourem Djindo,school,16.9165379,-0.3406271
Unnamed School,school,12.5855595,-7.9328463
DABARA,school,12.7772637,-4.7674078
KAMAGA M'PESSO H.,school,12.9129601,-4.7703425
Ecole second cycle B de Kafana,school,11.520964,-6.1324713
Complexe Scolaire Kalaba Issa Traore,school,12.6055521,-7.9152704
Institut des Langues Al Mouhagir,school,12.6046536,-7.9159551
Ecole Envol N'Dônysso,school,12.574264,-8.0062821
Ecole publique de Farako-Mountougoula,school,12.5486774,-7.8594082
Ecole privée Sékou Tounkara,school,12.5388589,-7.8601514
École Communautaire de Sénou,school,12.5261828,-7.9194026
Institut des Technologies Appliquées d'Afrique,college,12.6195954,-7.9861607
LYCEE PRIVE (LPGBK),college,12.8295059,-4.9274151
Ecole privée AAT,school,14.0889597,-3.273966
MOUGUI HAUT,school,15.0075907,-3.1570648
KOROBORO,school,14.0809938,-4.4821489
Ecole privée Oumar Sanogo,school,12.5534875,-7.8566502
Ecole privée Kounkan Dony Sô,school,12.5203484,-8.024549
Ecole publique de Djikoroni Coura,school,12.5456245,-8.1122947
Ecole privée La réussite,school,12.5406828,-8.1130286
Ecole privée Mami-Bel,school,12.5358399,-8.1206001
École Fondamentale de Balacoungo,school,11.9726452,-8.3056251
École Diora [1er C],school,12.8574165,-4.6740873
DIORA [2ème C],school,12.8561192,-4.6744116
OUESSEBOUGOU,school,14.6765535,-8.1486051
IDRISSA SOW A,school,14.5355456,-4.0949823
IDRISSA SOW B,school,14.53576,-4.09492
ECOM de SOGOBA,school,12.4808285,-4.6448787
DOUGABOUGOU A,school,13.2495467,-6.1867492
KOLLAH,school,14.6142143,-7.2638566
ZANGARABALA,school,14.5332533,-8.0771272
BOCARI OUOLOGUEM B,school,14.52649,-4.09102
DIONDIORI [1er C],school,14.61,-4.775
FATOMA B,school,14.6101589,-4.0600586
KANIO ECOM,school,14.7481686,-4.0899785
MEDERSA FAOUZOU WANADJAH,school,14.5355209,-4.0949695
MEDERSA SAADA [1er C],school,14.5355203,-4.0950346
SINPO [1er C],school,14.5825439,-4.7356138
THIAÏNGUEL,school,14.6433285,-4.7374647
TOGUEL KOSSAM,school,14.57,-4.924
SOKAN,school,14.6545995,-9.4693582
SOUBLOU SALAM MADIGA,school,14.5152415,-9.5932052
TASSARA,school,14.5090333,-9.7611667
M'BOUROYE,school,14.6506903,-4.7390805
TAAOWOUOUNOU ISLAMIYA(Makana),school,14.64905,-10.53935
SAL-OGOL [2ème C],school,14.6,-3.305
TOUNKARI,school,14.5952316,-3.7398336
TUOGOU,school,14.53,-3.268
AMBIDEDI R.D [1er C],school,14.5904033,-11.7513648
AMALLA,school,14.6,-3.25
BAITOUL AMANATI [1er C],school,14.5850726,-3.0804429
BAITOUL AMANATI [2ème C],school,14.5850369,-3.080506
TOUPERE,school,14.75,-3.437
YANDA TOURGO II,school,14.6484719,-3.1430704
Bogotafara Pu,school,11.0433167,-8.3029
DALADA ECOM,school,11.0708333,-8.3102833
ZANIEGUEBOUGOU,school,11.87855,-5.8963333
ZIERODOUGOU,school,11.3806167,-5.90365
ZANIENANI,school,11.8113167,-5.8864667
ZIGUENA,school,11.6347333,-5.8812667
ECOM OUYASSO,school,12.5688886,-4.7092795
WARASSO,school,12.7252674,-4.9373188
WASSASSO,school,12.7428345,-4.9762682
WASSASSO [2ème C],school,12.743019,-4.9761863
ZAMBLALA,school,12.6612097,-4.9072762
Ecole Privée Ousmane Touré,school,12.5240782,-8.0068807
DOUGOUNIKORO,school,13.1477498,-6.4062525
ZAMBOUGOU-ZOUMAÏRA,school,13.2466377,-6.4612787
KOULA,school,12.7305499,-4.9553878
ZEGUERE,school,12.7638589,-4.9567346
Madiga Coura,school,14.5200523,-8.6407494
MISSIRA,school,14.4208118,-8.4909142
Médersa primaire,school,12.6909574,-8.0559027
TOURAKOLOMBA [1er C],school,12.7260486,-5.0433664
NIAMPESSO,school,12.8296561,-5.0924889
M'PERESSO SOKAN,school,12.7745467,-5.0742123
M'PERESSO ZIEKAN,school,12.7881635,-5.0815332
Jardin d'enfant,kindergarten,12.5720831,-7.9815379
Jardin d'enfant et Crêche Saint Exupery,kindergarten,12.5720615,-7.9822319
Jardin Paradis des Enfants,kindergarten,12.5905151,-7.9422221
Jardin d'enfant Belle Fontaine,kindergarten,12.5942034,-7.9511847
Jardin d'enfant publique Jumelage Bamako Anger,kindergarten,12.5920176,-7.9470675
École Privée Diasang,school,12.6905748,-8.0552039
NIEGUIN,school,13.0655874,-6.7131893
KOLOSSO,school,12.6395646,-5.0860553
École de Moribila [1er C],school,12.6630176,-5.0398072
MORIBILA [2ème C],school,12.6647637,-5.046311
NOUROUL YAKINOU,school,12.6644687,-5.046748
DIOLO KAGOUA,school,12.5889423,-5.0588918
DIOLO KAGOUA [2ème C],school,12.5889058,-5.058528
NACHROUL ISLAM de DIOLOKAFONO,school,12.5957512,-5.0729094
N'GOROSSO BAMBARA,school,12.9342193,-5.0920768
TOURAKOLOMBA [2ème C],school,12.7264267,-5.044221
Avenir Bamba (3ième - 5ième ),school,12.622185,-7.9618058
École primaire de Kamba,school,13.2171377,-6.944449
BONGOSSO [1er C],school,12.670644,-5.1903437
BONGOSSO [2ème C],school,12.6706481,-5.1899507
MOUGOUYIRANI,school,12.6373595,-5.2243156
WARA,school,12.6657937,-5.2295012
DIOUNDIOU [1er C],school,12.8699866,-5.0498004
DIOUNDIOU [2ème C],school,12.8705875,-5.0500124
DIOUNDIOU KATARA,school,12.8581793,-5.0658323
Unnamed School,school,15.2703309,2.3177409
NOUGUESSO,school,12.8927715,-5.1137309
YACOUBABOUGOU,school,12.8571822,-5.1945699
KINTA BAMANAN,school,13.0262704,-6.8639013
DIARAMANA [2ème C],school,12.8432579,-5.4058578
DIARAMANA II PC,school,12.8436228,-5.4052866
BANIRE TOUGOUNE,school,15.199502,-8.9415127
BINEOU FISSOUROU,school,15.4528836,-8.9337087
Diambacourou 1 er Cycle,school,14.8249678,-3.9749325
Ecole Oasis,school,13.4288853,-6.2818791
FARAKALA-BLA,school,12.9526738,-5.7419709
KAMPOLOSSO,school,12.9514328,-5.458581
N'TIESSO,school,12.9462137,-5.3910088
N'TIESSO [2ème C],school,12.9461316,-5.3904683
KALADIANGO,school,14.4246746,-8.6274504
TOMIKORO,school,14.4367138,-8.5623122
Tounto,school,12.747437,-5.406191
FARAKALA-DIARAMANA,school,12.917631,-5.3519866
FARAKALA DIARAMANA [2ème C],school,12.9177565,-5.3514072
ECOM SOUNI [1er C],school,12.3328579,-7.4326725
OUENTEGUELE,school,12.7115032,-5.4409736
SOYESSO,school,12.7270411,-5.4891604
BARSAFE,school,15.3055215,-8.5690306
FOSSE KAARTA,school,15.2381862,-9.6953781
KORERA KORE [1er C],school,15.1372092,-8.9586503
MED INSTITUT SCES ISLAMIQUE(KK),school,15.1396231,-8.9558252
DENGUENA,school,12.7261234,-5.9174045
KOLONI,school,12.771944,-5.3249101
KOLONI [2ème C],school,12.7717073,-5.3248292
DIAKOUROUNA [1er C],school,12.8990983,-5.2137847
DIAKOUROUNA [2ème C],school,12.8991232,-5.214253
KAGOLOSSO BAMBARA,school,12.8882285,-5.1859882
KAGOLOSSO PEULH,school,12.8963217,-5.2062628
MEDERSA de SOFOLOSSO,school,13.1126667,-5.3036257
PETEKELESSO,school,12.9815099,-5.2434466
Medarsa,school,12.9272823,-6.7464315
Medersa Ningari,school,14.66202,-3.2741214
Ecole fondamentale Moussavel,school,14.6727191,-3.9985734
École Bougoura [2ème C],school,12.982281,-5.2906267
PENESSO,school,13.0074557,-5.2998204
Ecole privée Momo,school,12.5829,-8.07189
Groupe Scolaire Yangasso,school,13.0746188,-5.3188044
Modibo Kane,university,12.5831172,-8.016463
Université Iglam,university,12.580095,-8.0173199
Ecole,kindergarten,13.4028453,-7.9405719
École fondamentale Neguebougou,school,13.4438099,-8.1567375
École fondamentale Seriwala,school,13.6044094,-8.153012
École fondamentale Yarangabougou,school,13.6375759,-8.2401854
FONO,school,13.0256964,-5.3550367
KABALASSO-BAMBARA,school,12.990716,-5.2415299
MEDERSA de SIEN KORONI,school,13.1266237,-5.3039593
École Fondamentale Niamasso,school,12.990829,-5.4500806
NIANA,school,13.0958591,-5.2298257
TARIKOU NANDIAHI,school,13.0775839,-5.3167365
MEDERSA MANGAL PRIMAIRE,school,14.4502385,-4.9201847
MEDERSA MADJIMAI BAHARAÏNI,school,14.4500909,-4.9200724
Koria,school,13.6026519,-7.8021107
École fondamentale Manta,school,13.6792714,-7.8023709
École fondamentale Siratoma,school,13.5037042,-7.8516905
KANA,school,14.3697882,-9.104256
MERDERSA MADINA-SACKO,school,14.3050285,-9.1845744
MERELA,school,14.4248431,-8.997968
École fondamentale Lohan,school,12.7811213,-4.5021846
École santé,school,13.2831056,-4.8906048
École fondamentale Zambougou,school,13.5191913,-7.7328721
LABBEZANGA P/C,school,14.9682855,0.7018689
FOULABOUGOU,school,14.4607477,-8.8822803
ANSONGO II C,school,15.6654421,0.5025094
CTM kayes,school,14.4475584,-11.4383635
Groupe scolaire Dimakuy,school,13.7800893,-4.1450483
Jardin d'enfants les Bambinos,kindergarten,14.4318877,-11.4344706
Ancienne médersa,kindergarten,14.632049,-11.9186945
SOMO [2ème C],school,13.242868,-4.7746959
SOMO École privée,school,13.2398285,-4.779454
SOMO publique,school,13.2425654,-4.7752501
SOURANGUEDOU,school,14.446264,-9.3123763
KITA GARE I,school,13.0458167,-9.4851833
KITA GARE III,school,13.0458167,-9.4851833
NIAFALA III,school,13.0369,-9.4945833
NIAFALA IV,school,13.0369,-9.4945833
NIAFALA I (P.C),school,13.0369,-9.4945833
GONKOULOU,school,14.0888662,-9.2482768
Ecole de Sourd Mieux,school,16.7590523,-2.9983168
DJONFA,school,14.2366534,-9.2975726
GUEMOUCOURABA,school,14.258114,-9.3224745
GUEMOUCOURABA [2ème C],school,14.2585388,-9.3223681
Medersa de Kolomosso,school,12.7989854,-5.487168
Médersa,school,14.5710172,-11.7112865
École Temou,school,13.7390724,-6.1339355
ECOM DEMBALA,school,15.3250475,-10.4776259
MADIGA-SACKO 'B',school,14.3606327,-9.3001847
MADIGA-SACKO [2ème C],school,14.3600123,-9.302829
MEDERSA BANDIOUGOU KOROMBA,school,14.422868,-9.3204786
SABIL RACHADI [2ème C]YCLE,school,14.3610341,-9.3027652
SABILOU RACHADI MADIGA SACKO,school,14.3609395,-9.3031559
Ecole publique Diakandapé,school,14.5309275,-11.6128041
École agro-industrie,school,12.9479153,-5.7414466
DARSALAM I,school,13.0360333,-9.4844833
DARSALAM II,school,13.0360333,-9.4844833
DARSALAM III,school,13.0360333,-9.4844833
KITA GARE II,school,13.0458167,-9.4851833
KOFOULABE,school,13.0268667,-9.4964167
KOFOULABE [2ème C],school,13.0268667,-9.4964167
SAMEDOUGOU I,school,13.0459333,-9.4923667
SAMEDOUGOU II,school,13.0459333,-9.4923667
SAMEDOUGOU IV,school,13.0459333,-9.4923667
SAKORA,school,14.1744524,-9.344519
Ecole de Kourougué,school,14.2063026,-9.1509542
MOUNTAN MEDERSA,school,14.2096331,-9.4441046
MOUNTAN SONINKE,school,14.2103794,-9.440647
Ecole communautaire de Kolomosso,school,12.8004123,-5.4871118
Médersa franco-arabe,school,14.6294901,-11.9206686
École Professionnelle de Kasséla,college,12.5920352,-7.6746835
Jardin d'enfants La mère Lyssa,kindergarten,13.0451551,-9.4912595
TIEKORO MOUSSALA,school,14.8454126,-10.7477457
Ecole Doniyaso,school,14.6257714,-10.7243112
DARSALAM SAME,school,14.4892603,-11.5398143
MELGA,school,14.8975286,-11.7900081
MELGA [2ème C],school,14.897299,-11.7904628
OUMOUNA BOKE DIAMBI,school,14.8326873,-11.8713069
Ecole Coranique Madersa,school,14.638534,-10.8044113
École Sadien,school,13.2518522,-4.5127361
B.BOUARE [2ème C]/B,school,13.443534,-6.266877
SOEUR ANITA B,school,13.441056,-6.272721
SOEUR ANITA/A,school,13.441515,-6.272789
Unnamed School,school,14.4011305,-1.8731497
Ecole Speciale de Commerce d'Administration et de l'Entreprenariat (ESCAE),school,12.6281237,-8.0355229
Groupe Scolaire,school,13.4421104,-6.2746578
KANGO,school,12.9411096,-6.4313789
école Privée Ba massistann de Kolibougou,school,13.0333971,-9.475362
Ecole SOS,school,13.0359429,-9.4619939
Ecole Communautaire,school,16.2256112,-3.4671846
Medarsa,school,16.2695137,-3.3912137
Ecole de Kangaba,school,11.938737,-8.415703
Ecole Coùùunautaire de Gari,school,16.3247879,-3.3237022
Centre de Formation Profesionnellede Diré,school,16.2699655,-3.3890205
Second cycle de Hamdallaye,school,16.2689714,-3.3913029
BANGASSI GOPELA,school,14.4891768,-11.5107687
AOUROU DIYALA [2ème C],school,14.4363282,-11.323524
AOUROU DIYALLA,school,14.4369714,-11.3238816
BANGASSY [2ème C],school,14.4911327,-11.5038046
DIAKALEL,school,14.466188,-11.4603265
DIAKALEL [2ème C],school,14.4660149,-11.4606842
DOUSSOUKANE,school,14.4347889,-11.3890697
ECOM DIGUIDJAN,school,14.4751474,-11.4822377
ECOM SINTHIANE,school,14.488803,-11.4600714
franco-arabe de SABOUCIRE N'DI,school,14.4244297,-11.3366054
KENIOU SOUTE,school,14.410864,-11.3702852
KERSIGNANE,school,14.4669974,-11.3579996
École primaire de Loupourou,school,14.4345644,-11.294846
DAMINA,school,14.2905112,-9.6975551
BANGASSY ALMAMIYA,school,14.2034726,-11.2269586
DRAMECO,school,14.1144973,-11.0414019
LOGOBA,school,14.0796573,-11.2264846
MAKANA [1er C],school,14.080515,-11.159457
MAKANIA,school,14.0818835,-11.1533399
SABOUCIRE N'DI [1er C],school,14.1984139,-11.0566256
SABOUCIRE N'DI [2ème C],school,14.199428,-11.0563735
DJIMEKON,school,14.3023964,-11.2554288
FATOLA,school,14.3579943,-11.3153515
KENIOU R.G.,school,14.4026692,-11.3807673
KOUMDA,school,14.3457986,-11.3222325
MODINKANE [2ème C],school,14.3239658,-11.2716308
Institut superieur de commerce,college,12.6246429,-8.0311122
BOLITOMO,school,13.0072562,-6.364325
KONI,school,13.0433948,-6.4580014
LOPEGUE ECOM,school,12.4963288,-4.8348885
DIBOLI [2ème C];DIBOLI [1er C],school,14.466884,-12.2027099
BANDIOUGOUBOUGOU,school,15.2105992,-8.7102355
KORERA KORE [2ème C],school,15.1365666,-8.9556865
NANANI ZANKA,school,12.743673,-4.7945067
ECOLE FONDAMENTALE BOGONI,school,12.783296,-5.5551343
Lycée Technique,school,16.7621285,-3.0079449
FOROSSO,school,12.699583,-5.3997394
NANANI DJIRE,school,12.7069821,-4.786348
SALAM ZAMBLALA,school,12.6602336,-4.9057769
TOUNTO [2ème C],school,12.7522498,-5.4089584
Ecole (A),school,16.2605581,-3.3956557
Ecole de Formation des Prestations de Santé de Gao,school,16.2901566,-0.0435608
AMBIDEDI R.D [2ème C].,school,14.5903134,-11.7506619
Lycée privé independant,school,12.5835738,-7.9727456
Guingal,school,14.1476986,-3.452629
Institut de Formation Proffessionnel Fama Daou,university,13.0396776,-9.4813292
Université Privée gemini management International,university,13.0428554,-9.4904174
Jardin public,kindergarten,13.0399716,-9.489972
TOUREA 1er CYCLE,school,12.3528839,-8.08223
KAKORO-MOUNTAN [1er C],school,14.1864429,-9.4998737
KAKORO-MOUNTAN [2ème C],school,14.1866745,-9.5000703
IRELI,school,14.4286389,-3.3118892
IRELI [2ème C],school,14.4289348,-3.3120021
École fondamentale Benena,school,13.1226967,-4.3744026
école mission Luc SANGARE,school,13.0285347,-9.4873434
Lycée Privée Fanta Kanté,school,13.2905084,-4.5882109
Centre SSAP de Worotona,school,13.4853017,-5.000535
école Privée le Savoir,school,13.0416082,-9.489345
Lycée françois holland,school,14.9337934,-3.888424
DIABIRA,school,14.3555618,-9.4004974
GOURDY,school,14.3922431,-9.4594924
KAÏMPO,school,14.259457,-9.4711209
LAMBIDOU [1er C],school,14.3159086,-9.5473835
LAMBIDOU [2ème C],school,14.3162821,-9.5475458
Chambre de Commerce et d'Industrie du Mali (Institut Consulaire et de Formation),college,12.6389906,-8.0330098
TechnoLAB - ISTA (Institut Superieur de Technologie Appliquée,college,12.6393333,-8.0327045
TechnoLAB - ISTA Annexe,college,12.6393056,-8.0316443
Ecole Normale d'Enseignement Technique et Professionnel (ENETP),university,12.6268323,-8.0294243
Ecole primaire de Soye,school,13.3083836,-4.0268594
Ecole primaire de Ba,school,13.3576849,-4.0238714
École franco-arabe NATEGUEBOUGOU,school,11.486221,-6.23045
MISSIRA SAMOURA,school,15.4852872,-8.8663954
KAÏNERA,school,14.4795316,-9.5306217
BAGUE,school,15.3782753,-8.7586292
MEDERSA KAÏNERA,school,14.4798952,-9.5313245
BASSAKA,school,15.2618496,-8.6186404
DINA,school,15.2376669,-8.5949641
AL AZAHARIYATOU DOROSSO,school,12.6655273,-4.6934887
DOROSSO,school,12.665702,-4.6934846
ECOM WOLON,school,12.6027078,-4.8707192
Lycée public de Kolondieba,school,11.1097619,-6.899687
école de Boumou,school,11.4740806,-6.784067
ISETIC De Ségou,school,13.4351424,-6.2457678
Chaine Grise,school,13.4186228,-6.2132675
École Were-Ba,school,13.5083834,-6.2783241
DENIMBOUGOU,school,13.2173007,-6.235235
Ecole fondamentale de Ména,school,11.524872,-6.8112834
Ecole,school,11.3381079,-5.245159
Complexe scolaire Madame Touré Lobo Traoré,school,11.57694,-5.705
madersa de siramana,school,11.594899,-5.7102714
Ecole fondamentale de Deh,school,11.6394219,-5.7866541
Ecole fondamentale de Zamblara,school,11.3696303,-5.7137087
ZANGASSO ECOM,school,12.6623931,-4.6006407
École Fondamentale Wakoro,school,12.9576785,-5.6926009
Unnamed School,school,12.8444536,-5.771397
institut vito s,university,12.5887495,-7.9949884
MEDERSA TIGUILA,school,13.169166,-5.303055
SANTORO II,school,13.2982268,-4.9008483
École Doura,school,13.9259887,-6.2108259
École Doura [2ème C],school,13.9261237,-6.2103056
BABA TRAORE A,school,14.0396006,-6.0638074
HAYATOUL ISLAM,school,14.0441825,-6.0615998
AHALIYA FINTIGUILA,school,14.1238343,-5.5742063
"Groupe Scolaire ""Mission Catholique""",school,11.3213038,-5.6747989
ECU ADAMAWERE,school,14.2069924,-5.9631115
CSTC,school,11.3319277,-5.6671758
CDPE de Dianso,school,13.1409881,-5.4159481
Mederssa,school,12.3806678,-5.4680725
Ecole fondamentale,school,12.3803114,-5.4692791
BENENA Pu B,school,13.1169118,-4.3650831
Ecole Fondamentale de Bara,school,15.8175623,0.3258188
MEDERSA TOUMIF TAHOUDINE DINTIOLA,school,12.6882516,-5.8149484
KOUSSANE,school,14.885307,-11.2332969
SABIL FALAHI [2ème C],school,14.8854548,-11.2335289
HIZIBOULAYE TIENKOUNGOBA,school,11.4622011,-6.576106
BAMANANTOUN,school,11.771062,-6.5156544
BOKUY-WARA,school,12.9837983,-4.7407833
KOUSSANE [2ème C],school,14.8852137,-11.2334954
Ecole Primaire,school,11.1176656,-6.5484919
Ecole Primaire,school,11.1176261,-6.5487199
Ecole second cycle A de Kafana,school,11.5190585,-6.1323479
Ecole fondamentale de Dougokolobougou,school,11.449545,-6.499081
Institut Wassa de Formation de Konobougou,school,12.9204446,-6.7515289
BOUMBOUMKORO,school,13.7899962,-5.6106293
YOLLO WERE,school,13.6575507,-5.6307445
TARABIATOU ISLAMIYATOU de FONFONA,school,12.67435,-5.6056
TIONSO,school,12.6286667,-5.6085167
École Togoba,school,13.2774148,-5.5584393
MEDERSA SOKOUNA,school,12.8290656,-7.2918973
DOSSOROLA,school,14.2045,-7.4876111
GOUENDO [2ème C],school,12.7941454,-6.3233049
Lycée Diakourana Toto de Konobougou,school,12.9164743,-6.7539448
Toutien,school,12.4592253,-7.5256472
Djimé,school,12.5014665,-7.3690903
Djime,school,12.5017409,-7.369125
DALIBOUGOU,school,14.3160117,-7.2690065
MALLO,school,14.2620188,-7.3015363
Lycée Public de Fana,school,12.7870914,-6.9443816
École primaire de Boidiè,school,13.2157644,-6.8677715
Jardin Alima Diakite,kindergarten,14.0408472,-6.0623476
Jardin d'enfants Alima Diakité,kindergarten,14.0410164,-6.0626158
DIYA OUDINE (KOSSA),school,12.7470546,-6.8749891
GOUAKOLOMBA,school,13.5939351,-5.8341699
SOUBLOU SALAM,school,13.3224655,-5.6382033
École coranique,school,12.3830331,-5.4762289
OUADIALA,school,12.6259,-5.5744333
BALLAN,school,12.8330232,-6.988218
DEGNEKORO,school,12.76195,-6.7832833
Second Cycle de N'tjilla,school,11.5077492,-6.5129051
Premier cycle de N'tjilla,school,11.5082171,-6.5117437
SAKOUNOU,school,13.7125072,-5.3529772
BOUGOUDIANA,school,13.3958493,-5.3716644
École fondamentale Yangasso,school,13.0741035,-5.3192753
KOROKOUNOU,school,13.638219,-5.3834282
N'GASSASSO [2ème C],school,12.7119667,-5.3468833
SOGRESSO,school,12.638333,-5.383888
TARIKOU NAJAHI,school,13.077122,-5.316185
Ecole de Dioro,school,13.6881197,-5.8247173
École Ballala,school,14.1112775,-7.0271466
KOUMARELA,school,12.6090833,-6.5334333
Groupe Fondamental Plateau II,school,12.709933,-7.4344439
Medersa Fougani,school,12.7549175,-7.2397978
École Fougani,school,12.7556065,-7.2356017
FOUGANI,school,12.7566667,-7.23655
École primaire de Djidian,school,13.1994241,-6.755913
École primaire de Toukoro,school,13.3567954,-6.7509739
1er cycle A 2 de Barouéli,school,13.0751275,-6.8354181
Ecole de Dougoukouna,school,13.370182,-6.3705212
ABDOULAYE CAMP B8,school,14.4810493,-5.9101407
Unnamed School,school,14.5489035,-5.8722192
Ecole Mary Keita de Diabaly,school,14.7208233,-6.0282669
1er Cycle de Kalake,school,12.9629042,-6.8536341
Centre SSA/P de Beyan,school,12.9989316,-6.8193364
École primaire de Tafalan,school,13.1578572,-6.7993101
École primaire de Koyan,school,13.2741788,-6.8030805
Mariam Dembele,school,13.4339691,-6.2297666
LYCEE ABDOUL KARIM CAMARA Dit CABRAL,school,13.4467306,-6.2439869
Lycée Kabral Ségou,school,13.4457339,-6.2425733
Tièkoura Coulibaly,school,13.4376915,-6.250484
"Tièkoura Coulibaly ""C""",school,13.4359156,-6.2501584
Ecole de N'Tominkorobougou,school,13.8798748,-6.1487107
Unnamed School,school,13.6767675,-6.0719056
Ecole Fondamentale Diamarabougou,school,13.6760932,-6.07213
Premier Cycle de Dougabougou,school,13.8160851,-6.1233303
Ecole Privée,school,13.8172493,-6.1205193
Madersa,school,13.8422339,-6.1478604
Unnamed School,school,13.822465,-6.1482467
École Terimambougou,school,13.4654086,-6.7870093
École Soutourabougou,school,13.5412717,-7.0368189
Etablissement scolaire Gavardo,school,13.4074065,-6.2217942
École de Sakoiba,school,13.3081584,-6.2791514
École Fondamentale de N'-guerefebougou,school,13.3937406,-6.2798756
Unnamed School,school,13.3928657,-6.3486292
ANNADJAHI WALFALAH de SOKE,school,13.5980241,-5.9397067
École Sagabougou,school,13.5,-5.985
Jardin Besago,kindergarten,13.4369738,-6.2481415
Jardin d'enfants,kindergarten,13.308013,-6.2796977
École Fondamentale de Boussin,kindergarten,13.5103819,-5.9378718
Institut Polytechnique de Ségou,college,13.4346024,-6.2449722
Ecole de Santé Salimata Dembele,school,13.4343023,-6.2648812
École Privée Papa Noël Dembele,school,13.434423,-6.2936812
Le Complexe Scolaire Amadjan Traoré,school,13.4071504,-6.3014919
Jean Dembele,school,13.4096112,-6.3151471
Ecole Publique II,school,13.4090111,-6.3173505
Groupe Scolaire Kota Wèrè,school,13.3035786,-6.7221456
Fignan,school,13.0556516,-7.3601645
Sonikoura,school,13.4273801,-6.2492898
Ecole de Santé le Serment,school,13.4305425,-6.2267552
Complexe Scolaire ESSEC,school,13.4283432,-6.2240069
École Privée Oumou Coulibaly,school,13.4294969,-6.2265392
Lycée Michel Allaire,school,13.4281541,-6.2589037
Ecole Privée d'Angouleme le Bon Berger,school,13.4282334,-6.2808893
Ecole professionnelle Agro Sylvo Pastorale,school,13.4295525,-6.2811931
Lycée technique,school,13.4286154,-6.3005136
IFM de Ségou,school,13.4269349,-6.3017428
Ecole de Santé Felix Houphouet Boigny,school,13.4268514,-6.2869799
Lycée Yoro Barry,school,13.4221084,-6.2139863
École de Santé Banan Kokoun de Pelengana (ESBK),school,13.4312113,-6.2179073
École Fondamentale Tiema Bah,school,13.4329681,-6.2087171
ESAP,school,13.4200473,-6.2160596
complexe Scolaire Marie Louise Berthé,school,13.4379444,-6.2179151
ADAMA DAGNON [1er C],school,13.443513,-6.2175854
École privée Fraanco Arabe RAHAMATOU LAYI,school,13.4197619,-6.2459065
Lycée Privé Franco-Arabe Ayanou Chamce,school,13.423877,-6.2293515
Lycée Privé Gama,school,13.4222494,-6.2789072
Unnamed School,school,13.4219388,-6.3078958
Lycée Privé Dialla Diarra de Ségou,school,13.4195497,-6.2796029
la Boussole,school,13.4118759,-6.317474
Group scolaire de sebougou,school,13.4190821,-6.3150882
MEDERSA NIAGANE,school,14.2607824,-9.7401387
NIAGANE [1er C],school,14.2619874,-9.7407603
NIAGANE [2ème C],school,14.2620699,-9.7412798
KOUMARENGA,school,14.3779433,-9.5592634
KOUMARENGA [2ème C]YCLE,school,14.3791218,-9.5595337
SINGONE,school,14.3720641,-9.6111046
Amadou Haya Boly,school,13.4352976,-6.2575842
Amadou Haya BOLY,school,13.4356002,-6.2577827
Lycée Poly-Technique Danki Maïga,school,13.4356146,-6.2760446
Complexe Scolaire Daouda Kote de Bla,school,12.9580989,-5.7608802
Ecole,school,10.9786463,-6.4990618
Ecole De Doubasso,school,10.8858695,-6.4845364
Complexe scolaire Lycée Privé,school,10.9733844,-7.4442054
BANANCORO [2ème C]YCLE,school,11.717234,-8.6743477
Ecole de \,school,11.8569466,-8.6221805
TEGUE [1er C],school,11.8021833,-8.60495
TEGUE [2ème C]YCLE,school,11.8021833,-8.60495
FARABADING [2ème C],school,13.2966833,-10.6257833
Ecole publique de Yirimadio,school,12.6149565,-7.9123857
Aminata Traoré,school,12.6275153,-7.8888441
Lycée Privé Mariam Samaké (L.P.M.S),school,12.5931895,-7.8686523
Lycée Boiba soumare,school,12.607497,-7.7724984
Lycée basile sow de Baguineda,school,12.6075395,-7.7721527
Lycée Basile Sow,school,12.6075965,-7.7723
Lycée Mari makan,school,12.6171175,-7.7787548
École Communautaire de Bakaribougou,school,12.6543033,-7.9721517
INASA,school,12.6681763,-7.9387037
Lycée technique le savoir,school,12.6691502,-7.942015
Lycée Coumba Sané,school,12.6698446,-7.9438019
BOFONDE CISSE,school,15.1393043,-8.4716165
FATAFING,school,13.3706,-10.2338667
Unnamed School,school,13.6874074,-10.5329649
École fondamentale Mercoya,school,13.9215383,-8.1961587
École Para Medical des 4 O,school,12.65326,-7.97575
Unnamed School,school,12.653485,-7.96875
Les Flambeaux,kindergarten,13.4096569,-6.3149419
Jardin D'enfants Assitan Coulibaly,kindergarten,13.4234903,-6.2453803
Ecole Privée Walia,kindergarten,13.4240208,-6.2810819
Unnamed School,kindergarten,13.4364559,-6.2549128
Baby paradi creche jardin d'enfant,kindergarten,12.6320689,-7.9153884
Maternité de Kassela,kindergarten,12.5914866,-7.6711154
IGLAM,college,13.4278731,-6.2714352
CERFITex de Ségou,college,13.4298099,-6.3079307
Décanat FAMA,college,13.4260849,-6.3023212
Blocs Masters,college,13.4253992,-6.3028114
AGIR_SUP,college,13.4199742,-6.2161294
Technolab ISTA,college,13.4160478,-6.2804031
Nadjim,college,12.6321698,-7.9366039
CEFIB,college,12.6509523,-7.9743876
Université Bazo,university,12.6525381,-8.0274063
Bleuets jardin d'enfants,school,12.665967,-7.9358115
Jardin d'enfants communautaire,school,12.6643963,-7.9457765
Ahmed Sékou Touré,school,12.6830635,-7.9340301
Ibrahim Baba Kaké,school,12.6507664,-7.9883933
Renaissance,school,12.6751814,-7.9367032
Privée Dian Mallé,school,12.6855021,-7.9409051
Lycée Mina Diarra,school,12.6803036,-7.9420881
Institut de formation Malado Traoré,school,12.6799049,-7.9423885
Jardin d'enfant Imam Sékou Traoré,school,12.6779413,-7.93893
Imam Sékou Traoré,school,12.6774864,-7.9390149
Centre Kankou Moussa premier cycle,school,12.6776638,-7.9395418
Centre Kankou Moussa Second cycle,school,12.6776981,-7.9396214
Franco Arabe Al Houda,school,12.6075317,-7.9825417
Unnamed School,school,12.6109873,-7.9814453
École Privée Deby Coulibaly,school,12.6123788,-7.9582717
Ecole privée SINIGNESIGUI,school,12.6193743,-7.9506623
Avenir Bamba (1er - 2ième ),school,12.6216741,-7.9628788
École Polytechnique de Santé,school,12.6098933,-7.957961
Magnambougou Projet A,school,12.6112013,-7.9540467
Groupe Scolaire Magnambougou Projet A,school,12.6110699,-7.9538831
TECHNO LAB,school,12.5902324,-7.9924348
Communautaire ADama Camara,school,12.5945659,-7.9905545
SABALIBOUGOU A,school,12.59342,-7.99393
Complexe scolaire Debougou Gnéry,school,12.5935819,-7.9580801
ECOLE LE DJENNE,school,12.5904776,-7.943567
École Privée Les Merveilles,school,12.6039988,-7.9253312
École privée la référence,school,12.6011146,-7.9237679
Complexe scolaire salimata,school,12.600982,-7.925729
École Privée Les Fourmis,school,12.6107557,-7.9681548
La Pomme Magique,school,12.6111498,-7.9659233
Unnamed School,school,12.6100576,-7.9664743
Lycee Gandiamory keita,school,12.612336,-7.9663714
Unnamed School,school,12.6124962,-7.9674115
École de Santé,school,12.6127787,-7.9681566
Complexe Scolaire Donya,school,12.6165232,-7.9638403
LPDM 1er& 2Cycle /DJORNE De Magnambougou,school,12.6146129,-7.9624422
Ecole Fondamentale Privée le Songhoï,school,12.6200308,-7.965854
Ecole Pratique de Gestion et Lycée Privée Badminton Sissoko,school,12.6057854,-7.9748545
Lycée La Chaîne Grise,school,12.6042627,-7.9718903
MICHEL ALLAIRE [1er C],school,12.6043357,-7.9757494
Unnamed School,school,12.6533311,-7.9277851
Ecole de Business Bilingue,school,12.6547362,-7.9321025
Privée Maïga,school,12.6701269,-7.9604135
École koumi,school,13.5184889,-7.96224
RACHAD [2ème C],school,12.6823833,-7.9631667
Maiga,school,12.6701267,-7.9604133
Alima Dembele,school,12.6848783,-7.9601784
TIESSAMANA KOME,school,14.3543458,-7.9677863
Denw Ba Djigui,school,12.596736,-7.947213
Lycée Lanterne,school,12.6021058,-7.9636827
Ecole coranique,school,12.5978648,-7.9783695
Lycée Agna Diakité,school,12.6191011,-7.9811612
Complexe Scolaire Saint Jean,school,12.6398204,-7.9781595
École sécondaire de Sangafara,school,14.0873666,-11.6720669
Ecole de Santé/Lycée Géorge,school,13.0360899,-9.4671444
BAGNAGAFATA,school,12.8854333,-9.80015
Groupe Fondamental Plateau II,school,12.8728,-7.5352333
École privée Sankaranka,school,12.5962496,-7.9217677
École privée Téné la Grande Mére,school,12.5996083,-7.9170343
MAMADOU THIAM,school,12.669,-7.9383333
SAFINTARA,school,14.8666477,-7.9262764
Adame Bah Konaré,school,12.6720295,-7.9569122
DIELIBOUGOU F,school,12.6674219,-7.9413183
Ecole Moussa Diallo,school,13.0279454,-9.4582267
DIELIBOUGOU [2ème C] I,school,12.6672651,-7.9414987
DIELIBOUGOU B,school,12.6673058,-7.9412719
DIELIBOUGOU E,school,12.6671438,-7.9410468
Jardin d'enfants Sogoniko 1,school,12.6058883,-7.9661717
École de santé / ESFK,school,12.6094695,-7.9645012
École Étoile Polaire,school,12.6100147,-7.9633036
Néné Koné,school,12.6881371,-7.96875
Centre de Formation Les Reussis,school,12.6071145,-7.973043
Les Sissettes,kindergarten,12.6160515,-7.964897
Les Kadettes,kindergarten,12.616023,-7.9640016
Les petites étoiles,kindergarten,12.6172783,-7.9668409
École Maternelle Les Oursins,kindergarten,12.6079582,-7.9725523
Creche Maternelle Nfaly Sacko,kindergarten,12.6025944,-7.9166344
Jardin d'Enfant Thiam Théra,kindergarten,12.5970267,-7.9173664
Unnamed School,kindergarten,12.6084126,-7.9658281
"Jardin d'enfants""les pigeonneaux""& Ecole fondamentale/cheickné A.H.ALLAH",kindergarten,12.6127883,-7.9652851
Institut Zayed Des Sciences Économiques et Juridique de Bamako,college,12.6078415,-7.9874585
Laboratoire Hommes Peuplements et Environnements,college,12.6135601,-7.9899878
Centre de cours Preparatoire pour les Classes d'Examen (CPCE),college,12.6196602,-7.9610319
UNIGDD,college,12.6078702,-7.9760115
Groupe Scolaire FIDAMA et Jardin Aïcha,school,12.6042533,-8.0098517
Complexe Scolaire Trilingue Diaty Keïta,school,12.60445,-8.01072
Centre Galssine Mama,school,12.6042318,-8.0041084
Lycée Technique Sékou Aly Nadio,school,12.6042318,-8.004117
Groupes Scolaires les Étoiles,school,12.6040802,-8.0030212
Privée Manding,school,12.6048033,-8.0037833
Collège Aminata Dramane Traoré,school,12.6038866,-8.0018187
Les Impactes du Christ Sabalibougou,school,12.5975307,-8.0051776
Ecole Privée Complexe Mahamane Kantara,school,12.6193308,-8.0334302
Complexe scolaire et préscolaire,school,12.6244482,-8.0316693
Lycée Dagaba Sangaré,school,12.6063004,-8.0047636
Médersa Ben Khatabe,school,12.6057367,-8.0050883
école fondamentale de Torokorobougou,school,12.6074134,-8.0072981
Medersa,school,12.6076761,-8.0094612
Médersa Hassane Cissé,school,12.6083117,-8.0099831
CFTP,school,12.6060368,-8.0085054
Lycée Les Castors,school,12.6128168,-7.993031
École de la paix,school,12.6146803,-7.9926767
Centre d'analyse et de recherche de l'espace sahelo-saharien,school,12.6278288,-8.0190974
Ecole fondamentale M'bamakan Damba,school,12.6272,-8.02021
Ecole Fondamentale Capitaine Sylla,school,12.618973,-8.0227017
Mamady Sylla,school,12.619355,-8.0231817
Jardin d'enfants '' les papillons'' du camp para,school,12.6207843,-8.0245098
Ecole fondamentale Batenin Soucko,school,12.6155,-8.02467
Niomi,school,12.6552267,-8.0290717
Lycée Famolo coulibaly,school,13.5893798,-8.0425497
École CFTPK,school,13.5881953,-8.0414278
2nd cycle Kolokani,school,13.5850782,-8.0371976
Unnamed School,school,13.0715592,-8.0365806
Ecole agropastorale de Banambani,school,12.7963304,-8.0302874
Ecole public Bambougou,school,12.7940751,-8.0385026
École fondamentale Kolokani,school,13.5715075,-8.0353188
ALASSO,school,14.9250555,-8.0220849
TIENKOULOU,school,13.1448167,-7.8625833
KENEKOLO,school,13.1325333,-7.8888
Jardin d'enfants Massantola,school,13.4939297,-7.8019885
École safinèbougou,school,13.50018,-7.8948774
École Somabougou,school,13.4296671,-7.839152
DOSSOROLA,school,13.4384333,-7.7379833
Ecole Belenico,school,13.6418273,-7.8901412
KORONGA,school,15.3336471,-7.612061
Médersa,school,12.6716681,-7.9348536
DIELIBOUGOU A,school,12.6674262,-7.9408752
ecole de k,school,12.6601419,-7.9186294
Unnamed School,school,12.6511138,-7.9919403
Complèxe Scolaire Baara,school,12.6593999,-7.9882624
CFP MÉTALLIQUE,school,12.6580601,-7.9905021
École privée Bah N'gnélé Diarra,school,12.6935597,-7.9503368
Ecole Privée Bientôt (1er-2ième cycle),school,12.6210786,-7.9605481
Griupe Scolaire - Magnambougou B,school,12.6184893,-7.9573599
Ecole Privée le Songhoi,school,12.6205522,-7.9578137
Ecole Sonikara (3ième année),school,12.6202115,-7.9626529
Complexe Scolaire Les Ecureuils,school,12.6197608,-7.9644071
Lycée Cooperative Magnabougou (LCMAG),school,12.6194407,-7.9642431
École Koukia,school,12.6044476,-7.9530491
Safi,school,12.592165,-7.9907832
Ecole maternelle Les Angelots,school,12.6060657,-7.9993878
Ecole Privée Destin II,school,12.5970059,-7.9442156
Groupe Scolaire Siaman Bakayoko,school,12.5998833,-7.9433867
Lycée Biya,school,12.5921485,-7.952562
BOULOL TOUROUME,school,15.29835,-7.9865333
Lycée Technique de Bamako,school,12.6544656,-7.9973573
LYCEE FRANCAIS LIBERTE 2,school,12.6597244,-7.9975688
Ecole Publique de Darsalam,school,12.6546828,-8.0061123
E.C.I.CA,school,12.6548974,-7.9964587
Conservatoire des Arts et Métiers Multimédia,school,12.670866,-7.9983947
Complexe Scolaire Coumba Keita,school,12.65627,-8.0135728
École Privée Le Vivier,school,12.6321641,-7.9149256
École prive Zoumana Dembele,school,12.6297973,-7.9156373
Medersa de Doumba,school,13.1056757,-7.6120838
Diogo,school,12.8273477,-7.7925355
École,school,12.6498624,-7.9549686
Maternelles crèche jardin d'enfant,kindergarten,12.6217908,-8.0347075
Unnamed School,kindergarten,12.6151825,-7.9913065
Ecole& Jardin D'Enfants /Mamou Diallo,kindergarten,12.6109602,-7.9595931
Institut des Hautes Etudes Professionnelles,college,12.6100989,-8.0040317
Université Africaine Moderne,college,12.6236829,-8.0281127
École de Formation Sanitaire,college,12.5926197,-7.9512142
Institut National de Formation en Sciences de la Santé,college,12.6593359,-8.0127507
Faculte de Pharmacie,university,12.6704037,-7.9952282
Ecole priveBastan,university,12.6305132,-7.9156923
Ecole privée college horizon,school,12.6246824,-7.9857775
N'TJILLA SAGABALA,school,14.2471167,-7.9035
Institut Universitaire privée Talibi,school,12.6740284,-7.9168148
Lycée Talibi Sanogo,school,12.6733179,-7.9171066
Jardin d'enfants communautaire,school,12.6755167,-7.9232783
Groupe Fondamental Plateau II,school,12.7938167,-7.6721667
Medersa Cherifla,school,12.686091,-7.9627073
Lycee Badara Toure,school,12.6824809,-7.963523
Ecole fondamentale,school,12.6975542,-7.9608159
MIGNAN BAGAYOKO,school,12.68625,-7.9598667
Médersa franco arabe,school,12.6863337,-7.9665818
Groupe Fondamental Plateau II,school,12.9479833,-7.7037333
Collège Abdoul Karim Konaté,school,12.6285592,-8.0433266
Ecole Saint Kizito,school,12.6299443,-8.0407272
el Hadj Birama Traoré,school,12.6305638,-8.0409363
Ecole fondamentale,school,12.6307726,-8.0411348
Complexe Scolaire Dianguine Coulibaly,school,12.6321115,-8.0384617
Centre de Langues,school,12.6281523,-8.0357113
Unnamed School,school,12.6448202,-8.0239409
Ecole Maternelle (Kirikou),school,12.6386866,-8.03279
Lycée Hexagone ACI 2000 (CFIF),school,12.6351751,-8.0325141
Ecole fondamentale Ousmane Sidibé,school,12.6351,-8.03281
Lycée Elite,school,12.6331109,-8.033315
Ecole privée Mami-Bel 1er cycle,school,12.6328994,-8.0356289
Ecole privée Mami-Bel 2nd cycle,school,12.6324021,-8.0354714
Université MANDE BUKARI,school,12.6315782,-8.0328305
Lycée de filles (École d'Amitié Turco-Malienne),school,12.6395949,-8.0278744
Mariam Sidibé,school,12.6587033,-8.0405817
Ecole Privée N'Tji Traoré,school,12.6664632,-8.037938
Platon II,school,12.6568203,-8.0244637
Centre de formation des Collectivités territoriales,school,12.6836826,-8.0083912
Unnamed School,school,12.6411901,-7.9922418
Unnamed School,school,12.6464,-7.9865483
Jardin d'enfants la maison du Savoir,school,12.6463604,-7.9865198
Groupe Fondamental Plateau II,school,12.8762001,-7.5637431
Soleil levant,school,12.680458,-7.9675713
Maridié Diarra premier_second cycle,school,12.6798496,-7.9557981
Badenya kalanso Franco-Arabe,school,12.6783218,-7.9572215
Jardin d'enfants INA Salimata,school,12.6763582,-7.9634285
"Synergies Éducation Jardin d'enfants 1er cycle, lycée",school,12.6639814,-7.945715
DIELIBOUGOU [2ème C] IV,school,12.6668163,-7.9414612
LYCEE BILALY SISSOKO (LBS),school,12.6576983,-7.971875
Jardin communautaire,school,12.6610899,-7.9613466
Unnamed School,school,12.6620074,-7.9729961
Complexe Scolaire Talibi,school,12.6047856,-7.9247039
Jardin d'enfant du Monde,school,12.6084299,-7.9409566
Établissement scolaire Les Ecrivains,school,12.6428338,-8.0138736
Institut technique Don Bosco,school,12.643643,-7.9787183
Saint Kizito,kindergarten,12.6300753,-8.0405273
Maternelle Yusuf Sarica,kindergarten,12.6378461,-8.0275401
Unnamed School,kindergarten,12.6389211,-8.0265547
Best Of Kids,kindergarten,12.6631043,-7.9505329
Campus FAST,college,12.6167877,-7.9842603
Centre de Droit Bancaire et des affaires,college,12.6391902,-8.0314753
TechnoLAB - ISTA Annexe I,college,12.6381138,-8.0330354
Centre Tolonso,college,12.6677518,-7.969791
Unnamed School,school,12.6252563,-7.9884468
Lycée HOGON,school,12.620225,-7.9962168
Fondamentale les Martyrs,school,12.6199417,-7.9962182
Complexe Scolaire le Nid du Succès,school,12.6815147,-7.9255533
Centre formation coupe couture,school,12.7151705,-7.9706577
Groupe Fondamental Plateau II,school,12.8323803,-7.6074585
Tenezana,school,13.0168931,-7.9887679
école Mission de Kita Second cycle,school,13.0272673,-9.4877773
Groupe Scolaire BCG 2e cycle de kita,school,13.040229,-9.4861183
Groupe Scolaire Karamoko Sangaré,school,12.6458368,-8.0178013
Lycée Joseph Ki Zerbo,school,12.6177105,-8.0394163
Complexe Scolaire Giges LT Faudec,school,12.6173916,-8.0390387
Lycée Beydi Konandji,school,12.6202647,-8.0376159
Complexe Scolaire Mohamed V,school,12.6003666,-7.947145
Publique Banankabougou I,school,12.6030188,-7.9493184
Jardin d'enfants les jumeaux,school,12.6029835,-7.9458432
DAOUDABOUGOU ''A'',school,12.6036064,-7.9795522
Tiéba,school,12.605465,-7.9810183
Bahawa Christine Bagayogo,school,12.6031618,-7.9814982
Centre de Formation Cheick Modibo Diarra,school,12.6070165,-7.9712714
IFM (Institut de Formation des Maitres),school,11.3386655,-5.6645312
Ecole Fondamentale de Sakoro,school,11.5228136,-7.6129541
IMPB-CETI,school,11.4173142,-7.4968439
Ecole Fondamentale,school,11.4318471,-7.4892694
Unnamed School,school,11.3854094,-7.2511496
S AB Santao,school,16.762508,-2.999411
Ecole,school,16.7644684,-2.9918137
1er Cycle public,school,11.7504958,-5.9486066
MOHAMED ELMOUZER AG BAKO (BANCOMA),school,16.8081821,-2.0564206
HETEC,college,12.6224867,-7.9868806
Institut Islamique,college,12.6181906,-7.9904053
Société Internationale de Linguistique,college,12.6204171,-7.9986069
UIP ST,college,13.0400787,-9.4800646
ROSEY ABANTARA,college,12.6077998,-7.9461818
Institut Supérieur d'informatique et de Management,college,12.6228344,-8.0354926
Centre de Couture,university,13.0379648,-9.483078
Complexe Scolaire Baba Bathily,school,12.5802765,-8.0121346
Les Fontanelles,school,12.578723,-8.0107212
Ecole Privé,school,12.5914611,-7.9442446
Lycée Kinza Sidibe,school,12.639547,-8.0395434
Ecole Privée Mamadou & Bineta,school,12.6092794,-8.0527827
CFTQ Centre de Formation Technique,school,12.6503607,-7.9805495
Centre Sabil-Houda,school,12.5811882,-8.0074853
Centre Sabil-Houda,school,12.5813442,-8.0075652
Ecole des 1008 logts,school,12.579146,-7.9328676
Centre de Formation Technique Szcondaire,school,12.5889811,-7.9876694
Institut Africain de Formation en Santé et Environnement,school,12.6084741,-7.9750569
Les Savoir,school,12.5925512,-8.0305347
Complexe Scolaire les Savoirs,school,12.5925512,-8.0305347
École privée Bothie Samake,school,12.5817556,-7.9427957
Complexe Scolaire Boubacar Tigana,school,12.5608061,-8.0313013
École Étoile,school,12.5915835,-8.0277198
DAR HADIS de YOROBOUGOULA,school,10.9155833,-8.0028
Ecole privée Campola,school,12.5747333,-8.0301346
Groupe Scolaire,school,12.6437485,-8.0209617
Groupe Scolaire Maria Diarra,school,12.6445065,-8.0199537
Cours de Jeanne D'Arc,school,12.6468833,-7.9981983
SABALIBOUGOU III,school,12.59342,-7.99393
TATA [1er C],school,12.59141,-7.99831
École franco-arabe Siradjou et El Mounir la lumière de l'islam,school,12.562421,-8.0280375
Lycée Privé Amadou Hampathé Ba,school,12.5587057,-8.031318
École de Santé Keneya Sira,school,12.5458573,-8.0344799
Ecole prive franco-arabe,school,12.5361264,-8.036896
Samba Ramata,school,12.5367517,-8.0379317
École Privée Wassa Sangaré,school,12.5378864,-8.0378854
Samba Ramata 1er cycle,school,12.534901,-8.0382572
École privée la forge,school,12.5370168,-8.0263441
École Privée Boize Diarra,school,12.5980549,-7.926422
École privée Ba seydou Traoré,school,12.5963731,-7.9255132
Complexe scolaire Babemba,school,12.5970497,-7.9242732
Relais des Mamans,school,12.5920634,-7.9330038
SABALIBOUGOU B,school,12.59342,-7.99393
SABALIBOUGOU D,school,12.59342,-7.99393
KORIN,school,11.46905,-7.994
École Fondamentale Les Petits Biasson,school,12.5827787,-8.0034358
Groupe Scolaire Privé Aisse Ahmadou Sangare,school,12.5825958,-8.0051112
Groupe scolaire Tiemoko Donki Diarra,school,12.5800892,-8.0032816
Jardin d'enfants Iqraa,school,12.5819454,-8.0023966
Jardin d'enfants,school,12.5817003,-8.0015516
Complexe Scolaire Lanséni Sountoura,school,12.5768118,-8.0034218
Complexe Scolaire Bianso Dembele,school,12.5773895,-8.0052741
École Envol N'Dônysso,school,12.574262,-8.0062813
Groupe scolaire et Lycée Montesquier,school,12.5733581,-8.0041087
ECOLE SANTE PLUS,school,12.5775174,-8.0134824
Lycée Moderne de Kalaban,school,12.5766552,-7.9892986
LYCÉE MARLIDEM,school,12.5805146,-7.9879436
Ecole de Santé Kala Diata,school,12.5864759,-7.9967232
Ecole de Santé Felix Houphouet Boigny,school,12.5782017,-8.0001745
Ecole Excellence,school,12.5758702,-8.0003154
Lycée moderne Adiara,school,12.5826635,-7.9992552
Lycée Privée du SUD,school,12.5694317,-7.991875
Lycée Moderne Les Savants,school,12.5674841,-7.9898916
complexe scolaire hannata,school,12.5674146,-7.9899376
École Franco-Arabe,school,12.5714416,-7.9926089
Jardin d'Enfants Mah Bell,kindergarten,12.57825,-8.0073596
Jardin d'enfant,kindergarten,12.5788812,-7.9330439
Unnamed School,kindergarten,12.5723135,-7.9961854
Ecole de Santé Banan - Kokoun,college,12.58356,-8.02004
institut de formation,college,12.4896574,-8.0398048
CPI,college,12.5722482,-8.0353568
École Fondamentale Publique Issa Bocar Ballo,college,12.5555819,-8.0235228
Faculté de Droit Privé,university,12.6083191,-7.9897219
Fondamentale Réveil,school,12.5751219,-7.9776535
Fondamentale Dramane Doumbia,school,12.5795269,-7.9782219
Médersa,school,12.5793233,-7.97976
Groupe scolaire Faladiè socoro,school,12.5868306,-7.9667214
École privée Alikaou Blen 2nd cycle,school,12.5888033,-7.96079
JARDIN LES DE,school,12.59305,-7.9715289
Lycée Dramane Doumbia,school,12.5729132,-7.9791498
UFTI,school,12.5700089,-7.9810642
Complexe Scolaire Laïque,school,12.5686951,-7.9856339
Lycée privé SABABOU de Kalaban Coura,school,12.5716691,-7.9844651
Lycée Ba Rokia,school,12.572835,-7.9835849
KEMOGOLA[1er C],school,11.6555833,-7.9887833
SYENTOULA ECOM,school,11.6089214,-7.9855724
Ecole privée Kaarta,school,12.5325484,-7.9923926
École de Formation des infirmiers et TSSS,school,12.55021,-7.98754
Lycée privé case,school,12.5536697,-7.9932626
SOUWA AMADOU,school,12.5573034,-7.9927554
Jardin d'enfants ONG ACVF,school,12.561573,-7.9849081
COSMOS,school,12.5573788,-7.9828582
Jardin d'enfants les echos,school,12.5653514,-7.9848425
Les Échos,school,12.563418,-7.9846179
École Privée Ba Oumou Modibo,school,12.5652993,-7.9898083
Complexe Scolaire Foulani,school,12.563447,-7.9943438
Maflani,school,12.563447,-7.9943438
L'ecole juca kala,school,12.5866015,-7.972462
Faculté de Théologie et de Missiologie Évangélique du Sahel,school,12.587238,-7.9696402
Lycée Public de Niamakoro,school,12.5715133,-7.97512
Unnamed School,school,12.5775387,-8.0219789
Baara,school,12.5760269,-7.9607902
Groupe scolaire bouyagui diarra,school,12.5794115,-7.9718491
Medersa,school,12.4797817,-7.9867119
Ecole Publique de Missala,school,12.4841501,-7.9915747
Bakary Traoré,school,12.5097466,-7.9235816
Fondamentale Keïta,school,12.5749388,-7.9635167
Montesquieu,school,12.5733442,-8.0040155
Ecole Privée les 4S,school,12.5653105,-8.0054122
ecole prive simbo keita,school,12.5633523,-8.006351
La Rigueur,school,12.5635485,-8.0015933
Ecole Danayaso,school,12.5585525,-7.999384
Centre d'Etude de Formation en Informatique et Statistique CEFISTA,school,12.5481886,-7.9994695
Clémentine 2ème Cycle,school,12.5510733,-7.9998534
Lycée Privée Samou Bagayoko(LPSB),school,12.5530599,-8.0004562
Jardin d'enfants Clémentine Traoré,school,12.5510773,-8.0002743
Complexe scolaire Alou Koné,school,12.5440635,-8.0127215
École Tremplin,school,12.5390012,-8.0120909
Ecole publique Kabala-Est,school,12.5196458,-8.013311
Unnamed School,kindergarten,12.5570016,-7.9904254
Jardin d'enfants Seydou Togola,kindergarten,12.5192204,-7.9959266
Jardin d'enfants Sidy Sow,kindergarten,12.5165629,-7.9955391
Jardin d'enfant Aminata Coulibaly,kindergarten,12.5741028,-7.9974689
Starlette,kindergarten,12.5818132,-8.005873
Lycée Privée Brico,college,12.5578531,-7.980933
Centre de Formation Banana Samake,college,12.5688447,-8.0025282
Institut de Formation Proffessionnel Cheik Modibo Diarra,college,12.562292,-8.0009705
ECOLE ECOTEC,university,12.5720163,-7.9841193
École privée Alikaou Blen 1er cycle,school,12.589013,-7.9585752
Lycée du Progrès,school,12.5882351,-7.9571413
École Nour Kountié,school,12.5877292,-7.9544811
Lycée Excellence,school,12.5846953,-7.9553943
SOGOU,school,14.74,-3.007
Guru Anaye I&II,school,14.0608688,-3.0848285
College Transitoire Taodani,school,16.7516808,-2.9995801
Unnamed School,school,16.8407969,-2.5151268
DIEOURA,school,14.3026086,-9.8486102
MADINE BAMBARA,school,14.3217075,-9.7512836
MEDERSA AHLOU SOUNAT DIEOURA,school,14.299405,-9.8543696
MEDERSA DARCOURAN DIEOURA,school,14.3029425,-9.8538199
Hegire Tomboctou,college,16.755523,-3.0007338
Institue universitaire Ouagadou,school,12.6291098,-8.0342711
MEDERSA de DIAKALY,school,14.3152884,-9.8869552
Aisso II,school,16.7718552,-3.0111946
Second Cycle Allimame Ben Essayoute,school,16.7713052,-3.0108911
Ecole Mahamane Alassant Haidara Tombouctou,school,16.7739975,-3.0106308
DIEOURA,school,14.3033159,-9.8487807
GORY [1er C],school,15.1077,-10.7624833
LASSANA,school,13.9164333,-10.4891333
Médersa,school,14.6374468,-11.92403
DIGOKORY,school,14.6750771,-11.9989814
Médersa,school,14.5850158,-11.7917821
Médersa,school,14.6055167,-11.8614873
Ecole de Dialaka,school,14.6388023,-10.8131432
SAORANE [1er C],school,14.3232333,-10.8148
SAORANE [2ème C],school,14.3232333,-10.8148
Ecole,school,14.5762023,-11.6748351
DA-AWATOUL ISLAMIYIATOU:Kersignané/DI [2ème C],school,14.992001,-10.985188
SANSANKIDE [2ème C]YCLE,school,14.4248667,-9.9610833
DAKASSENOU [2ème C],school,14.293525,-12.0201923
Complexe Scolaire Dallaba Kayes,school,14.4343529,-11.4422634
Unnamed School,school,14.4307779,-11.4597164
Jardin d'enfants de Dianguirde,kindergarten,14.4947,-9.0136683
creche maternelle,kindergarten,14.4515405,-11.4635691
Creche,kindergarten,14.4337755,-11.4373041
Unnamed School,kindergarten,14.435018,-11.4336457
Unnamed School,kindergarten,14.4268511,-11.4372316
CHARACK,school,14.8879167,-11.1578333
SABIL FALLAH,school,14.88525,-11.2334833
FATOLA [2ème C],school,14.35825,-11.3121667
N'Dotan 1er Cycle,school,13.8668757,-8.1637813
Kondiobougou 1er cycle C,school,13.818702,-8.1543623
Ecole Torokorobougou,school,13.7938409,-8.2129076
KERSIGNANE - K [2ème C],school,15.3980296,-10.1659536
KAMICO,school,14.7789493,-9.1722675
Samantara,school,14.2508167,-8.3863667
Complexe Scolaire,school,14.4301977,-11.4575486
Ecole publique des 3 makana,school,14.635906,-11.9212561
Medersa,school,15.1328878,-10.7264328
Medersa,school,15.1234655,-10.7369819
DA-AWATOUL ISLAMIYIATOU:Kersignané/DI [1er C],school,14.991933,-10.9851887
Groupe Scolaire Legal Segou,school,14.4486059,-11.4413924
Yeleen Kayes,school,14.4475792,-11.438849
Sabil El Falah Fanga,school,15.0044167,-10.4142667
Centre de Formation Agro pastoral de Kayes,school,14.4462632,-11.4066928
Complexe scolaire la Diaspora,school,14.4621794,-11.4206423
Ecole privée Djitoumou et Lycée Privé Louis Pasteur,school,14.4336568,-11.4575306
Ecole Privée Aimée Cesair,school,14.4357491,-11.4566615
"Groupe Liberté I, II, III",school,14.4404675,-11.4400882
Ecole Catholique privée,school,14.4385807,-11.4385543
Medersa Abou Bakr Siddik,school,14.4323273,-11.4403961
Médersa,school,14.6042481,-11.843597
Médersa,school,14.5982459,-11.8070426
MEDERSA de SIMBY,school,14.90695,-9.6784167
Ecole de Lambatra,school,14.638693,-10.7014293
Ecole de Lambatra,school,14.637328,-10.7017913
AL DAYATOU ISLAMIYATOU SOUENA [1er C],school,15.1871167,-11.7841
SABIL EL HOUDA OUOLOGUELA ([1er C]),school,14.9206711,-10.8015836
OUOLOGUELA,school,14.9206651,-10.8015826
Ecole Franco-Arabe,school,14.4389349,-11.4580214
College Boubou Sow,school,14.4324189,-11.4338953
HIDAYATOU AL ISLAMIATOU:Kersignané/D II,school,14.9919667,-10.9851833
Complexe Scolaire Dallaba Kayes,school,14.4531999,-11.4429501
Ecole Prof/Boubou,school,14.431529,-11.4263945
medersa,school,14.842764,-10.7466947
DINGUIRA ALMAMIYA,school,14.1739833,-11.2388167
DAROUL COURAN ET HADITH:DIAKADROMOU [2ème C],school,15.0284783,-10.8927071
NOUROUL YAKINOU AMEDIKEOU,school,15.0721167,-10.9757667
Complexe scolaire Hawa Sakiliba,school,14.4268147,-11.4373013
Ecole Fanta Mballou,school,14.4279098,-11.4368631
KERSIGNANE-DIAFOUNOU [2ème C],school,14.9919492,-10.9851813
NOUR YAKINE : DOGOFIFIRI I ([2ème C]),school,15.0124909,-10.9416147
DAROUL COURAN ET HADITH:DIAKADROMOU [1er C],school,15.0284628,-10.8927084
INTEC,school,14.4422269,-11.4315556
SONIA ELLIAS_ Franco-Malienne,school,14.4520207,-11.455307
Unnamed School,kindergarten,12.594132,-8.0297767
Ecole fondamentale,school,14.4376801,-11.4353784
Ecole fondamentale de plateau second cycle,school,14.4377176,-11.4329167
Ecole Khasso II,school,14.4396753,-11.4212953
Baydi Kane,school,14.4364482,-11.4331307
ALTAQWA BANKASSI,school,14.92165,-10.7890333
GUIFFI,school,14.9120162,-10.8424634
MEDERSATOU FIRDAOUSSOU GUIFFI,school,14.9119696,-10.8424661
DIONGAGA [2ème C],school,15.0755537,-10.8793966
NOUR ISLAMIYA DIONGAGA ([2ème C]),school,15.0755385,-10.8793973
Gaston Dofinibé Traoré,school,12.593925,-8.0152233
Moderne Dembelé,school,12.5955048,-8.0156546
Teriya,school,12.5996599,-8.0176783
Éducateur,school,12.5958786,-8.0251083
Arc-en-ciel,school,12.5942497,-8.0297632
Baobab,school,12.5955534,-8.0297165
Yelekebougou [1er C],school,12.9740869,-8.0424523
SEGUE,school,14.10375,-8.0372167
Unnamed School,school,15.3749491,-11.4750946
NAYE PEULH,school,14.3716557,-12.1209146
Kanton,school,10.6022039,-5.9094166
Kalifa Diassa ASC,school,10.6449158,-5.5417655
Complexe Scolaire Wassa,school,12.6014483,-7.9865233
Médersa Al Kawsar,school,12.6052967,-7.98554
Unnamed School,school,12.6049747,-7.9857216
Complexe scolaire Mary Saint Clair,school,12.6296311,-8.0303413
Franco-Arabe Niéta Sira et préscolaires,school,12.5938253,-8.0219288
Complexe scolaire Dunia,school,12.59734,-8.0206414
Mamadou Dembelé,school,12.5968781,-8.02666
La promesse,school,12.603055,-8.0280704
Maternelle et Primaires les Rabats,school,12.6027298,-8.024333
Préscolaires les espoirs des parents,school,12.6009998,-8.0328646
Lycée BaNassou,school,12.6364853,-8.038929
Lycée Samba Soumaré,school,12.636075,-8.043975
HOREGNIWA,school,14.9388833,-11.6866333
KEROUANE [1er C].;KEROUANE [2ème C].,school,14.3283902,-11.2630044
École primaire de Néma,school,14.9765333,-11.10015
KAMATINGUE,school,15.0846324,-7.9828479
SIRAMANE PEULH,school,15.2166907,-8.0493147
NIAGNELA-DIAFOUNOU,school,15.0873601,-10.8674316
GAKHE FILY ET LEE SARAKOLE,school,15.14205,-10.8728833
KARDIDI,school,15.1833833,-10.9701833
DOUENTZA A,school,15.00177,-2.95375
DOUENTZA B,school,15.00212,-2.95212
DOUENTZA [2ème C] III,school,15.00239,-2.95409
DOUENTZA ''G'',school,15.00065,-2.95366
École Coréenne,school,12.5912545,-8.0273615
TAHIROU CISSE 1er Cycle,school,14.45648,-4.91382
Groupe scolaire Amadjan Traoré,school,13.4069635,-6.3014897
SONKY,school,13.7101934,-9.97052
Unnamed School,college,12.6279456,-8.0355898
ESIAU-MALI,college,12.6509424,-8.0145854
ÉCOLE HOREGNIWA,college,14.93821,-11.6840883
TIEFINGBOUGOU,school,15.0318688,-8.2035168
Ecole primaire,school,14.1188576,-2.1172123
NAFADJI SEFETO [2ème C],school,14.0285176,-10.1450661
École Siramisse,school,14.0628525,-10.0652488
École Sougouba,school,13.7315276,-4.8817372
Unnamed School,school,16.3918501,-3.3096897
École Dialakoro,school,13.0172387,-7.7592948
BIRAFARA,school,13.9415742,-10.3443304
École Seribougou,school,13.0699055,-7.5425948
École Sirable,school,13.0818608,-7.5293989
Groupe Fondamental Plateau II,school,12.9254353,-7.6482676
Ecole d'ANAGADIA,school,14.3567041,-2.9346639
Tiémoko Sangaré,school,12.64993,-8.0109717
Groupe Scolaire Dravéla,school,12.6437321,-8.0050135
Groupe Scolaire Wolofobougou,school,12.6495304,-8.010478
École Gouenzena,school,13.5281342,-7.9883718
École Koroma,school,13.3475833,-7.5557667
École Katiola (Sirakorola),school,13.3547156,-7.5783506
Unnamed School,school,14.2212794,-5.9771255
Ismaëla Diawara,school,12.6516983,-7.9832483
Complexe Scolaire Madala Kouma,school,12.6453783,-7.9806983
Unnamed School,school,12.6306134,-7.9207726
École primaire de Mahina,school,14.8295833,-11.10625
DOUABOUGOU,school,14.2183833,-7.9829
SABOUGOU,school,14.9854159,-7.5514484
École Kalankoulou,school,13.2745667,-7.5920833
Lycée yaya Ballo,school,11.8596547,-6.0173428
MAYODAN,school,13.9722618,-10.3358584
Complexe Scolaire INEMA,college,12.65274,-7.984465
Jardin d'enfant Olympe Africa,kindergarten,12.5926583,-7.946822
Unnamed School,school,15.0261175,0.7536267
2 cycle de Kalakè,school,12.9630059,-6.8547432
Ecole primaire de Birgondogo,school,13.6330191,-2.8581324
Ecole de Nampossela,school,12.3328852,-5.3450793
MADINA (KONTELA),school,14.0664913,-10.3841507
Unnamed School,school,12.6008745,-7.8426
DIABOUGOU,school,14.0591364,-10.4110057
GOUMIRA,school,14.0845079,-10.3851477
GASSAMBARO,school,15.3743678,-8.2883666
KARANGUIMBE,school,15.2990574,-8.2996728
Ecole de Irebane,school,14.6681674,-3.1068264
Ecole de Bamba,school,14.6460472,-3.1117106
Médersa Franco arabe,school,12.5856,-7.984105
Lycée Abba Cissé,school,16.7623622,-3.0108543
Ecole ABBA Cissé Primaire,school,16.7629214,-3.010596
Lycée Franco-Arabe,school,16.7718348,-3.0041062
EPP Lougouani,school,10.1990333,-6.12075
GOUNDARA,school,14.0375456,-10.3672273
GOUNDARA SC,school,14.0372503,-10.3674295
TOUNGAKOURA,school,14.0433858,-10.4250886
Ecole de Santé Rougouyatou Diallo,school,12.6450831,-8.0341468
Medersa,school,14.5936267,-11.8090864
Complexe scolaire hadja assitan,school,12.5802325,-7.9657604
Ecole privée honronia,school,12.5862796,-7.9729374
Ecom Modji,school,14.8798333,-11.1033
Institut des Hautes Etudes en Management,college,12.6284586,-8.0335634
Ecole de Santé Bouctou,college,12.6051338,-8.0475154
Unnamed School,school,12.586436,-7.9722591
Ecole privée,school,12.5924515,-7.9796617
Kayira,school,12.595132,-7.9870351
Ecole de santé farouk,school,12.586433,-7.9729445
Franco- Arabe,school,12.5940106,-7.9868681
école teneman samake,school,12.5864387,-7.9723652
AEBRD CAP FALADIE,school,12.5722218,-7.9604284
Trainis Formation Professionnel continue,school,12.6283496,-8.0308951
Ecole primaire de Nénébouro,school,13.8903331,-2.8283519
MANTHIONGA,school,15.4670305,-8.126178
Groupe scolaire Konodimini,school,13.3231191,-6.4220285
KOLLE,school,12.2318833,-8.2427833
KOTERA [2ème C].,school,14.7592748,-12.1785499
TOMBINASSOU,school,14.0906678,-10.3163944
CHEDEM TAMBA,school,15.2444676,-7.8460932
KOUSSY,school,15.2330592,-7.900865
École primaire de fadou kounda,school,11.944267,-11.2091109
OURO MODY,school,15.135971,-7.8186612
École de Moulkeratt Maure,school,15.3037245,-7.755571
Ecole Fondamentale 1er cycle Kazangansso,school,13.0489426,-5.5693683
Oumar Bagna Touré I,school,16.2615082,-3.3957687
Ecole Barikobé,school,16.251671,-3.3992186
OUALEKOUROU,school,14.2088788,-10.2255261
DAKASSENOU,school,14.2916926,-12.0196371
SEVERI PEULH ECOM,school,14.7591617,-4.1934249
LOUMBAMA,school,14.3889385,-10.2288412
MADALAYA,school,14.2199362,-10.6636931
LERNEB,school,16.3251245,-4.9640919
Complexe Scolaire Émergence,school,12.571702,-8.0676785
KANDIA,school,14.4405239,-10.2756761
KANDIA MEDERSA,school,14.4407674,-10.2766986
KEMBELE,school,14.4244838,-10.2242495
KEMBELE MEDERSA,school,14.4231065,-10.219549
KOFOULATE,school,14.0924985,-10.4126477
SABOUCIRE,school,14.1067171,-10.4462142
Lycée Privé Yoro Barry,school,13.4264022,-6.2065401
BOUREIMA SIDI CISSE,school,13.4366609,-6.2181241
Centre d'Animation Pedagogique de Diré (CAP),college,16.2497024,-3.3997899
Institut de Formation des Maitres (IFM),college,16.2492567,-3.4012575
Champion Langue Institute,college,12.640354,-8.0285905
Ecole fondamentale Amadou Sidibé,school,13.4280614,-6.2095207
Lycée Lassana Wangur,school,12.5907933,-7.96625
Ecole NORAD HO,school,12.6567417,-7.9299759
Ecole de Santé de Baguinéda,school,12.5630661,-7.7724982
Unnamed School,school,12.5701896,-7.9168378
Ecole Normale Supérieure,college,12.6316207,-8.0009625
Institut Supérieur de Technologie Appliquées,college,12.6392151,-8.0330164
Ecole nationale d'Ingénieur,college,12.6508782,-7.9977418
Groupe Scolaire ''La province Momo Cissé '',kindergarten,13.4237277,-6.3136628
MEDERSA KOUREMALE,school,11.9563775,-8.7801854
DJANGO CISSE MALIBOUGOU [2ème C],school,12.7497654,-8.090132
KOKO [2ème C],school,12.7521799,-8.074795
NOUMORILA A,school,12.7421192,-8.0699819
NOUMORILA B,school,12.7421161,-8.0699837
KATI Camp I,school,12.7406294,-8.0728813
KATI Camp C,school,12.7406308,-8.0728793
École privée AVENIR KATI SANANFARA,school,12.7071705,-8.0534526
NOUMORILA [2ème C],school,12.7421176,-8.0699801
SANANFARA A,school,12.7071652,-8.0534546
SANANFARA B,school,12.7071667,-8.0534497
SANANFARA [2ème C],school,12.7071651,-8.0534497
SANANFARA ZONE GARADE,school,12.7071683,-8.0534482
DJANGO CISSE MALIBOUGOU [1er C],school,12.7497556,-8.0901393
KATI Camp II,school,12.7406294,-8.0728797
KOKOBOUGOU II,school,12.7523927,-8.074812
KOKOBOUGOU I,school,12.7525357,-8.0748257
Unnamed School,school,16.8735735,-1.921038
Crèche jardin d'enfants les petits saints,school,12.6756754,-7.9208317
Ecole Fondamentale de Soron,school,11.2684949,-7.8152423
Unnamed School,school,15.4476709,0.706
Ecole Fondamentale de Kemissala,school,11.2694129,-7.8431359
Ecole publique de Seye Boulé,school,14.8210333,-11.2100333
TAHIROU CISSE [2ème C],school,14.4567956,-4.9139363
Gundaga 1er C,school,14.0660897,-4.1808075
Complexe Scolaire Le Futur,school,12.6389588,-8.0269717
École La rigueur,school,12.5635819,-8.0014915
Groupe Scolaire Tangara,school,13.1124319,-5.833349
Oumar Dia,school,12.6194541,-7.9474308
Complexe Scolaire Nabe Julgard Nainy,school,12.6382733,-8.0457467
Lycée Inda Mahamadou Sissako,school,12.6318264,-8.0506649
Jardin d'enfant Mary Mariko,kindergarten,13.4216079,-6.2851595
TASSEMBE,school,14.8934728,-3.2862214
Médersa de la Concorde,school,12.6299086,-8.0515118
GOGUI (Med),school,15.6850196,-9.330916
Lycée Massassi de Kita,school,13.0386474,-9.4706057
Lycée INTEC de Kita,school,13.0348055,-9.4915203
Lycée Technique Deh Diarra,school,13.0396397,-9.4756296
GOGUI [2ème C],school,15.6851761,-9.3261024
Unnamed School,school,12.3991916,-8.1327152
Unnamed School,school,14.7354882,-6.1232523
École fondamentale,school,12.3568029,-4.7753156
Ecole,school,12.845224,-5.7716601
ECOM DIGATO,school,12.3216414,-7.9930963
École Youre,school,14.3664924,-4.0907107
École Sourfroulaye [2ème C],school,14.4078664,-4.0824684
SARE MABO,school,14.3225857,-4.1890125
Unnamed School,school,17.0999361,0.1962383
Unnamed School,school,17.099506,0.1961891
Unnamed School,school,16.533406,1.5271074
Unnamed School,school,21.3242045,0.9604398
مدرسة الشيخ آمود رقم 9,school,21.3268054,0.9414898
Ecole Publique,school,13.8068626,-10.8302779
Unnamed School,school,11.7623291,-5.211875
BAOUN,school,11.9846946,-6.4461691
Ecole premier cycle I de Kafana,school,11.5146931,-6.1374307
Ecole au temps coloniale,school,11.5119913,-6.1407942
Ecole premier cycle II de Kafana,school,11.5192451,-6.1324739
Ecole,school,12.6040839,-7.9873988
Unnamed School,school,10.6484851,-5.4129902
Ecole Privée Momo,school,11.3124047,-5.6955179
Unnamed School,school,11.3139881,-5.6790323
Ecole Tieba,school,11.3138187,-5.6785272
Lycee Iqra,school,13.4190338,-6.3126701
Ecole primaire,school,10.4299182,-5.4724132
Lycee Amion Guindo,school,11.3258315,-5.6709417
Ecole Tieba A,school,11.3184108,-5.6689463
IFP,school,11.3180689,-5.6699012
Unnamed School,school,11.9064011,-4.9348086
ECOLE,school,11.2794415,-5.3836039
Ecole fondamentale de Zaradougou,school,11.4847402,-5.7776298
Ecole fondamentale de Gongasso,school,11.5326052,-5.7961759
1er Cycle Mission Catholique,school,11.747103,-5.9520291
MEDINE 2e cycle C,school,11.3173858,-5.6908309
LMMS (Lycee Monseigneur de Montclos de Sikasso),school,11.3231172,-5.6769849
Unnamed School,school,10.7426055,-5.9502071
Unnamed School,school,11.9370391,-4.9798201
1er Cycle,school,11.1211281,-5.3640184
Ecole fondamentale de Djakorola,school,11.3876082,-5.7220504
Baluku Kalanso,school,11.7487364,-5.9518467
Ecole,school,13.4336397,-3.9422894
Ecole,school,13.4334884,-3.9445531
BOUNDOU-BADI,school,15.647881,-5.1812722
DRIMBE,school,15.0215818,-2.8960688
DEBERE,school,13.029199,-4.6790365
Guru Souan école,school,14.0087962,-3.091385
École Bougan,school,13.3643318,-5.557652
FIESSO,school,12.7426859,-4.6334179
KOPORO-PEN MED,school,14.2198999,-3.2999922
ISSISSOUNDIAYE,school,15.54883,-3.14198
M'BEBA,school,15.59,-3.375
Institue Formation Professionnelle (IFP) Bankass,school,14.0843765,-3.5052337
TIEBALA,school,13.6750438,-5.4062436
Goudiedourou ecole,school,14.3254641,-3.0631836
IHYA OULIMIDINE N'TOGONASSO,school,12.5389667,-5.1652
Ecole de Vanekuy,school,12.6956809,-4.6175516
Unnamed School,school,15.0851907,-2.1706299
Garmi,school,14.8418849,-2.9137152
BARGUE,school,14.7943736,-3.0643367
MED de BARGUE,school,14.7954726,-3.0641874
Unnamed School,school,15.1210678,-2.019293
Unnamed School,school,15.0764325,-2.2201328
Ecole primaire de Tataye,school,14.1730216,-2.188529
MEDERSA ASSADIQ de BIENFAISANCE [1er C],school,15.4032692,-1.3723201
Unnamed School,school,15.2833785,-1.7009557
Second Cycle de Garbamé,school,17.0009779,-1.2197134
Mederça,school,17.0098378,-1.2097744
Jardin d'enfant Collège Moderne de Sincina,kindergarten,12.3604067,-5.4493732
Ogotena,school,14.0673688,-3.5121663
KILIMBA,school,14.74,-3.018
MANTOURA,school,13.4409462,-4.7222841
SIRIMANZO,school,13.3468273,-5.3016861
École Ouana,school,14.0153346,-4.9777772
Kiri I&II,school,13.970479,-3.0251971
Pongonon II,school,13.9073444,-3.019985
Pongonon I,school,13.9063338,-3.0204631
ECOM BARENA,school,12.6146167,-4.7508833
Lycée Privée,school,11.6930527,-5.6641618
Edjoubara école,school,13.9992388,-3.0735201
École Segue Plaine,school,13.8442622,-3.7417658
École Diougadie Dolo,school,14.0703801,-3.0823113
PENDO CAMP,school,14.4713506,-6.0093735
MEDINA UP 5,school,14.4606209,-6.0126913
Unnamed School,school,13.8153623,-6.1207406
Ecole Fondamentale de NBewani koura,school,13.8968729,-6.0902146
Ecole fondamentale de Niessoumana,school,12.5852883,-5.6159311
KOREASSO,school,12.64785,-5.6675
ZANSONI [2ème C],school,12.60895,-5.5703333
BAGADA,school,14.4306332,-4.2073713
Lycée medersa Franco arabe Dar El Hadith,school,12.3875028,-5.4719901
Lycée Fraternité de N'Tiesso(LFRA),school,12.4050864,-5.4498455
Collège Moderne Maman Tangara,school,12.4050937,-5.4493373
Centre de Formation Aminata Kouyaté,school,12.4106746,-5.4709644
Unnamed School,school,12.4962673,-5.5422796
KIFFOSSO [2ème C],school,12.5025809,-4.9016226
Ecole fondamentale de Sadiola,school,12.1025955,-5.4586387
Ecole fondamentale de Kapala,school,12.210627,-5.4570348
Diaramana 2nd cycle 2,school,12.8485492,-5.4097427
Ecole privé espoir djigy,school,13.6876609,-6.0711914
Agro de Markala,school,13.6959585,-6.0585576
DIORO III,school,13.6897186,-5.8318306
SECOND CYCLE DE KABARASSO,school,12.0143412,-5.9372306
Collège Moderne de Sincina,school,12.3626923,-5.4494165
Ecole fondamentale,school,12.3533571,-5.4393311
KARANGASSO [1er C] catholique,school,12.2826833,-5.2567167
Unnamed School,school,12.0039153,-4.7195962
Jardin d'enfants de SOUGOUMBA,school,12.1751173,-5.1867389
Ecole Fondamentale,school,12.1754785,-5.191232
Unnamed School,school,16.6939708,-2.8508985
franco-arabe BEN ALI,school,16.4120515,-3.6640145
École Saminè,school,13.1359458,-6.0872577
Ecole Franco-Arabe Cheik Umar Sogodogo,school,12.3616369,-5.4524823
Lycée Privé Moderne de Koutiala,school,12.3593765,-5.4586074
Ecole Privée Ousmane Sidibé de N'Tonasso,school,12.368333,-5.4631127
Lycée Franco Sidikya Arabe,school,12.3727915,-5.4854114
École privée la Pedagogue,school,12.3722514,-5.4875028
Medersa sidikya,school,12.3730874,-5.490492
École Fondamentale Kemeni,school,12.9634627,-5.5474725
Dièdala École,school,12.9914626,-5.6128967
Siribala Coura NesigiSo,school,13.9981185,-6.073068
ALMAMY KOUREISSI [1er C],school,14.3516678,-4.95138
Second Cycle,school,12.277942,-4.6903682
Ecole fondamentale de Koumbri,school,12.4558501,-5.3557665
Ecole fondamentale,school,12.4074912,-5.4593802
Ecole Sahel 1e Cycle,school,12.4065138,-5.4587483
Ecole Privée Alencon,school,12.4113758,-5.4621482
École fondamentale,school,12.3491772,-4.7827427
Lycée Public m,school,12.3425965,-4.7873679
GOUANTIESSO,school,12.7342826,-5.5618591
SONGUELA II,school,12.741797,-5.6411549
MEDERSA de KOKOSSO,school,12.7563178,-5.5093091
M'BERE WALA,school,14.1508968,-5.6199754
École publique de Segue [1er Cycle],school,13.8438327,-3.7576569
Unnamed School,school,15.6289948,2.894073
Unnamed School,school,15.91956,2.39649
Unnamed School,school,16.0473126,0.063974
Unnamed School,school,15.8508494,0.2778886
Unnamed School,school,16.0571367,0.114582
KAMEYA,school,12.5190499,-10.5185671
SOUBOULA SALAM,school,13.9873502,-7.8159719
Ecole primaire de Koroni,school,13.3066661,-3.9266843
Ecole primaire de Saint-Martin,school,12.7867442,-4.1368675
Ecole,school,12.6051319,-4.4497257
KOUMBIA [2ème C]ycle,school,12.5958297,-4.688964
Ecole Lebekuy,school,12.8297539,-4.2507933
Ecole primaire Panani,school,12.8260033,-4.2731133
Ecole primaire Bourolo,school,12.7841536,-4.3306545
Ecole,school,12.8783866,-4.3220472
École fondamentale Tetou,school,12.9621365,-4.3306632
Complexe Jean Bosco Touba,school,12.8680997,-4.5407403
Ecole fondamentale,school,12.644495,-5.7003817
2 nd cycle Ouenteguele,school,12.7090583,-5.4469018
Unnamed School,school,12.5941772,-4.8991728
Ecole de Kifosso,school,12.504323,-4.9053526
Unnamed School,school,12.5477826,-4.8608708
MORIBILA-N'GOROSSO,school,12.6469033,-5.008736
Ecole primaire,school,13.4404525,-3.9063893
Ecole,school,13.3070133,-4.0277928
Ecole Fandamentale de Boura,school,12.4123157,-4.543013
Second cycle de Boura,school,12.4104821,-4.5413554
École fondamentale,school,14.539107,-4.0420689
DAMY,school,13.1778553,-4.6229945
DOUBAKUY,school,13.0243306,-4.6388339
École Kononi,school,13.4029824,-4.6801803
Ecole Sokourani Sonina,school,13.4113223,-4.6339949
Institut de Formation des Maitres,school,13.2856786,-4.5835416
École sylvo pastorale,school,13.2806703,-4.9280128
DOUENTZA F,school,15.01549,-2.95021
DOUENTZA C,school,14.8998868,-2.9521301
A.H. BA [2ème C],school,13.430033,-6.269226
ABDERHAMANE BABA TOURE,school,13.441684,-6.27077
ECOLE LA SAGESSE,school,12.5736022,-8.0025944
BORDATY,school,15.2926809,-7.2359879
Ecole,school,14.5666031,-11.7160821
Medersa,school,14.574323,-11.671017
Alphabétisation pour femmes,school,14.5668399,-11.6561939
Ecole,school,14.5652237,-11.6599085
Medersa,school,14.5629104,-11.6617219
Grande médersa,school,14.6189762,-11.9054989
Ecole Publique,school,14.6065262,-11.902457
Medersa,school,14.5324137,-11.6096755
Médersa,school,14.3944644,-11.8509233
Unnamed School,school,14.3979612,-11.8533351
Assatiemala,school,14.71165,-10.0971833
FAÏRA,school,13.3422246,-6.1059784
Ecole privée Pédagogue 2ème Cycle,school,14.0740148,-3.5192473
El Madras sa Tout Islamiatou,school,12.3810809,-5.4909335
Unnamed School,school,14.4960966,-5.0234714
MED. NIMA BELOBOUGOU,school,15.062909,-7.3045707
École Berguenare,school,15.1918879,-7.3510182
BOGO,school,14.8697682,-3.9372018
BADEYA TOUBA (TOUBA KO6),school,14.8473657,-6.023289
BOMBORI-SARE,school,14.84,-3.84
DE [2ème C],school,14.78,-3.26
KAMPOUDIE,school,14.78909,-2.75246
OURO ALLAYE TEM,school,14.86,-1.753
SAMBA DRAMANE,school,14.5655667,-12.18365
ECOM DOUGOUNI,school,14.9917781,-7.4548942
N'TOMI KORO,school,14.8471588,-7.5967724
SADIO TAMBOURA [2ème C],school,14.9207,-4.59182
GOUNOUNGUEDOU,school,14.90989,-10.26678
DOGOFRYBA,school,14.7780858,-6.0288578
MARKALA COURA,school,14.8204998,-6.0235882
SABIL EL FALAH (K13) (DOGOFRY),school,14.808601,-6.011862
SAMALADIO,school,14.83,-1.954
SABILOUL ELFALAYI GORY BANDA,school,14.9834833,-10.63385
SIRIMOULOU,school,14.7552,-11.3355667
TOULEL,school,14.87815,-7.4412
DIOKA,school,14.8639667,-10.0959667
DOGOFRY [1er C] B,school,14.807818,-6.025718
MISSIRA KO7,school,14.86,-6.021
TAFASSIGA,school,14.4054448,-10.43418
Unnamed School,school,12.5415135,-8.0074713
BAMBILA,school,14.305019,-10.3048721
TOURAKO,school,14.031527,-10.600885
École fondamentale de Wala-Wala,school,12.3853683,-5.4607854
ECOM. ELKABRA,school,15.2023667,-11.0747167
EL FAROUK ISLAMIA:Koméoulou I [1er C],school,15.0947667,-10.8111333
Kabou [1er C],school,14.7324777,-12.0910496
M'BORIE,school,15.4102187,-7.0429552
Ecole primaire de Sièkôrô,school,13.3107745,-3.8954446
Ecole primaire de Magadian,school,13.3288948,-3.8715555
Ecole primaire de Berma,school,13.3306918,-3.8421705
Ecole primaire de Konna,school,13.3678153,-3.9675531
MEDERSA KAPPA,school,12.8432635,-5.4309698
NOUGOLA,school,12.8474167,-5.4620229
AÏTE [1er C]ycle,school,15.09155,-11.6454333
ATARBIATOU ISLAMIYATOU SOUENA,school,15.1871167,-11.7841
EL FAROUK ISLAMIA:Koméoulou I [2ème C],school,15.0947709,-10.8111335
GORY [2ème C],school,15.1077,-10.7624833
INSTITUT TAMARO Medersa [2ème C],school,15.1077,-10.7624833
MANAHARA AL HOUDA,school,14.6233333,-12.1481833
Medersa de Goundiam,school,14.6618667,-12.1656
DEBECOUROUMBA,school,15.3591,-9.7846833
Ecole primaire de Sanakadougou,school,13.3187119,-3.9423403
AL DAYATOU ISLAMIYATOU SOUENA [2ème C],school,15.1871167,-11.7841
Diamatoul Kairy [2ème C],school,15.1244301,-10.722468
École primaire d'El Gueleita المدرسة الابتدائية الكليتا,school,15.3869091,-11.1966125
École primiare de Gouthioube,school,14.7575435,-12.2285731
KABOU MEDERSA,school,14.7324667,-12.0910667
MANAHARA AL HOUDA FEGUI,school,14.6233333,-12.1481833
MEDERSA DAROUF CORAN INAL HADISH M'BEDIATT,school,15.4539978,-8.8104666
DIARRAH I,school,15.3172217,-9.3250814
Ecole primaire d'Aourèma,school,13.3389912,-3.9166501
Ecole Fondamentale de Dinkelena,school,11.481816,-7.736962
KOMIO,school,14.7552602,-4.0788435
IBRAHIMA DIOP BADA,school,14.4269,-11.7225
Ecole Fondamentale de Kalaban Coro Nérecoro,school,12.5500395,-8.0045378
MARKAZ ALKADI HAMID,school,16.2684551,-0.0503381
Unnamed School,school,16.2684667,-0.0504749
SANEYE A,school,16.2699743,-0.0470663
SANEYE B,school,16.2699736,-0.0470194
TIESIRISO,school,12.6873724,-7.9580546
Unnamed School,school,16.2622208,-0.0424843
SABALIBOUGOU E,school,12.59342,-7.99393
SABALIBOUGOU I,school,12.59342,-7.99393
Jardin d'enfant Lamosso,kindergarten,12.5513732,-7.9948713
DIELIBOUGOU C,school,12.6667004,-7.9410368
École,school,12.002455,-11.3220933
SEPE,school,14.22522,-10.4794744
DJOULOUNA,school,14.54,-1.949
Ecole Fondamentale,school,15.1287631,-9.4027358
Centre SSAP de Gambia,school,13.5457317,-5.02213
BOUNOU,school,14.7948913,-3.7601553
DAROUL HADIS,school,14.95271,-3.3551
DIA,school,14.89,-3.263
MEDERSA de DOGANI,school,14.89,-3.424
PETTEN DOTTI,school,14.99,-1.87
SAMA,school,14.92,-3.898
SASSAMBOUROU,school,14.92,-3.377
TIGUILA,school,14.86,-1.904
TINTAN,school,14.94063,-3.34383
TOULA,school,14.85871,-2.64609
DIABOUGOU [1er C]ycle,school,14.5408167,-12.2147167
DIABOUGOU MEDERSA,school,14.5408167,-12.2147167
DINDINAYE [2ème C],school,14.9968333,-11.46415
KANGUESSANOU,school,14.8868167,-10.5955667
KOMODINDE,school,14.9714,-11.0274833
MELLO [2ème C],school,14.7682833,-11.0172333
MELO,school,14.7682833,-11.0172333
TAOUHID ISLAMIA:YAGUINE BANDA,school,14.97635,-10.60335
TROULA [1er C].,school,14.7633,-11.66865
BOUDJIGUIRE,school,14.8813945,-6.8461026
DAMBA DIAWARA,school,14.9176794,-7.7184857
DEMBASSALLA,school,14.9978024,-7.5188596
GOUMBOU [1er C] A,school,14.9919605,-7.4601943
KALOUMBA,school,14.8590624,-7.4936683
MED GOUMBOU [1er C],school,14.9873042,-7.4573726
MED GOUMBOU [2ème C],school,14.9878728,-7.4573673
SOUTRABOUGOU,school,14.9829667,-7.35625
FOUSSI,school,14.77,-4.011
GNINAGOU,school,14.78,-3.914
TAKOUTALA,school,14.84943,-3.91046
TIME [1er C],school,14.97,-3.861
MONZOMBOUGOU,school,14.9828667,-10.01835
SIMBY,school,14.90695,-9.6784167
SIMBY [2ème C],school,14.90695,-9.6784167
WASSAMANGATERE,school,14.7980167,-10.2961833
SABIL EL FALAH ELK16,school,14.8211,-6.0153
SANSANDING COURA K19-K20,school,14.8372416,-5.9782492
SIKASSO COURA,school,14.8684846,-5.9730992
SINGO-RANGABE,school,14.7859866,-6.0659472
WELENGARA,school,14.7595443,-5.881291
Déclic,school,12.5938549,-7.9982901
MADINA TABOUAKAN,school,12.7030819,-4.8416548
Bocar Niafo,school,12.5930508,-7.8607288
BORKO [1er C]YCLE,school,14.95271,-3.3551
COUMBENA,school,14.91383,-2.96142
DIANWELY KESSEL,school,14.9,-2.899
DOGANI,school,14.89,-3.424
DOGANI [2ème C],school,14.89,-3.424
FOMBORI,school,14.98184,-2.94281
ISSEYE,school,14.87,-2.028
OKEYERIE,school,14.82,-2.925
SEGUEMDOUROU,school,14.97684,-1.873
SIROU,school,14.86,-3.478
AOUROU [1er C].,school,14.97255,-11.5881833
AOUROU [2ème C],school,14.97255,-11.5881833
DIALAMBI [2ème C],school,14.51195,-12.2142167
DIALAMBY,school,14.51195,-12.2142167
DINDINAYE,school,14.9968333,-11.46415
GORY BANDA,school,14.9834833,-10.63385
KERA,school,12.0094667,-11.3050833
KONTELA,school,14.76635,-11.0990833
MONGORO,school,14.8186833,-10.72335
SAMBAWONSI,school,14.9209,-11.6461333
DIADIEBOUGOU,school,14.8438811,-8.4326882
DILLY [1er C],school,14.9953723,-7.6689721
DILLY [2ème C],school,14.995088,-7.6691277
DINA COURA,school,14.8926812,-7.8581429
DJIDDA,school,14.8204011,-6.9283069
FOCOTY,school,14.9944833,-7.6084
GONDARE,school,14.9715865,-8.7385673
GNIGNA DIAWARA,school,14.8955405,-8.4433044
GOUMBOU [1er C] B,school,14.9930119,-7.4445463
GOUMBOU [2ème C],school,14.9925291,-7.4620719
DOMONO,school,14.92013,-4.5903
KAKAGNA,school,14.92,-4.329
KAMAKA SEBBE,school,14.8,-4.635
KONNA C,school,14.9435952,-3.8921628
KOTAKA,school,14.89,-4.001
KOUMBE,school,14.901098,-4.592767
NINGA,school,14.91,-4.007
SABA,school,14.95,-4.172
DIABIDIALA,school,14.7547333,-9.5080167
MED. Diadiéla(Simby),school,14.8293333,-9.8552833
SAMANTARA I,school,14.763,-10.2244667
SEKOUREBA,school,14.7934667,-10.0442667
CHAOULA COURA K03,school,14.8335512,-6.0335378
DAR EL HOUDA EL ISLAMIATOU (TOUBA KO6),school,14.8467423,-6.024328
DIA COURA K18,school,14.8300008,-5.9968987
DJENE COURA K21,school,14.8646341,-5.9721693
DOGOFRY [1er C] A,school,14.807818,-6.025718
DOGOFRY [2ème C],school,14.807818,-6.025718
FAMABOUGOU,school,14.7835729,-6.2288189
FARABOUGOU,school,14.8883374,-6.1409236
Ecole Mamby Camara,school,12.4142183,-5.4692822
Ecole Fondamentale de N'Tonasso,school,12.3706325,-5.4666947
Ecole CMK,school,12.3561154,-5.4543463
École de Santé FELIX,school,12.6492479,-7.9315822
SOUROUBIRE,school,14.3012463,-10.4733515
OUSSOUBIDIAGNA [1er C] c,school,14.2450766,-10.461587
OUSSOUBIDIAGNA [2ème C],school,14.2449947,-10.461837
BARSAFE,school,14.2518813,-10.5095319
BINDIGA,school,14.271401,-10.5411513
N'TOKOROLA,school,13.0948958,-5.7994752
SAMBALA,school,13.0742551,-5.7420403
RENE SIMON de MADIHAWAYA,school,14.2967151,-10.3734615
Jardin d'enfants Denbagnuma,kindergarten,12.3561481,-5.451218
Mederça de Bombala,school,11.1806701,-7.4008562
Banambani,school,12.7933601,-8.0316753
GODI,school,14.2446161,-10.6504554
KABAYA,school,14.3043256,-10.7464201
KANIA,school,14.3497856,-10.6935397
KIDIKAME,school,14.2189718,-10.5954616
KOLONDINKOYE,school,14.308612,-10.6581892
KOLONDINKOYE SC,school,14.3082959,-10.6583441
SANGHA,school,14.2168153,-10.7104889
TAMBATINTY,school,14.3137835,-10.6979825
Complexe Scolaire Diaty Keita,school,12.6080412,-8.0092054
La Victoire [1er C],school,12.5989575,-7.9793324
La Victoire [2ème C],school,12.5990168,-7.9792814
KHOUMAKHARY,school,14.1054554,-10.5126344
TOUBA (TOMORA),school,14.0684502,-10.5588715
Koula [1er C],school,13.111988,-7.6548649
Koula [2ème C],school,13.1123861,-7.6539622
Jardin d'Enfant,kindergarten,11.317063,-7.3534115
Ecole Bondo,school,14.128627,-3.0124931
PETAKA,school,15.0255023,-2.8538923
SAOURACOM,school,14.8868968,-3.1616347
PAKASSO,school,12.4843833,-5.0990833
POKOSSO,school,12.5002167,-5.1562
complexe scolaire Aminata Dolo,school,14.2527413,-5.9803928
BAGADADJI [1er C] A,school,13.4226523,-6.2941461
BAGADADJI [1er C]ycle B,school,13.4225741,-6.2943419
Wontosso,school,12.7922354,-5.3615017
MASSABOUGOU,school,13.3437288,-5.1468102
CENTRE ISLAMIQUE de KANGUESSANOU,school,14.8868264,-10.595568
GARANGOU,school,14.1571512,-9.4368276
DINDANKO,school,14.120991,-9.5033227
GUETALA,school,13.9899163,-9.5521766
KOBOKOKO,school,14.1005977,-9.6214193
MARENA SEFETO NORD,school,14.1937861,-9.7633227
NEGUEBOUGOU [2ème C],school,14.1907973,-9.7037747
SEFETO [1er C].,school,14.1375925,-9.8248827
SEBEZANSO,school,12.8998796,-5.3534615
OFFIENSO,school,13.1970011,-5.1391407
Auto-école DANAYA,school,12.6235436,-8.0458153
SANSANDING B,school,13.7324597,-6.006791
BILISSIBOUGOU,school,14.133258,-9.524845
DINDANKO [2ème C]ycle,school,14.1213864,-9.5036231
DIOUGOUN [1er C],school,14.2646902,-9.6134755
NEGUEBOUGOU [1er C],school,14.1911118,-9.7042478
SEFETO [2ème C],school,14.1380224,-9.8256501
SEKOTO,school,14.1989582,-9.6032562
SEROUME,school,14.0611554,-9.539888
SITAKOTO,school,14.177242,-9.6141062
Centre de Formation des Techniciens Socio-Sanitaire,school,12.6393355,-8.0308405
Centre de formation professionnelle de Marakala,school,13.6656046,-6.0640829
Ecole Fondamentale de Ouroun,school,11.7044625,-7.9195023
Daroual couran Wal hadis DEMBALA,school,15.3250333,-10.4776333
Unnamed School,kindergarten,13.4240396,-6.2977228
Jardin d'enfants,kindergarten,12.6271917,-8.0202975
Institut Africain de Management Centre d'Excellence UEMOA,college,12.6398083,-8.0266984
Rectorat de l'Université des Sciences Techniques et des Technologies De Bamako,college,12.6359591,-8.0339006
Institut Canadien de Langue en Afrique,college,12.6389492,-8.0325811
Groupe Scolaire Niamakoro II,school,12.5839156,-7.9762124
École Privée KABALA,school,12.6235024,-8.0176855
Ecole Fondamentale Wara Doumbia de Sido,school,11.6689986,-7.6011783
FARENA,school,13.8914887,-9.4556695
Lycée Privé Oumar Diarra de Kita,school,13.0381653,-9.4850609
Lycée Privé Soumaila Diarra,school,13.0421339,-9.4866816
Lycée Privé Samory Keita,school,13.0428377,-9.4904944
Lycée Privé Cema Toloba Camara,school,13.0440218,-9.4883516
second cycle,school,13.1300248,-8.8298146
KOTOUBA [1er C],school,13.477484,-8.72797
KOTOUBA [2ème C],school,13.4772075,-8.7277822
WANEGUEBOUGOU,school,13.5152529,-8.6621506
Lycée Privé Drissa Keita de Kita,school,13.0354582,-9.4952935
Lycée Privé Wassa de Kita,school,13.0463702,-9.4915659
Lycée Privé Santigui Issa Kanté,school,13.0441148,-9.4906291
Ecole Franco-Arabe,school,11.6776863,-8.6512808
Jardin d'enfants Na Fanta Coulibaly,kindergarten,13.0472679,-9.4901899
Nouveau boc,college,13.4260334,-6.3031055
Bloc en construction,college,13.4257401,-6.3029473
Université Privée les grand Bianson,university,13.0471815,-9.4900867
Unnamed School,university,13.4254855,-6.3027791
Amphithéatre;Amphitheatre 500 places De l'Université de Ségou;Amphitheatre,university,13.4262901,-6.3032598
Amphi Préfabriqué,university,13.4257237,-6.3021204
Rectorat,university,13.4251667,-6.3020978
Ecole fondamentale de N'goniko,school,12.54018,-7.6804462
BERNARD PORQUE DONA DOUCOURE (DOGOFIRI),school,15.0124981,-10.9416154
KERSIGNANE- D,school,14.9919861,-10.9851779
NOUR YAKINE:DOGOFFIRI I ([1er C]),school,15.0125117,-10.9416174
SABILI NADIAHI DIABOUGOU,school,14.9898,-10.9442167
BOKORONI,school,13.5213174,-9.1967663
DIONGAGA [1er C],school,15.0755611,-10.879397
NOUR ISLAMIYA DIONGAGA ([1er C]),school,15.0755472,-10.8793963
Ecole fondamentale de Barkayacoro,school,13.1972794,-8.7930429
Guinanourou,school,15.098,-10.9157
DOUENTZA D,school,15.01558,-2.95403
École fondamentale 2 de Moambougou,school,13.0821145,-6.3454581
NGOLOKO,school,12.0662902,-5.9686114
RUTH [2ème C],school,12.604766,-7.9768876
DAOUDABOUGOU ''B'',school,12.6035177,-7.9795505
DAOUDABOUGOU ''C'',school,12.6034289,-7.9795487
DAOUDABOUGOU ''D'',school,12.6033402,-7.979547
MICHEL ALLAIRE [2ème C],school,12.6044218,-7.9757539
Luis Samake,school,12.6057144,-7.9800935
SABU NYUMAN [2ème C],school,12.6041987,-7.9853671
LA SOURCE [2ème C],school,12.6025522,-7.9857069
Jardin Wassa,school,12.6015386,-7.9865596
TIEDIANA POGO,school,12.7814501,-4.9046656
RUTH [1er C],school,12.6050766,-7.9767562
Unnamed School,school,15.6782667,0.5014819
ABO-ONO [1er C],school,12.6008765,-7.9895459
DIORO,school,12.6033833,-7.98755
DONGO,school,12.6044466,-7.9905833
DONGO,school,12.604426,-7.9905833
Saint Pierre,school,12.6041794,-7.9853663
SABU NYUMAN [1er C],school,12.6042176,-7.9853671
Barou DI,school,12.6029888,-7.9823613
DANAYA [1er C],school,12.6013744,-7.9835658
DANAYA [2ème C],school,12.6013513,-7.9835663
LA SOURCE [1er C],school,12.6027068,-7.9857017
L'humaniste,school,12.6028667,-7.9814667
Jardin d'enfants barou Diarra,school,12.605232,-7.9828367
MOUSSALA,school,13.3541011,-9.2512438
SAMAKOULOU [2ème C],school,13.6426605,-8.6473639
SIDIAN,school,13.5959546,-8.8372928
École de Santé Narhawa,school,12.56775,-7.98947
Ecole fondamentale de Diaramana,school,12.0264041,-4.8833598
Le CSP SEMAN,school,12.58337,-7.97045
Lycée Privé Convergence de Kita,school,13.0481921,-9.4913245
Lycée Privé Franco Arabe de Kita Gigla,school,13.0471869,-9.490094
KARABA [1er C],school,12.9158167,-4.8978818
KARABA [2ème C],school,12.9150385,-4.8974913
MIGNAN,school,13.8257532,-8.6656047
SAMAKOULOU,school,13.6430458,-8.6474219
Lycée privé le succès de Koutiala,school,12.3727058,-5.4885213
Unnamed School,school,15.6622885,0.5102536
Ecole Pédagogue,school,12.6151764,-8.0390157
Ecole De Sante,school,13.4353687,-6.2451616
Cimetiere sidi mahmoud,school,16.7831515,-3.0048683
DEZONGON DIARRA,school,13.298235,-6.5508449
Fanga,school,15.0044167,-10.4142667
Unnamed School,school,12.9426278,-5.7546419
BAMBARA,school,13.7515715,-9.1096297
Second cycle de Niono,school,14.2489281,-5.9870455
Badjiri Bathily,school,14.4546008,-11.4495471
Lycée Attaher Ag Illy,school,18.4494143,1.411161
SAGALA,school,14.1125635,-6.7297192
N'GOA [2ème C],school,13.2424299,-5.1394523
la petite Académie,school,12.5655095,-8.0663684
centre de formation Batoma Samake,school,13.4341627,-6.2481228
BOMBOTY,school,13.615557,-8.9151442
KOLLE (P.C.),school,13.481675,-8.9830866
LEKONY,school,13.6066492,-9.0326723
Unnamed School,kindergarten,15.1306222,-10.725486
Laboratoire,university,13.4246929,-6.3018296
Boubou Sow,university,14.4559074,-11.4535441
BALLANZANTOMO,school,12.9174077,-8.9272471
KOUROUBADOUGOU,school,12.8006946,-5.0341957
KOUROUBADOUGOU ZANGASSO,school,12.8091792,-5.0475984
PIGNENESSO,school,12.7638193,-5.0462146
DIOUNDIOU KOLOGO,school,12.8337431,-5.0547736
TIEBELE FINKAN,school,12.8622393,-5.0059261
TIEBELE KONKAN FLASSO,school,12.8513939,-5.0056709
KAMPOGOSSO KAGOUA,school,12.9034285,-4.9786854
École privée OUSMANE SIDIBE KIMPARANA,school,12.8266172,-4.9395171
KIMPARANA B,school,12.8376034,-4.9193059
ROBERT PEASE KIMPARANA,school,12.8413649,-4.9148713
TINTIGUE,school,12.861713,-4.8982978
MANAMBOUGOU-COURA,school,12.9442461,-8.9034985
SORIBOUGOU,school,12.9415633,-8.6528703
la reussite,school,12.387159,-8.3531521
École catholique [1er C] de KORO,school,14.0627399,-3.0789572
Ecole primaire de Montionkuy,school,12.8770217,-4.2066532
Ecole prinmaire de Koa,school,12.8768492,-4.1881017
MADOUGOU [1er C],school,14.4005209,-3.0785279
Alliance FC,school,12.5814383,-8.0591233
ALAMOUL HOUDA SANANKORONI;SANANKORONI PU,school,11.6556667,-8.1899833
Centre de Formation Féminine Vicenta Maria,school,12.6316052,-8.000133
SANDO-SIDO,school,13.3061307,-6.3678262
N'GOYE,school,13.3742787,-6.2515204
Ecole de Sante KORO,school,12.5934901,-7.8689213
BALANDOUGOU MOROLA,school,12.9069978,-8.8852809
DIABALA,school,12.6864518,-8.9963495
MACONO [1er C],school,12.6743197,-9.0464912
MACONO [2ème C],school,12.674112,-9.0469255
Takoni,school,12.9834831,-8.8084924
Lycée Mirabeau de Hamdallaye,school,12.6201598,-7.9874499
Dougouba SK 13,school,13.5853602,-6.1089888
DOKO,school,15.374287,-3.8689657
SOUMA ZANGASSO,school,12.8858699,-4.8613154
WAKI [1er C],school,12.8392205,-4.8268651
WAKI [2ème C],school,12.8403788,-4.8261737
KASSARO A,school,12.9544038,-8.8740004
KASSARO B,school,12.9596071,-8.8652465
KASSARO I,school,12.9541217,-8.8749712
KASSARO II,school,12.9539142,-8.8742303
KONDOU,school,13.1589864,-8.6312433
OUNE WANE SAADA Carrière,school,11.6208557,-8.1920126
MEDERSA NAFADJI-COURA,school,12.8992553,-8.781577
NAFADJICORO,school,12.9319403,-8.7165198
NAFADJICOURA,school,12.9009432,-8.7811166
SEBENIKORO,school,12.8486987,-8.7520116
SEBENIKORO,school,12.8489976,-8.7523522
SOFIE,school,12.8396346,-8.8164559
Bankoni,school,13.1976967,-8.9580261
DJEGUILA,school,13.1042498,-8.9352572
Kodialan,school,13.0285998,-8.8829248
KOKOLON,school,13.2687786,-9.0797689
NGANOU,school,13.0522561,-8.9405938
TIBASSA,school,13.0380665,-8.8212559
Trofladji,school,13.0300834,-8.9767811
FARALA,school,13.1382333,-9.0915091
GLADA,school,13.0786317,-8.9989976
KOUNSALA,school,12.9217679,-9.0440676
MEDERSA SEBEKORO,school,12.9613061,-8.9849488
SEBEKORO MEDERSA,school,12.9626338,-8.9968279
SEBEKORO [2ème C],school,12.9604513,-8.9865156
SEBEKORO I,school,12.9607916,-8.9867966
SEBEKORO II,school,12.9661441,-8.9861154
SOROTABOUGOU,school,12.9991947,-9.0169525
BANGASSI [1er C],school,13.122758,-9.179942
BANGASSI [2ème C],school,13.1230649,-9.1795674
BANKOLENA,school,12.8849312,-9.3334578
BOLIBANA,school,13.2288156,-9.2639088
KALAKARI,school,13.2181446,-9.2287516
FLADOUGOU MARENA,school,13.1532714,-9.2196566
FLADOUGOU-MARENA [2ème C],school,13.1527908,-9.2193669
Groupe Scolaire Jean Richard,school,12.5770867,-8.0211317
Sokourani Sonina,school,13.4077689,-4.6317288
BENDOUGOU-COURA,school,12.9221542,-9.1255404
KOULEKO,school,12.978529,-9.1241849
SANGAREBOUGOU,school,12.9835664,-9.0839666
BALAMBOUGOU,school,13.063126,-9.2018797
DIALAKONI,school,12.9787767,-9.277517
MEDERSA MAISON DU CORAN EL HADDIS BADINKO [1er C],school,12.9713903,-9.2200234
MEDERSA MAISON DU CORAN EL HADDIS BADINKO [2ème C],school,12.9716801,-9.2203208
SEBEFE,school,12.9993799,-9.2412594
SOUNTY,school,13.0255923,-9.0491079
BENDOUGOU (PC),school,13.0569871,-9.394075
BENDOUGOU [2ème C],school,13.0571451,-9.390574
KENIEKOLA (PC),school,12.9744274,-9.3081076
KENIEKOLA [2ème C],school,12.9736955,-9.3075819
Lycée Amina ta konaté,school,14.4531172,-11.4573235
Badinko Privée,school,12.970679,-9.222416
BADINKO [2ème C],school,12.9675571,-9.2212535
BADINKO I,school,12.9731159,-9.2197666
BADINKO II,school,12.97442,-9.2167251
BADINKO III,school,12.9680313,-9.2316349
KOUROULA,school,12.9568602,-9.3170643
DIELI KALANGA,school,13.0022783,-5.1250306
ZANFINEBOUGOU,school,12.9870478,-5.0317292
DIELI ZANGASSO,school,12.9994469,-4.9838085
DIELIZANGASSO [2ème C],school,12.999748,-4.9848198
Complexe scolaire Lycee prive Nafatouma Kante et Institut de formation El Hadj Ibrahim Kante,school,12.6069923,-7.9150801
AL WILA YATOU [1er C],school,12.7585783,-8.2766035
AL WILA YATOU [2ème C],school,12.7584661,-8.2763395
DOMBILA [1er C],school,12.7638603,-8.2784003
DOMBILA [2ème C],school,12.7638769,-8.2776083
BORO,school,12.8946187,-9.3810212
BOUNOUMBA ZANSO,school,13.0312553,-5.0642289
N'GOSSO,school,13.0456489,-5.1112787
SAMA,school,13.1019751,-5.1386218
DIALAYA [2ème C]ycle,school,13.0214045,-9.4213214
GOLOBILADJI (PC),school,12.9081055,-9.3919456
GOLOBILADJI [2ème C],school,12.9079016,-9.3918169
MAKANA BADENYA,school,12.9466119,-9.3599122
DOUGADOUGOU,school,13.3800206,-6.2025725
FARABALA,school,13.0588327,-9.4979935
FARABALA [2ème C],school,13.0589644,-9.4989667
FARAFE FODEBOUGOU,school,13.054584,-9.5565798
KENIEROBA,school,13.111091,-9.4929949
ANCARDINE [1er C],school,14.4846566,-4.1912522
DAGA-SAMAYE,school,14.2761011,-4.5992098
DOROBOUGOU,school,13.9890827,-4.3335134
OURO-ALPHAGA,school,14.9430373,-4.31435
ROUNDE,school,14.4466287,-4.8455967
SARE HAMADOUN,school,14.4003835,-4.5949356
SIMA BAMBARA,school,14.0403478,-4.4626641
NOUROUL ITIHADI de TOURA,school,13.1270999,-4.9129939
N'TOROSSO [1er C],school,13.1381612,-5.0624292
OUESSO,school,13.4441781,-4.818178
OUOLOFANASSO,school,13.2009437,-4.9527227
PARAMPASSO,school,13.2968276,-5.1085392
TIBY MARKA,school,13.2632351,-5.0805482
TIEGUENANA,school,13.5805013,-4.8807811
TITAMA,school,13.4385393,-4.9432906
TOMBOUGOU,school,13.5512627,-4.8818792
BINTAGOUNGOU [1er C],school,16.7389366,-3.731734
SOBOCOU,school,14.6593837,-11.9812788
KOÏNA,school,14.0446678,-4.492627
École Koumaga,school,13.9875291,-4.3971552
LARDEBALI,school,14.3530251,-4.3987029
MAKAME,school,14.2457084,-4.6987462
MOPTI KEBA [1er C],school,14.4988046,-4.7604065
MOURRAH [1er C],school,14.3310237,-4.6002165
NOUH BOZO,school,14.1695046,-4.8819137
SOUNGA,school,13.684042,-4.8064476
TAGA [1er C],school,13.9612929,-4.3989721
TAGA [2ème C],school,13.9615667,-4.3990604
WANDIERE,school,14.2818216,-4.6386267
TOUROUROU,school,15.4334479,-9.3257201
KOUYA BAMANA,school,13.4621434,-4.8673993
MEDERSA N'TOROSSO BOLOKALASSO,school,13.1222714,-5.0531547
MED SABIL HOUDA MAKANA,school,14.6396279,-11.926028
SOBOCOU [2ème C],school,14.6588336,-11.9818099
Groupe Scolaire Tiémoko Dionki Diarra,school,12.579133,-8.0020504
Tankour,school,12.6137581,-7.9407768
Complexe Scolaire Ouleïmatou Semblé,school,12.6150483,-7.9408583
Jardin d'enfants,kindergarten,12.7020094,-7.9472564
KORE,school,12.6608224,-5.325096
Ecole Wassoulou,school,12.8656864,-8.4446472
Unnamed School,school,15.0052545,-10.4179784
Unnamed School,school,13.4490256,-9.8784504
Unnamed School,school,14.6185586,-11.3372647
Unnamed School,school,14.6387466,-10.7013097
Unnamed School,school,14.8096563,-11.0595347
Unnamed School,school,14.8096021,-11.0622886
Unnamed School,school,13.4511205,-9.8770192
Unnamed School,school,13.2022811,-9.4540063
Unnamed School,kindergarten,13.4506213,-9.8777169
Unnamed School,school,14.9173547,-11.7185305
Unnamed School,school,14.9143981,-11.7289775
Unnamed School,school,14.7872661,-11.0531042
ECOM N'TABACORO,school,12.3634573,-7.8891471
SISSAKO,school,13.8827705,-6.1083174
Ecole primaire,school,10.4637275,-5.4353343
Unnamed School,school,11.9005116,-5.0276989
Unnamed School,school,11.8347007,-5.1579469
Unnamed School,school,11.9155395,-5.0718507
Unnamed School,school,11.9314062,-5.1233169
Unnamed School,school,11.7966065,-5.210985
Unnamed School,school,11.8921182,-5.0172758
Unnamed School,school,11.8733618,-4.9503923
Unnamed School,school,11.861458,-5.1061803
Unnamed School,school,11.9633573,-4.7593854
Unnamed School,school,11.9071674,-4.9648467
Unnamed School,school,11.8029865,-5.2520496
Centre de Formation Coupe & Couture Jacques Cuzin,school,12.5708579,-8.084064
Basso Public,school,12.5096707,-5.337063
DATIEN,school,12.5581575,-5.2993798
KASSIOLA,school,12.4782984,-5.1959757
KAZIANSO,school,12.5160551,-5.2284224
ZANGOSSO,school,12.5308857,-5.3135488
KANTILA,school,12.9562215,-9.7963513
KOULOUBOU,school,13.0270685,-9.8153312
ECOLE FONDAMENTALE 2 N'GOROSSO,school,12.6505426,-5.0100151
Lycée Bocar Cissé de Niafunke,school,15.9422098,-3.968123
Groupe scolaire Baga Samaké,school,11.8937454,-7.9603323
CSAK,school,12.7473554,-8.0645549
Ecole Livia Lamoure,school,12.6209192,-8.0372245
Medersa,school,14.4496013,-11.4402317
Mili-Melo,kindergarten,12.620624,-8.0377545
Jardin d'Enfants Boko Camara,kindergarten,12.3800596,-8.3429508
Medersa,school,12.587985,-8.0085149
Nouvelle création,school,12.586437,-7.8630773
BETTEANDI,school,12.9377337,-9.7609833
DAFELA [2ème C],school,12.9742144,-9.4045152
DOUGNA,school,12.9241763,-9.5203736
DOUMBA (PC),school,12.9710567,-9.4892148
FATABA,school,12.8145541,-9.6652502
GOUMANKO,school,12.9634876,-9.4489835
KOBEA,school,12.77183,-9.728941
KOLENA,school,12.9169276,-9.4658726
KONKONIA,school,12.5589286,-9.6162299
LIMAKOLE,school,12.3519393,-9.5231724
Franco-arabe Oumou Koulssoum,school,12.6071234,-7.9836869
Ecole Fondamentale,school,12.1759,-5.1718649
École Privé Catholique,school,13.0163049,-4.464675
Jardin enfant Municipal,school,13.3053235,-4.8929263
Ecole Fondamentale,school,12.1736347,-5.1691827
Groupe Fondamental Plateau II,school,12.8820017,-7.5447533
Ecole de Santé de Kabala,school,12.5199909,-8.0432346
DOUMBA [2ème C],school,12.9717437,-9.4884553
FARABA NIAFALA,school,12.9854076,-9.5070197
FOUGNA MORIBOUGOU,school,12.8952507,-9.4745863
Founia-Moribougou [2ème C],school,12.8963298,-9.4745267
KODOFARA,school,12.8203681,-9.4300547
KODOGONI,school,12.8248439,-9.4493014
Complexe Scolaire Bocar Dit Binke Ballo,school,12.5548159,-8.0255801
Ecole Fondamentale de Kalaban Koro Adeken,school,12.5741434,-8.0147403
IFP de Yorosso,school,12.3629279,-4.7760621
Bourem Plateau 2°C,school,16.9599639,-0.3600756
Unnamed School,school,16.9408668,-0.5711792
Hawa Second Cycle,school,16.9859121,-0.5044713
Baria S/C,school,16.8809076,-0.2987184
Unnamed School,school,16.9678669,-0.4233893
TECNO LAB ISTA,university,12.5746203,-8.0126631
Eguedech Premier Cycle,school,17.0234773,-1.2389171
Unnamed School,school,15.5757675,0.452301
Unnamed School,school,15.9360661,0.214368
FARANKANDJA,school,15.8899082,0.2058158
Unnamed School,school,15.148185,0.3942267
Unnamed School,school,16.7584331,-0.2777918
Ouani Franco Arabe,school,16.7297383,-0.2454878
Unnamed School,school,16.3264631,0.4563312
Unnamed School,school,16.4305401,-0.0637548
Unnamed School,school,16.2473592,-0.0945901
Lellahoye --ile,school,15.5685923,0.4775301
Unnamed School,school,15.545085,0.4710083
Unnamed School,school,15.6666187,0.4492236
Unnamed School,school,16.4962385,-0.1251827
Unnamed School,school,14.6879304,-6.0225874
Unnamed School,school,14.6783395,-6.0155779
Unnamed School,school,15.6114841,0.4874378
KONOSSO BAMBARA,school,12.9455433,-5.2059243
NIAMANA [2ème C],school,13.0374497,-5.2083676
SEREGNANA,school,12.9359859,-5.2560134
Ecole De Yourmi,school,16.1657234,-3.8359478
TINSAGOU,school,13.8829059,-3.3867018
KOLOKANI [2ème C] B,school,13.5755667,-8.0305833
TEREDOUGOU,school,13.8244363,-4.1682171
MATOMO [1er C],school,13.8429202,-4.9658557
École privée I B K [1er C],school,12.67495,-7.9666833
FANSIRACORO,school,12.9674333,-8.0921167
LINGUEKOTO I (Kéniéba),school,12.7633833,-11.1947833
KARAYA,school,13.1128182,-9.3682694
KALLA,school,12.988598,-9.5884291
MEDERSA de SIDIOLE,school,11.2878,-7.5681333
OURE,school,11.3637438,-7.3411923
KOCOUROUNIDA,school,11.9665167,-8.4677
Unnamed School,school,15.6231856,0.5049923
GARANKO,school,10.6105667,-7.01995
NAHADATOU ISLAMYA KONZA,school,11.4574095,-7.0031418
SADIOULOU DIALLO de Flabougoula [1er C],school,10.9616333,-8.1279
Mamadou Tolo 2eme Cycle,school,14.3518085,-3.605876
Ecole de Forgho,school,16.5065128,-0.0738734
Ecole,school,16.7869851,-0.2431932
IFM de Gao,school,16.2669584,-0.0324038
Ecole,school,16.2775728,-0.0356399
Ecole,school,16.2777376,-0.03601
Ecole de Saneye,school,16.2745668,-0.0459301
Les Petits Anges,kindergarten,13.4083954,-6.3200083
Lycée Public de Sebougou,school,13.4206109,-6.3066781
Ecole de Santé le Sahel,school,13.4181036,-6.307126
Ecole de Gouama,school,12.5650801,-4.4255725
Mederça,school,13.4184167,-6.3103822
Mederça,school,13.4172609,-6.3107885
COMPLEXE SCOLAIRE ERICA,school,13.429219,-6.2825778
Centre de Perfectionnement Technique,school,13.4287639,-6.2863505
Second cycle de Zangousso,school,12.5487265,-4.7924455
Ecole de Djebock,school,16.3441109,0.2794352
Ecole de Farako,school,13.4070856,-6.3882561
TIBY I,school,13.61,-5.784
SANANDO [1er C],school,12.9675752,-6.4043541
École Kodougouni,school,12.9765168,-6.6479148
DIONI PISSA,school,12.9343809,-6.718631
DIONI SIDI,school,12.9173914,-6.7378081
KONOBOUGOU,school,12.9173416,-6.7510832
KONOBOUGOU [1er C] A2,school,12.9225427,-6.764728
KONOBOUGOU [1er C] c B,school,12.9129335,-6.7612972
Konobougou 1ER CYCLE A1,school,12.9154975,-6.7575913
NIOLA,school,12.9276238,-6.6568289
BOMOTI,school,12.9923199,-6.7589655
BOUBOU WERE,school,12.908483,-6.8329985
DOUNAMAKEBOUGOU,school,12.8488361,-6.8909352
FIEROU SANTOLA,school,13.0843962,-6.1673867
ZANBOUGOU - FOULA,school,13.1288995,-6.1801623
SINGO,school,13.0210006,-6.519914
YEREBOUGOU,school,13.0385761,-6.5714735
SANANKORO,school,12.990569,-6.712742
communautaire BERTHELA,school,12.920699,-6.8558169
KINTA MARKA,school,13.0122003,-6.868475
NDJILA,school,12.9695118,-6.9586558
BANKOUMA BOBO,school,13.4633657,-4.5861613
KONAN,school,13.4322302,-4.5773259
KONGOSSO,school,13.5100105,-4.6343134
MAYARASSO,school,13.5470388,-4.5863525
SOKOURANI SONINA,school,13.4043863,-4.6310144
Sanikuy Ecole,school,13.4643832,-4.5830543
BADINANTOU,school,12.8408921,-6.7826737
BANANIDO,school,12.8787682,-6.8387395
KOLOBO,school,12.852675,-6.721361
WELA COURA,school,12.8636045,-6.7735792
YAMADIBOUGOU,school,12.8865629,-6.7579327
Ecole privée Wassa 1er et 2nd cycle,school,12.711514,-8.0576582
Ecole privée Kirango,school,12.7115915,-8.0580459
Ecole publique de Sanankorobougou,school,12.5255283,-7.7740835
Ecole privée Malado Diakité,school,12.5323465,-7.7772881
Ecole privée Djiguiya,school,12.5492947,-7.8600168
Ecole privée Les anges,school,12.5513093,-7.8593315
Lycée privé Mamoutou Daye Sow,school,12.5356077,-7.8618733
Ecole privée Les éléphanteaux,school,12.5211726,-8.0228049
Ecole de santé Korian Berete,school,12.5214554,-8.0231556
Ecole privée Mounir Diallo,school,12.5216971,-8.0212157
Ecole privée Bandiougou,school,12.5210074,-8.0267186
Ecole privée Kaarta,school,12.5575743,-7.9864712
DIAGO,school,13.0465883,-7.0017267
École publique de Kokouni,school,12.9039426,-7.0261506
Lycee Dyta Keita,school,12.6051921,-8.0105906
Ecole fondamentale de Somo second cycle,school,13.3254044,-6.6897316
KOULINZE,school,13.2941083,-6.3479731
Centre Alpha de kakoro,school,13.2066048,-7.0271005
Médersa de Djékouna,school,13.2683906,-6.8308215
SOANA,school,13.3194023,-6.731112
École fondamentale de Somo premier Cycle,school,13.3256052,-6.6892156
Complexe scolaire Ba fily Traoré,school,12.5309088,-8.0370604
MIALA,school,13.007352,-6.9407643
SOUGOULA,school,13.0890081,-6.8852571
BEBE,school,13.1011301,-6.7828934
DJIGANI,school,13.1011164,-6.6972324
KONIMBABOUGOU,school,13.0246403,-6.7026138
KOULIKORONI,school,13.1213298,-6.9532738
SIANKORO,school,13.1494602,-6.9009492
SIEMONA,school,13.1555596,-6.8538007
SININKORO - WODO,school,13.0228043,-6.7630817
Dansira,school,12.6276167,-7.9004272
Moussa Diakité,school,12.6281141,-7.8953067
Plateau du Savoir,school,12.6253166,-7.8964422
Nour al Islam,school,12.626878,-7.8943944
La bonne semence,school,12.59813,-7.8671094
Lycée Seydou Femory Koné,school,12.6191581,-7.9933609
SOYAN,school,13.2102343,-6.6843475
École Tigui,school,13.0589422,-6.6460414
TINGOBA,school,13.1529566,-6.6672682
Binkebougou École primaire,school,13.1292164,-6.5758261
DIAKA,school,13.1583002,-6.6132363
KEGNEBOUGOU,school,13.1411374,-6.5903803
SIRADIANI,school,13.1444048,-6.4637588
École Tingoni,school,13.0956645,-6.6232694
ECOM DOUGOUNIKORO,school,13.1517422,-6.4099332
GOURELI,school,13.2476974,-6.52658
N'DATEKOUMANA,school,13.2288148,-6.4842587
SOROBA,school,13.281142,-6.4291665
ZAMBOUGOU [1er C],school,13.1651112,-6.5211301
ZAMBOUGOU [2ème C],school,13.1648747,-6.5208593
ZOUMAÏRA,school,13.2064379,-6.4901549
DIEBOUGOU,school,13.155423,-6.3876347
DOUGABOUGOU [2ème C] /B,school,13.2504719,-6.1864508
DOUGABOUGOU [2ème C]/A,school,13.2506874,-6.1868085
DOUGABOUGOU B,school,13.2497125,-6.1871069
DOUGABOUGOU C,school,13.2500617,-6.1867623
DOUGABOUGOU D,school,13.2500366,-6.1870502
École fondamentale de Moambougou,school,13.0804198,-6.3449027
École Tesserela,school,13.1781044,-6.1801178
WEREKEBOUGOU,school,12.9981974,-6.7867759
LABBEZANGA ILE,school,14.9614541,0.6932368
LABBEZANGA S/C,school,14.9747385,0.7028934
KOUROUNOUNA,school,13.1185659,-9.8095024
SAMA-FOULALA,school,13.3817148,-6.5100252
SAMA-MARKALA,school,13.3766466,-6.4892362
École Belebougou,school,13.5220919,-6.4085036
SAMA-FOULALA,school,13.381829,-6.5103031
DIBA,school,14.1954987,-10.5463132
YAHINANE,school,14.1440298,-10.5794397
YASSALAM,school,13.4774737,-6.0837477
ECU BINAMOUROU WERE,school,13.540786,-5.994344
DAOUNABERE ECOM,school,10.5618182,-8.0238832
Fassoudebe,school,15.1160234,-9.4315545
FARABALA - COURA [1er C]ycle,school,10.6361799,-7.9873321
FARABALA COURA [2ème C],school,10.6361799,-7.9873321
KONIKO ECOM,school,10.3959194,-7.9143548
KONIKO MEDERSA,school,10.3959529,-7.9141163
KOUROULAMINI ECOM,school,10.3207897,-7.7863149
MEDERSA DENSO - BELEDA,school,10.4596954,-8.0797226
MOGOYAFARA PU,school,10.4682721,-7.9483852
SANDOUGOULA [1er C]ycle PU,school,10.2488803,-7.8574745
TARBIATOU ISLAMIA de SANDOUGOULA,school,10.2487923,-7.8572616
WORODJI,school,10.4047555,-8.0737089
BAFING MAKANA,school,12.5452667,-10.2531333
A.P.E.C. DA [2ème C],school,12.5895833,-7.9818
BACO DJICORONI C,school,12.5978712,-8.0088952
BACO DJICORONI D,school,12.5979031,-8.0087497
BACO DJICORONI E,school,12.59805,-8.0098
BACO DJICORONI I,school,12.5995,-8.01195
BACO DJICORONI II,school,12.5992833,-8.01215
École Baco Djicoroni IV,school,12.5992416,-8.0289778
BATENIN DIARRA,school,12.59563,-7.9896
BENKAN,school,12.5847102,-8.0017626
BENKAN,school,12.5847868,-8.0020056
BIRAMA BALLO [1er C],school,12.59871,-8.0119
BIRAMA BALLO [2ème C],school,12.5987333,-8.0119167
BOUBACAR TRAORE,school,12.5868333,-8.00335
BRAHIMA MAKADJI [1er C],school,12.57618,-7.98046
BRAHIMA MAKADJI [2ème C],school,12.57618,-7.98046
CHATEAU BRIAND [1er C],school,12.5630439,-7.9847198
CHATEAU BRIAND [2ème C],school,12.563108,-7.9846032
COLLEGE OUMAR BAH [1er C],school,12.5628638,-7.9877415
COLLEGE École privée ESPERANCE [2ème C],school,12.5928169,-8.0234663
COMPLEXE SCOLAIRE SENIDIA,school,12.5669073,-7.9813114
COMPLEXE SCOLAIRE SENIDIA,school,12.5668827,-7.9814327
KALHID BOUN WALID [1er C],school,12.57692,-7.99138
KALHID BOUN WALID [2ème C],school,12.57692,-7.99138
KANY TRAORE,school,12.5807333,-7.9937167
KANY TRAORE,school,12.5807333,-7.9937167
KOFAN [1er C],school,12.5853,-7.99995
KOFAN [2ème C],school,12.58532,-7.99998
KOUMBA DIAKITE [1er C],school,12.57728,-7.99305
KOUMBA DIAKITE [2ème C],school,12.57728,-7.99305
LA SAGESSE,school,12.57776,-8.00096
LAC TELE [1er C],school,12.5616581,-7.9900141
LAC TELE [2ème C],school,12.56164,-7.99007
LAÏQUE ATT (KALABAN SUD) [1er C],school,12.5584081,-7.9828467
MAISON CORAN ET HADITH [1er C],school,12.5994167,-8.0089
MAISON CORAN ET HADITH [2ème C],school,12.5994167,-8.0089
MAMADOU TRAORE [1er C],school,12.5897703,-8.0266313
MAMADOU TRAORE [2ème C],school,12.5896738,-8.0159484
MAMELON,school,12.58785,-8.00019
MARLIDEM [1er C],school,12.58215,-7.9879333
MARLIDEM [2ème C],school,12.58215,-7.9879333
MATIA,school,12.57785,-7.9967
MEDERSA communautaire BACO DJICORONI ACI [1er C],school,12.5897272,-8.0266285
MEDERSA communautaire BACO DJICORONI ACI [2ème C],school,12.589685,-8.026631
MEDRESA A-NOUR EL ISLAM,school,12.5561,-7.99891
MICHELLE POULTON [1er C],school,12.57629,-7.98238
MICHELLE POULTON [2ème C],school,12.57629,-7.98238
N'DJI YACOUBA TRAORE,school,12.5684881,-7.9824252
N'DJI YACOUBA TRAORE,school,12.5685,-7.9823
SAINT JOSEPH [1er C],school,12.5553667,-7.9905333
SAINT JOSEPH [2ème C],school,12.5553006,-7.9906782
SELECT [1er C],school,12.58415,-7.99602
SELECT [2ème C],school,12.58415,-7.99602
TANDINA,school,12.5609167,-7.9953833
TOMBOUCTOU,school,12.5958167,-7.9841167
TOMBOUCTOU,school,12.56947,-7.99761
TRAORE GROUPE SCOLAIRE [1er C],school,12.59332,-8.0123
TRAORE GROUPE SCOLAIRE [2ème C],school,12.59321,-8.0122
URANUS,school,12.58109,-7.98191
YENA ISSA [1er C],school,12.59765,-8.0088333
YENA ISSA [2ème C],school,12.59765,-8.0088333
École Adama Fomba de Tièmala Siriba,school,12.1230857,-7.2977706
École de Badjila,school,12.1053642,-7.3410023
École Birala Sounsounkoro,school,12.0029675,-7.3884046
École Philippe Souquière de Fogoba (Sécondaire),school,12.0421724,-7.4405308
École de Simina,school,12.0226007,-7.1443654
École communitaire Sounkoro Dogomikoro Togola,school,12.0029046,-7.3885471
École de Torokoro,school,12.1496035,-7.2547413
ADJUDANT BAKARY SIDIBE,school,12.4865681,-6.7973239
AHLIATOU SABIL HOUDA [1er C],school,12.0998955,-6.5135516
AHLIATOU SABIL HOUDA [2ème C],school,12.0998955,-6.5135516
BADALABOUGOU,school,12.3155194,-7.2876717
BAGA,school,12.1209667,-7.9816333
BALEA,school,12.2269333,-9.9644
Baléa [2ème C],school,12.2269333,-9.9644
BAKARIBA MARICO de SENOU,school,12.1477836,-6.9370616
BAKARIBA MARICO [2ème C] de SENOU,school,12.147038,-6.9362516
BÂLA,school,12.2268333,-8.1341
Balan - Mansala,school,12.1863167,-8.7590167
BALAN-COMANA [1er C],school,12.1338,-8.7287
BALAN-COMANA [2ème C]YCLE,school,12.1338,-8.7287
BALANDOUGOU [1er C],school,12.4294833,-8.1485167
BALLE,school,12.2827363,-6.9801433
BANANCORO [1er C] A,school,12.4998244,-7.933126
BANANCORO [2ème C] I,school,12.4998186,-7.9332016
BANANKORO [2ème C] II,school,12.499874,-7.9332173
BANANKORO B [1er C],school,12.499796,-7.9331461
BANANTOU,school,12.5077667,-6.52935
BANANZOLE,school,12.2173108,-7.9104055
BANANZOLE [2ème C],school,12.2172452,-7.9103639
BANCO [1er C] ''B'',school,12.1048629,-6.5195597
BANCO [1er C] ''A'',school,12.1048629,-6.5195597
BANCO-COURA,school,12.4190801,-8.0954523
BANCO-COURA [2ème C],school,12.4190533,-8.0954065
BANCOUMANA [2ème C];BANCOUMANA B,school,12.2041897,-8.2670487
BANCOUMANA-COBLEN,school,12.4220667,-7.6062
Ecole publique de Bandougou,school,12.5230919,-7.7636707
BANIL COURAN [1er C] (SEYLA),school,12.4987667,-6.3537833
BANTONA,school,12.2520626,-6.5251762
BAOU-FOULALA [1er C],school,12.224983,-6.5794695
BAOU-FOULALA [2ème C],school,12.224983,-6.5794695
BASSIAN,school,12.33715,-7.4737667
BASSIAN [2ème C],school,12.33715,-7.4737667
BEGNENA,school,12.3987472,-6.5574432
BELEKO A2 [1er C],school,12.4719588,-6.4053703
BELEKO A [2ème C],school,12.4719378,-6.4048767
BELEKO A1 [1er C],school,12.4821409,-6.4126337
BELEKO A2 [2ème C],school,12.4782667,-6.40805
BELEKO B [1er C],school,12.4712674,-6.4045549
BELEKO B [2ème C],school,12.4708274,-6.4041257
BEREBOUGOU,school,12.5473833,-7.4138667
BINTAGNA KAMALE,school,12.5696667,-8.7324833
BLINDIO BOUGOULA,school,12.5125333,-6.3126167
Bô SANGARE [2ème C],school,12.2275333,-8.6369667
BOBOLA,school,12.2222,-7.3817
BOLE,school,12.0266926,-6.9416536
BOMBORO,school,12.05385,-8.5979167
BONEGUE,school,12.1795793,-6.1740489
BONKORO,school,12.4530667,-6.36175
BOUGOUCOURALA [1er C],school,12.3829763,-6.3617981
BOUGOUCOURALA [2ème C],school,12.38251,-6.3620288
BOUGOULA [1er C],school,12.3129198,-7.8002343
BOUNGOUMA,school,12.1903833,-8.4966833
BOURABA,school,12.0728105,-7.0383097
BOURABA [2ème C],school,12.0728105,-7.0383097
BOYA,school,12.2386354,-6.7167289
BOZIBOUGOU,school,12.3399317,-6.558323
CENTRE ISLAMIC de NARENA,school,12.2275333,-8.6369667
CHAMSOU EL HOUDA TONEGUE [1er C],school,12.4421722,-6.5878809
CONGOLA [1er C],school,12.3355333,-8.3241667
CONGOLA [2ème C],school,12.3355333,-8.3241667
DAFARA,school,12.1565833,-7.8692833
DAFARA [2ème C],school,12.1565833,-7.8692833
DALAKANA [1er C],school,12.3410333,-8.2212
DALAKANA [2ème C],school,12.3410333,-8.2212
Daman,school,12.2441833,-7.80675
DAMAN,school,12.5990832,-6.996038
DAMBALA-MAKANDIANA,school,12.4500667,-8.8591833
DANDOUGOU [1er C],school,12.55875,-6.4974
DANDOUGOU [2ème C],school,12.55875,-6.4974
DANGA (ECOM),school,12.1137,-8.6251333
DANTIA,school,12.4841333,-6.94755
DARA [1er C],school,12.4995595,-7.8280914
DARA [2ème C],school,12.4982973,-7.8280324
Darani,school,12.4012161,-7.7586216
DARATOUMOU,school,12.1745167,-7.6129333
DEGNE,school,12.3133167,-7.4005333
DEGNEKORO [1er C],school,12.3499685,-6.6738243
DEGNEKORO [2ème C],school,12.350285,-6.673717
DIALAKEGNY,school,12.0642167,-8.2504667
DIALAKORO,school,12.2539333,-7.4345
DIALAKOROBA [2ème C] II,school,12.26605,-7.92665
DIALAKOROBA [2ème C] I,school,12.26605,-7.92665
DIALAKOROBA A. PC,school,12.26605,-7.92665
DIALAKOROBA B,school,12.26605,-7.92665
DIALAKOROBOUGOU,school,12.5864167,-7.8366833
DIALAKOROBOUGOU [2ème C],school,12.5864167,-7.8366833
DIALAKORO-DJITOUMOU [1er C],school,12.0510333,-7.8270167
Ecole DIALAKORO-DJITOUMOU [2ème C],school,12.0510333,-7.8270167
DIANA,school,12.4468667,-6.4578833
DIATOULA,school,12.5088,-7.86155
Diban,school,12.463326,-7.6112131
DIÈBÈ,school,12.2090556,-6.3427778
DIEBE [2ème C],school,12.2090556,-6.3427778
DIEKO,school,12.1758932,-6.6343261
DIELE,school,12.3023167,-6.4227167
DIENA [1er C]ycle,school,12.3143585,-7.6226796
DIENA [2ème C],school,12.315218,-7.6226846
DIERRA [1er C],school,12.09385,-7.6188667
DIGABOUGOU,school,12.1681167,-6.8966
DIGAN [1er C],school,12.1312833,-7.7831167
DIGAN [2ème C],school,12.1312833,-7.7831167
DIOILA A'' C'' [1er C],school,12.4758768,-6.7943949
DIOÏLA C [2ème C],school,12.4761289,-6.7944969
DIONOGON,school,12.1892,-6.2785
DIONON-COBLEN,school,12.4464833,-7.5339
DIONON-COBLEN [2ème C],school,12.4464833,-7.5339
DIORILA,school,12.1067667,-8.0923667
DIORILA [2ème C],school,12.1067667,-8.0923667
DIOULAFOUNDO,school,12.2130379,-7.6468349
DIOULAFOUNDO ECOM,school,12.07455,-8.6734167
DJINIDIEBOUGOU,school,12.58715,-8.2665
DJOLIBA [1er C] A,school,12.3450333,-8.1384833
DJOLIBA [2ème C],school,12.3450333,-8.1384833
DJOLIBA B,school,12.3450333,-8.1384833
DJOLIBANI,school,12.2087167,-8.80475
DJONDOUGOU,school,12.4425916,-6.7963436
DJOUME,school,12.49715,-7.3672833
Ecole de Dogoro,school,12.42265,-8.4328833
DOHOUN,school,12.1327579,-6.5781499
DOMA II,school,12.27265,-6.19095
DOMAN I,school,12.2572,-6.21425
DOMI,school,12.4585497,-6.7796535
DONOMBOUGOU,school,12.3615235,-6.7106886
DOUBAN,school,12.3368895,-7.840458
DOUGABOUGOU,school,12.3044833,-6.8513333
DOUGALA,school,12.5243,-7.29565
DOUGAZANA,school,12.2371667,-6.3256667
DOUGOUTIGUILA,school,12.3706,-6.40435
DRAKELE,school,12.0284897,-6.6432578
DRAKELE MEDERSA,school,12.0361179,-6.6385532
EC KOFLANI,school,12.21915,-7.4911
EC KOUNGODIAN,school,12.47705,-7.8348333
École communautaire de FAH,school,12.3965853,-6.6381723
École communautaire de MAKANDJANA,school,12.3353667,-8.3526167
École FASO JIGI (NAFADJI),school,12.3850833,-8.8084667
Ecole de Kalaya,school,12.35425,-8.28905
ECOM DION,school,12.2584945,-6.6211886
ECOM BALLALA,school,12.13405,-8.1246167
ECOM BAMAKONI,school,12.0298333,-7.7558833
ECOM BANAMBANI,school,12.1755,-7.4739
ECOM BINI,school,12.3838667,-7.3837
ECOM BIRON,school,12.2971605,-7.7605509
ECOM BOBOLA,school,12.2222,-7.3817
ECOM DARAKORO,school,12.0117167,-8.09455
ECOM DARATOUMOU,school,12.1745167,-7.6129333
ECOM DEGNE,school,12.3133167,-7.4005333
ECOM DIALAKORO,school,12.2539333,-7.4345
ECOM DIANIKORO,school,12.3459333,-7.40845
ECOM DIEMA,school,12.3149898,-7.622528
Ecole,school,12.1229667,-7.8622667
ECOM DJONKALAN,school,12.1901667,-7.8047667
ECOM FACOBOUGOU,school,12.0335833,-7.5724333
ECOM FADIOBOUGOU,school,12.01195,-7.7476
ECOM FANI-CODIALAN;MEDERSA FANI CODIALAN,school,12.170382,-7.8280513
ECOM KABAN,school,12.1317833,-7.6409
ECOM KANDIAN,school,12.15225,-8.0509667
ECOM KANGOLE,school,12.2440833,-7.6793333
ECOM KARAKO,school,12.243354,-7.8491496
ECOM KARASSANA,school,12.1378667,-8.00715
ECOM KINSIKA,school,12.4715166,-7.5567126
ECOM KONIAN,school,12.3617844,-7.7823286
ECOM KORONA,school,12.16155,-7.9247333
ECOM MAKONO,school,12.1668,-8.18595
ECOM MASSAKO,school,12.160155,-7.9521468
ECOM MORIBOUGOU,school,12.15625,-8.0878333
Ecole,school,12.01765,-7.9464833
ECOM MPANA,school,12.043428,-7.9064624
ECOM NIANFALAN,school,12.4217667,-7.9891333
Ecole fondamentale,school,12.0318,-7.86725
ECOM SABALA,school,12.3903667,-7.5827667
ECOM SAFECORO,school,12.2600514,-7.7235754
ECOM SANANKORONI,school,12.1921198,-8.1319971
ECOM SICORO,school,12.3804351,-7.9627001
ECOM SIDO-DJITOUMOU,school,12.0859667,-7.7534
ECOM SIKORO,school,12.2624333,-7.6467
ECOM SOLON CORE,school,12.1860832,-8.044691
ECOM SONKORIA,school,12.2140566,-8.0873867
ECOM TENEMANBOUGOU,school,12.0038,-7.9133167
ECOM TIENCOUMA,school,12.39985,-7.7048333
ECOM ZOUGOUME,school,12.4496236,-8.0224598
EPR ESPOIR N'TINTOUBOUGOU,school,12.0038,-7.9133167
ESPOIR KABALA,school,12.5243167,-8.0419
ESPOIR KALABANCORO [1er C],school,12.5724167,-8.0281167
ESPOIR KALABANCORO [2ème C],school,12.5724167,-8.0281167
FADABOUGOU,school,12.4425355,-6.7856509
FALAKO [1er C],school,12.5697921,-7.1859319
FALAKO [2ème C],school,12.5698219,-7.1860327
FALAKONO,school,12.3851789,-7.0467847
FALAN,school,12.1678667,-7.7415833
FALAN [2ème C],school,12.1678667,-7.7415833
FALANI [1er C],school,12.4449128,-7.8007324
FALANI [2ème C],school,12.4449,-7.8007
FALANI CENTRAL [2ème C],school,12.0658636,-6.8553615
FALANI SANANKORO,school,12.0678699,-6.8344671
FALANI-BANCO,school,12.0170635,-6.46554
FALANI-BANCO [2ème C],school,12.0170635,-6.46554
FALANI-CENTRAL,school,12.0658636,-6.8553615
FARABA,school,12.4365667,-8.20625
FARABANA,school,12.4567333,-8.1215
FARAGUERO,school,12.4007333,-8.46855
FARAKAN,school,12.2232342,-6.9204588
FARAKAN [2ème C],school,12.2232342,-6.9204588
FARAKO DARANI,school,12.4261667,-7.7533333
FARAKO MOUNTOUGOULA,school,12.5453167,-7.86195
FARAKO MOUNTOUGOULA [2ème C],school,12.5453167,-7.86195
FARISOUMANA,school,12.4746167,-7.4319833
FEREINTOUMOU [1er C],school,12.2130333,-7.9857
FEREINTOUMOU [2ème C],school,12.2130333,-7.9857
FIGNANA,school,12.4423444,-6.8401028
FOLONA,school,12.0475333,-7.0509333
FOUGA,school,12.4396992,-6.7223079
FOUGALA,school,12.0675,-6.99435
FOUNENA,school,12.0608747,-6.433273
FRATERNITE SIRAKORO,school,12.5651167,-7.91825
FRATERNITE-SIRACORO-MEGUETANA,school,12.5651167,-7.91825
GOLO,school,12.3566167,-8.8109
GONSOLO A,school,12.263265,-8.3934994
GONSOLO B,school,12.2633332,-8.3934409
GOUANA,school,12.5141111,-7.9993056
GOUANA [2ème C],school,12.5141111,-7.9993056
GOUANI,school,12.2743833,-7.57365
GUEGUENA,school,12.4296167,-6.4389167
Ecole de Gueleba,school,12.0884833,-8.2938833
GUELEKOUN,school,12.44455,-6.3788333
Ecole de Guena,school,12.3520167,-8.3880167
HAMDALLAYE,school,12.0157,-8.3310167
HAYATOUL ISLAM TOGO,school,12.06175,-6.6764333
INSTITUT OUMOUNA KOBALAKORO,school,12.5879833,-7.76565
KABALA,school,12.5243167,-8.0419
KABALA [1er C] B,school,12.5243167,-8.0419
KABALA [1er C] C,school,12.5243167,-8.0419
KABALA [2ème C],school,12.5243167,-8.0419
KABALABOUGOU,school,12.5604667,-8.0541833
KABE,school,12.3947404,-8.0092461
KACOUMA,school,12.3336124,-6.5757037
KAFARA,school,12.1223667,-7.8093167
KAFLA,school,12.1068102,-6.4496613
Ecole de Kaka,school,12.3558667,-8.4350333
KALABAN CORO [2ème C] I,school,12.5724167,-8.0281167
KALABAN CORO i,school,12.5724167,-8.0281167
KALABAN CORO J,school,12.5724167,-8.0281167
KALABANCORO [1er C] H,school,12.5724167,-8.0281167
KALABANCORO [2ème C] B,school,12.5724167,-8.0281167
KALABANCORO [2ème C] G,school,12.5724167,-8.0281167
KALABANCORO [2ème C] H,school,12.5724167,-8.0281167
KALABANCORO D,school,12.5724167,-8.0281167
KALABANCORO D [1er C],school,12.5724167,-8.0281167
KALABANCORO E,school,12.5724167,-8.0281167
KALABANCORO E,school,12.5724167,-8.0281167
KALABANCORO F,school,12.5724167,-8.0281167
KALAGUE,school,12.37645,-8.5515833
KAMABOUGOU,school,12.3558169,-6.8313655
KAMALE [2ème C],school,12.3806,-8.2711
KANADJIGUILA [2ème C],school,12.5653056,-8.0923997
KANADJIGUILA [2ème C] B,school,12.5653391,-8.0922662
KANADJIGUILA A,school,12.5654443,-8.0923005
KANADJIGUILA B,school,12.5654401,-8.0924434
KANFARA,school,12.1482021,-6.8684883
KANI,school,12.1362019,-6.77651
KANKONI [1er C],school,12.2052833,-6.08595
KANKONI [2ème C],school,12.2052833,-6.08595
KANZO BAMANA,school,12.0481825,-6.449495
KANZO DIOURALA,school,12.0973366,-6.6643453
KARAMOKOLA [1er C],school,12.4087167,-8.6063667
KARAMOKOLA [2ème C],school,12.4087167,-8.6063667
KARAN [1er C],school,12.1315833,-8.52745
KARAN [2ème C],school,12.1315833,-8.52745
KAYA,school,12.1305585,-6.71807
KEME,school,12.1538991,-6.9750471
KENENKOU [1er C],school,12.59265,-8.2148167
KENENKOU [2ème C],school,12.59265,-8.2148167
KENIEBA [1er C],school,12.0447333,-8.6360833
KENIEBA [2ème C],school,12.0447333,-8.6360833
KOUROUBA [2ème C],school,12.0095,-8.2907167
OUEZZINDOUGOU [2ème C],school,12.5456389,-8.0876667
MAKANAKOTO,school,12.5597833,-9.68715
DIRE-DAKOUNTA,school,12.31415,-10.6687
BOURA [1er C] B,school,12.41695,-4.5443167
BOURA [2ème C],school,12.41695,-4.5443167
École communautaire KOLONI,school,12.3644667,-4.5901167
ECOM SINDE,school,12.5407167,-4.6698833
N'GOURABA [2ème C],school,12.4267167,-7.4907667
N'GOLOBOUGOUNI,school,12.5856167,-6.9074833
NAMAGANA,school,12.2205833,-8.90375
MOLOBALA,school,12.0753195,-8.0039331
KLE [2ème C],school,12.1050292,-6.3584984
DJELE,school,12.0586833,-5.6008167
BOURA [1er C]c A,school,12.4169212,-4.544312
GARASSO [2ème C],school,12.37635,-5.0794167
Ecole de Dorokouma,school,12.5304102,-4.4120352
ECOM KIAN I,school,12.3465667,-4.4756333
SIGUILA,school,12.3457253,-6.5249563
École fondamentale de KOUMBIA,school,12.5958474,-4.688964
KENIEBA-COUTA,school,12.4845333,-8.9172333
KENIEMA,school,12.2868667,-8.6528167
KENIERO [1er C],school,12.3821333,-8.5218167
KENIERO [2ème C],school,12.3821333,-8.5218167
KENIEROBA [1er C],school,12.1119667,-8.3321167
KENIEROBA [2ème C],school,12.1119667,-8.3321167
KEREME,school,12.0875,-6.1947833
KIAMBOUGOU,school,12.2821408,-6.9611586
KILECOUNGO,school,12.4657667,-6.6166
KIMIRI FASSIGALA,school,12.177,-6.9900167
KINDIA,school,12.5259,-6.3693667
KIRINA,school,12.3082167,-8.1516167
KIRINA [2ème C],school,12.3082167,-8.1516167
KLACOUMA,school,12.0323306,-6.7777438
KLE [1er C],school,12.1050292,-6.3584984
KOBALACORO [2ème C] II,school,12.5879833,-7.76565
KOBALACORO [2ème C] I,school,12.5879833,-7.76565
KOBALACORO A,school,12.5879833,-7.76565
KOBALACORO B,school,12.5879833,-7.76565
KOBALACORO C,school,12.5879833,-7.76565
KOIZANA,school,12.22415,-6.28255
KOKOUN,school,12.3168,-6.3777
KOLA,school,12.2507667,-7.9934333
KOLENA,school,12.3890262,-8.9059106
KOLIMBA,school,12.35295,-7.65655
KOLIMBA [2ème C],school,12.35295,-7.65655
KOLOBOUGOU,school,12.5684988,-7.0007909
KOLOKO,school,12.4794167,-6.3174
KOLONI,school,12.4736833,-6.4799667
KOLONIA,school,12.4949833,-6.4689833
KOMALA,school,12.2259833,-8.4736667
KOMBO,school,12.3046167,-7.6155167
KONDO,school,12.0428342,-7.0099533
KONFON,school,12.1762687,-6.378277
KONI [1er C],school,12.41405,-7.4289167
KONIOBLA,school,12.41545,-7.8864833
KONOSSORO,school,12.2839167,-6.0602333
KONZOKOLA,school,12.1327203,-6.6372336
KORODOUGOU,school,12.4315,-6.2863833
KORODOUGOU FALANI,school,12.4228167,-6.3096
KOROKORO,school,12.3510397,-6.7837434
KOTOULA [1er C],school,12.3919667,-6.4251
KOTOULA [2ème C],school,12.3919667,-6.4251
KOULA [1er C],school,12.1856296,-6.5198494
KOULA [2ème C],school,12.1856296,-6.5198494
KOUNAMBOUGOU,school,12.1834141,-6.4105333
KOUNGODIAN,school,12.4770135,-7.8348254
KOURALE,school,12.49375,-8.0259333
KOURALE [2ème C],school,12.49375,-8.0259333
KOUROUBA [1er C],school,12.0095,-8.2907167
KOURSALE [1er C],school,12.2605167,-8.1857167
KOURSALE [2ème C],school,12.2605167,-8.1857167
KOYALA,school,12.1057159,-6.3953734
KRIMALE,school,12.1991167,-8.4406167
LABATA,school,12.4155167,-8.9179167
LANDI,school,12.1926,-8.5289333
Ecole de Landi,school,12.1926,-8.5289333
LENA,school,12.0290833,-8.3498833
MABAN,school,12.4468167,-6.6420833
MAISON DU CORAN EL HADISS de MASSAKO,school,12.0958131,-6.7131508
MAMARIBOUGOU [1er C],school,12.56575,-8.1040167
MAMARIBOUGOU ([2ème C]),school,12.5657131,-8.1039864
MAMBILA,school,12.3062833,-8.9092333
MANA,school,12.0434288,-7.9064633
Ecole de MANABOUGOU [1er C],school,12.0832684,-7.992492
MANACORONI [1er C],school,12.4791167,-7.8700167
MANACORONI MEDERSA,school,12.4791167,-7.8700167
MANACOUNGO,school,12.3970693,-6.6397128
Ecole de Manan,school,12.1760333,-8.5632833
MARAKO,school,12.1816,-7.8957667
MARAKO [2ème C],school,12.1815948,-7.8958127
MARIAM DEBY de BANANKORO [1er C],school,12.4998317,-7.9332075
MARIAM DEBY de BANANKORO [2ème C],school,12.4998386,-7.9331492
MASSACOLOMA,school,12.3005833,-8.7757167
MASSAKO,school,12.0951167,-6.7147667
MASSAKONI,school,12.133761,-6.8002529
MASSALA-DJITOUMOU [1er C],school,12.0849667,-7.7163833
MEDERSA CONGOLA,school,12.3355333,-8.3241667
MEDERSA KOLLE [1er C],school,12.2318833,-8.2427833
MEDERSA KOLLE [2ème C],school,12.2318833,-8.2427833
MEDERSA MAHINA,school,12.4972833,-7.04825
MEDERSA NONFOURA,school,12.2981667,-6.8088167
MEDERSA BAKARIBOUGOU,school,12.4961649,-7.2471576
MEDERSA BALENKOUNGO,school,12.517789,-6.6376198
MEDERSA BASSIAN,school,12.33715,-7.4737667
MEDERSA BASSITAN TRAORE de KANI,school,12.1358333,-6.7782833
Medersa Dankassene,school,12.176803,-8.4606707
MEDERSA DEGNE,school,12.3133167,-7.4005333
MEDERSA DIEBE,school,12.2087833,-6.3449333
MEDERSA DIENA,school,12.2123,-7.6479
MEDERSA FALAN,school,12.1678667,-7.7415833
MEDERSA HAMZATOU SINSINA,school,12.3492667,-7.9732833
MEDERSA KENIERO,school,12.3821333,-8.5218167
MEDERSA KONI,school,12.41405,-7.4289167
MEDERSA KOYALA,school,12.1028083,-6.395588
MEDERSA LANDI,school,12.1926,-8.5289333
MEDERSA N'DJIGUELA,school,12.2260833,-6.2744667
MEDERSA N'GOURABA,school,12.4267167,-7.4907667
MEDERSA N'GOURABA,school,12.4267167,-7.4907667
MEDERSA NIAGADINA,school,12.1370167,-8.2285167
MEDERSA NIAGADINA,school,12.1370167,-8.2285167
MEDERSA NIAGADINA,school,12.1370167,-8.2285167
MEDERSA NIAME,school,12.2178667,-8.3978833
MEDERSA NOUR EL HOUDA,school,12.5968077,-6.6121071
MEDERSA SEHOUN DJOURALA,school,12.1634102,-6.6034538
MEDERSA SELIBAN,school,12.0484333,-7.6491
MEDERSA TIECOUMELA,school,12.54725,-6.4039167
MEDERSA TIELE,school,12.30355,-7.5677667
MEDERSA TONE,school,12.25585,-6.8862
MEDERSA WO,school,12.3150333,-6.4580167
MENA [1er C],school,12.2158578,-6.2043739
MENA [2ème C],school,12.2163768,-6.2049372
MISSALA,school,12.5067833,-8.0014
MISSALA [2ème C],school,12.5067833,-8.0014
MISSIRITOU I,school,12.5431681,-6.6486812
MOGOYACOUNGO,school,12.41975,-7.5546167
MOKE,school,12.1048683,-6.812296
MORILA,school,12.2036833,-6.6422667
MOUCODJAMBOUGOU,school,12.2445577,-7.0809621
Mounzoun,school,12.4981317,-7.6623928
Mounzoun [2ème C],school,12.4980402,-7.662793
MPIELA,school,12.1140333,-7.55925
Ecole de Nafadji,school,12.3750667,-8.2114
NAHAROU SAADATI (KOTOULA),school,12.3919667,-6.4251
NALLA I,school,12.5716893,-7.216376
NAMALA,school,12.2020333,-8.5274333
NANA,school,12.2816741,-6.7732913
Ecole de Nanguila,school,12.116553,-8.2638826
NANGUILA [2ème C],school,12.1165287,-8.2638846
NASSELA,school,12.3386167,-6.859
NATIANA,school,12.5206107,-6.9884313
N'DJIBALA,school,12.2080167,-7.0034
N'DJIBOUGOU,school,12.1461207,-6.5500081
N'DJIDIANA,school,12.218,-6.1437833
N'DJIGUELA,school,12.2260833,-6.2744667
N'DJILA,school,12.1542667,-6.22075
N'DJILA,school,12.5084388,-6.9309462
NECKO,school,12.50675,-7.33855
NEMATOULAYE,school,12.5215667,-6.8082333
N'GALA,school,12.3645,-6.54185
N'GARA [1er C],school,12.3745274,-6.8740702
N'GARA [2ème C],school,12.3749203,-6.87576
N'GOLOBALA,school,12.2077333,-6.115
N'GOLOBOUGOU [1er C],school,12.1727765,-6.7152483
N'GOLOBOUGOU [2ème C],school,12.183103,-6.7176462
N'GOLOFIA,school,12.5671333,-6.9263167
N'GOLOKOROLA,school,12.5970238,-7.1436977
N'GOLOTENA,school,12.3177177,-7.0089663
N'GONIKO,school,12.5332434,-7.6920574
N'GOURABA [1er C],school,12.4267167,-7.4907667
NGOURABA [2ème C],school,12.4267167,-7.4907667
NIABROUDJILA,school,12.4654034,-6.8859441
NIADOUMANA,school,12.2101986,-6.7750723
NIAGADINA [1er C],school,12.1370167,-8.2285167
NIAGADINA [2ème C],school,12.1370167,-8.2285167
NIAGANABOUGOU,school,12.15545,-8.30655
NIAMADIO,school,12.1349627,-6.6732395
NIAMANA [1er C],school,12.5974722,-7.845
NIAMANA [2ème C],school,12.5974421,-7.8449852
NIAME,school,12.2178667,-8.3978833
NIANANDOUGOU SIRACORO,school,12.2638482,-6.6654021
NIANANDOUGOU SIRAKORO,school,12.2972578,-6.6692162
NIANGUELA,school,12.3831,-6.4362833
NIANZANA,school,12.2262702,-7.7377569
NIDAOU [2ème C] BELEKO;NIDAOU (BELEKO),school,12.4788726,-6.4078594
NIENGUE CORO [1er C],school,12.2722333,-8.0819333
NIENGUE CORO [2ème C],school,12.2722333,-8.0819333
NIENGUE-COURA [1er C],school,12.26845,-8.0949667
NIENGUE-COURA [2ème C],school,12.26845,-8.0949667
NIOKO,school,12.4846333,-7.4724
NIONTONA,school,12.591806,-6.4764567
NIOUMA MAKANA [1er C],school,12.4123167,-8.8778167
NIOUMA MAKANA [2ème C],school,12.4123167,-8.8778167
NIOUMALA [1er C],school,12.3213167,-8.8402667
NIOUMALA [2ème C],school,12.3213167,-8.8402667
NONFOURA,school,12.2981667,-6.8088167
NONSOMBOUGOU,school,12.32135,-6.35245
NOUGANI,school,12.0169667,-8.7276
NOUGANI MEDERSA,school,12.0169667,-8.7276
NOUR EL ISLAM [2ème C],school,12.4874425,-6.7944378
NOUR EL ISLAM [1er C],school,12.4874425,-6.7944378
NOUROUL HOUDA (KORODOUGOU),school,12.4315,-6.2863833
NOUROUL ISLAM (KORODOUGOU),school,12.4315,-6.2863833
Ecole publique de Ntabacoro,school,12.5582304,-7.8540824
N'TABACORO VILLAGE [2ème C],school,12.55825,-7.8540833
N'TEKEDO MANDE,school,12.5825646,-8.1279652
N'TEKEDO MANDE,school,12.5823134,-8.1278383
N'TENTOUCORO,school,12.08675,-7.8694667
NTINTOUBOUGOU [2ème C],school,12.0038,-7.9133167
N'TINTOUBOUGOU P.C,school,12.0038,-7.9133167
N'TOBOUGOU [1er C],school,12.3613679,-6.5930415
N'TOBOUGOU [2ème C],school,12.3583746,-6.593358
N'TOSSOUMA,school,12.5181667,-7.1746
OUEZZINDOUGOU [2ème C] B,school,12.5456389,-8.0876667
OUEZZINDOUGOU A PC,school,12.5456389,-8.0876667
OUEZZINDOUGOU B,school,12.5456389,-8.0876667
École privée laïque de Niamana,school,12.5989167,-7.8432
SABIL AL ITIHAD [1er C],school,12.1068907,-6.3573129
SABILOU ROUCHDI NIONTONA,school,12.5917667,-6.47645
SACORODABA,school,12.4892167,-8.792
Safe Core,school,12.2638234,-7.7850687
SAGUELE [1er C],school,12.4116,-8.5124833
SAGUELE [2ème C],school,12.4116,-8.5124833
SAH,school,12.2708434,-6.5948922
SAMALE,school,12.42355,-8.1235667
SAMALOFIRA - SOCOURANI [1er C],school,12.2710833,-8.55945
SAMALOFIRA - SOCOURANI [2ème C],school,12.2710833,-8.55945
SAMANKO POST CURE,school,12.5460167,-8.1124
SAMANKO-VILLAGE,school,12.5381862,-8.0895675
SAMANKO-VILLAGE [2ème C],school,12.5386231,-8.0896943
SAMAYA [1er C],school,12.5501167,-8.0569833
SAMAYA [2ème C],school,12.5501167,-8.0569833
SAMAYANA [1er C],school,12.4012333,-8.1178833
SAMAYANA [2ème C],school,12.4012221,-8.1178707
SANA,school,12.3425013,-6.7142559
SANAKORO DJEDALA,school,12.1929842,-6.5747113
SANAMBELE,school,12.2834455,-7.8239854
SANAMBELE [2ème C],school,12.2834455,-7.8239843
SANANKORO DJITOUMOU [1er C],school,12.05555,-7.7064
SANANKORO DJITOUMOU [2ème C],school,12.05555,-7.7064
SANANKOROBA [2ème C] I,school,12.39635,-7.9381167
SANANKOROBA [2ème C] II,school,12.39635,-7.9381167
SANANKOROBA [2ème C] III,school,12.39635,-7.9381167
SANANKOROBA A,school,12.39635,-7.9381167
SANANKOROBA B,school,12.39635,-7.9381167
SANANKOROBA C,school,12.39635,-7.9381167
SANDAMA [1er C],school,12.4346167,-8.7407167
SANDAMA [2ème C],school,12.4346167,-8.7407167
SEBECOURANI,school,12.2035333,-8.7054833
SEGUENE,school,12.2534333,-6.37705
SELEKEGNI,school,12.0100167,-8.4681833
SELIBAN,school,12.0484333,-7.6491
SELO,school,12.0551333,-8.5501667
SELOFARA,school,12.2253833,-8.8361833
SELOFARA [2ème C]YCLE,school,12.2253833,-8.8361833
Ecole de Sendala,school,12.3688833,-8.3021667
SEYLA,school,12.4987667,-6.3537833
SEYLA [2ème C],school,12.4987667,-6.3537833
SEYLA MISSIRILA,school,12.50255,-6.3451167
SIANKORO,school,12.2402555,-6.6522593
SIBY [2ème C],school,12.37695,-8.3293333
SIBY A,school,12.37695,-8.3293333
SIBY B,school,12.37695,-8.3293333
SIBY C,school,12.37695,-8.3293333
SIBY MEDERSA (KAMANDIA),school,12.37695,-8.3293333
SIMIDJI [2ème C]C,school,12.0991167,-7.8967667
Ecole fondamentale,school,12.0991167,-7.8967667
SINSINA,school,12.3492667,-7.9732833
SINSINA [2ème C],school,12.3492667,-7.9732833
SIOKORO,school,12.1539152,-7.0376874
SIRACORO MEGUETANA [1er C] B,school,12.5651167,-7.91825
SIRAKORO,school,12.1837145,-6.6108085
SIRAKORO MEGUETANA [1er C] A,school,12.5651167,-7.91825
SIRAKORO MEGUETANA [1er C] C,school,12.5651167,-7.91825
SIRAKORO MEGUETANA [2ème C] A,school,12.5651167,-7.91825
SIRAKORO MEGUETANA [2ème C] B,school,12.5651167,-7.91825
SIRAKORONI,school,12.1037525,-6.5629471
SIRILA,school,12.0930022,-6.9264401
Ecole de Sognebougou,school,12.4059643,-8.3840687
SOLABOUGOUDA,school,12.2394333,-8.5691167
SORO,school,12.5093656,-7.7078393
SOROCORO-COURA,school,12.4187167,-8.7842667
SOROKORO,school,12.40195,-8.8597
SOROKORONI,school,12.3030299,-6.6300292
SOUBLOU SALAM WAL HOUDA [1er C],school,12.1067029,-6.5213461
SOUGOULA,school,12.0865167,-7.7897
SOUGOULA [2ème C],school,12.0865167,-7.7897
TABOU [1er C],school,12.3332048,-8.402957
TABOU [2ème C],school,12.333198,-8.4029754
TADIANA,school,12.3125314,-7.8719739
TADIANA [2ème C],school,12.3130062,-7.8726994
TAMALA,school,12.01015,-7.8517333
TAMALA [1er C],school,12.3888167,-7.9582
Ecole fondamentale [2ème C],school,12.01015,-7.8517333
TAMBALE,school,12.5158333,-8.8802
TANGALA,school,12.5276,-7.7527333
TARBIYATOUL ISLAMYA (KORODOUGOU),school,12.4315,-6.2863833
TEMENA,school,12.223953,-6.8619705
Ecole de Teneya,school,12.3216667,-8.29355
TENIMBOUGOU,school,12.4739,-6.9387833
TEREKOUROU,school,12.0384833,-8.2879833
THIO,school,12.4562667,-6.5043167
THION,school,12.4137,-6.9627833
TICKO,school,12.1358833,-8.39675
TIECOUMELA,school,12.5492778,-6.4006944
TIELE,school,12.30355,-7.5677667
TIELE [2ème C],school,12.30355,-7.5677667
TIELE [2ème C],school,12.30355,-7.5677667
TIELE MEDERSA,school,12.30355,-7.5677667
TIENDO,school,12.5555584,-6.819338
Tiene,school,12.385931,-7.8056994
TIENGOLA,school,12.314499,-6.9523931
TIESSOULA,school,12.1190035,-6.9809908
TIMPANA,school,12.30665,-6.7162333
TINZANA [1er C],school,12.1684,-6.0896667
TIONI [1er C],school,12.3504062,-6.5617643
TIONI [2ème C],school,12.3501992,-6.5616275
TIRI,school,12.3915667,-6.6805
TOBRILA,school,12.0905055,-8.5323251
TOGO [1er C],school,12.0628112,-6.6963387
TOGO [2ème C],school,12.0628112,-6.6963387
TOMBA,school,12.05645,-7.0917833
TOMODO-COMACARA,school,12.0774333,-8.7308167
TONE,school,12.25585,-6.8862
TONEGUE,school,12.441981,-6.5878916
TONGA,school,12.49355,-6.8736833
TOUBALA,school,12.1147442,-6.421482
TOULA,school,12.4096167,-6.7548833
TOURELA [1er C],school,12.3528667,-8.0822333
TOURELA [2ème C],school,12.3528667,-8.0822333
WANI,school,12.39125,-6.4700167
WASSANTJILA,school,12.5803167,-6.53015
WÔ,school,12.3150333,-6.4580167
WOLOKORO - KOSSA,school,12.0589811,-6.824441
WOLOME,school,12.50165,-6.7591
WONDIA,school,12.31465,-6.3366167
ZAMBALABOUGOU,school,12.5315005,-6.5921295
ZAMBOUGOU DIONKALAN,school,12.1878167,-7.7877667
ZAMBOUGOU EST,school,12.4900201,-6.7364445
ZANA,school,12.3474333,-6.5255333
ZANZOUNA,school,12.2963833,-6.3502833
ZETA,school,12.5505817,-6.769386
ZOUGOUME,school,12.4496667,-8.02245
AFFIA,school,12.3109833,-11.0144833
ALAMAKOLON-MAMOUDOUYA,school,12.14,-10.68
BABARA,school,12.3351,-10.9343833
BOUKA,school,12.3974667,-10.9582167
DARSALAM Faléa,school,12.1210333,-11.2834333
DARSALAM Faraba,school,12.4133333,-10.9199333
DIABY,school,12.4710167,-11.0985
DIRE-DARA,school,12.1601167,-10.7656833
DITTIN,school,12.0778167,-10.6477167
DITTIN [2ème C],school,12.0778329,-10.6477172
DJEKOUMAKO I,school,12.1705167,-10.5263
FADOUGOU,school,12.5386441,-11.3836423
FALEA [1er C],school,12.2649833,-11.27325
FALEA [2ème C],school,12.2649833,-11.27325
FARABA [1er C],school,12.4336,-10.8972167
FARABA [2ème C],school,12.4336,-10.8972167
FARI-DANTARY,school,12.1620281,-10.6651257
GALAMA DAKOUYA,school,12.0921838,-10.6583833
GALAMA-HONDE,school,12.0921667,-10.6583833
غارودجي GAROUDJI,school,12.35635,-10.9088667
HAMDALLAYE,school,12.3590833,-11.0449
ILIMALO,school,12.3524667,-11.4371167
KAMBAYA,school,12.3532,-11.3350167
KANKALABE,school,12.4002,-10.6329333
KONDONYA,school,12.3547667,-11.0529
KOSSAYA,school,12.5128167,-10.9736333
KOULO,school,12.3426167,-10.989
KOUROUFING,school,12.44365,-10.9729
MANKOUKE,school,12.4852167,-11.1564167
MOUSSALA,school,12.52975,-11.29465
NEREBOU,school,12.4161333,-10.4048667
SABERE-KOULO;SABER-KOULO,school,12.04155,-10.7509
SAGALO,school,12.1943117,-10.6966392
SANSANKORE,school,12.5478,-10.5378333
SELINGOUMA,school,12.5557333,-11.1365833
SIMBARACOURE,school,12.1458176,-11.3693001
SIRIBAYA,school,12.3607,-11.26115
SITADINA,school,12.0934,-11.2085667
SITANI YENGUE,school,12.1476,-10.4803333
TIMBO,school,12.0387,-10.6238
TOMBOKOLY,school,12.5354333,-10.8762
BENDOUGOUNY,school,12.5929333,-9.2527833
DAKAMAKANIA,school,12.4614,-10.0624667
FOUGOUNTHO,school,12.5320833,-10.2326333
GALISINE,school,12.3174333,-9.7110167
GOUDAMIA,school,12.2319167,-10.1273667
KABELEA,school,12.2070833,-10.2071333
KAMAN-SIRIKAMAN,school,12.53215,-8.9836167
Kambaya,school,12.13855,-9.9602333
KENIETO,school,12.5451,-9.8565167
KOKOUROUNI,school,12.5121,-9.1220833
KOULOU BENDOUGOU,school,12.256,-10.3292167
KOURAGUE,school,12.30635,-10.0264667
KRIKANIA,school,12.1989,-9.84915
LABANTA,school,12.3519667,-10.1163333
MATIRA,school,12.3188167,-10.18175
SAGABARI II,school,12.5879167,-9.8033333
SAGABARI [1er C],school,12.5879167,-9.8033333
SAGABARI [2ème C],school,12.5879167,-9.8033333
SANFINIA,school,12.5063667,-9.9113333
SEGOUNA,school,12.4603167,-9.7455667
SEGOUNA,school,12.4603167,-9.7455667
SEGOUNA [2ème C],school,12.4603167,-9.7455667
SEKORONI,school,12.5911833,-8.9602833
SITAOULE,school,12.3335,-9.8874
SOUKOUTALING,school,12.4982167,-10.2706333
ABDOULAYE BEN ABBASS PAKASSO,school,12.3468558,-5.05837
BAMBOUGOU,school,12.4994,-5.84035
BANESSO,school,12.10265,-5.16755
BANGA,school,12.478956,-4.4826624
BANGA [2ème C]ycle,school,12.4789717,-4.4829252
École communitaire de Banzi,school,12.1991436,-4.6981062
BARAMBA [1er C],school,12.5857,-5.4532167
BARAMBA [2ème C],school,12.5857,-5.4532167
BELESSO,school,12.3187557,-5.5894631
École de Bénigorola,school,12.2223018,-4.9626818
École de Beresso,school,12.2632578,-5.0544902
BESSO,school,12.0932205,-4.9824291
BLENDO,school,12.0590833,-5.4955333
BOBOLA ZANGASSO [2ème C],school,12.5373667,-4.99325
BOBOLA-ZANGASSO [1er C],school,12.5373772,-4.99325
BOMBALA,school,12.4686667,-4.999
BOUBA,school,12.24352,-5.79469
CHIOU,school,12.1164,-5.5381333
Collège Moderne de Sincina,school,12.3519715,-5.4417345
DABONI,school,12.58535,-5.2890833
DAH WATOUL ISLAMIYA SOGOTILA,school,12.4728677,-5.8878833
DANZANA,school,12.5757667,-5.6498
DARKAN ECOM,school,12.5172,-4.71155
DARSALAM [2ème C] B,school,12.40565,-5.4662833
DARSALAM [2ème C] A,school,12.40565,-5.4662833
DARSALAM I École privée [1er C],school,12.4083167,-5.4566333
DARSALAM I École privée [2ème C],school,12.4083848,-5.4566333
DERSSO,school,12.5446167,-5.5783667
DESSENA,school,12.11025,-4.7549167
DIALLE,school,12.14735,-5.3295667
DIARAKONGO,school,12.36385,-4.8281667
DIARAKONGO [2ème C],school,12.3636509,-4.8281452
DIARAMANA,school,12.0276072,-4.884708
DIELA,school,12.5222833,-5.7130667
DIGNAN,school,12.3467091,-5.0582145
DIONA,school,12.4172333,-6.0956833
DIONINA,school,12.0345833,-5.2016333
DJITAMANA,school,12.24675,-5.6378833
DOUGOUAN,school,12.2177167,-5.2549
DOUGOUNOUNA,school,12.3416833,-5.2704333
DOUNA,school,12.0538333,-4.77205
École de ZIENA,school,12.2065066,-5.6912178
ECOM COMMAUTAIRE de KOUN,school,12.5057833,-4.5506
ECOM DANKOURA (KIAN II),school,12.3465755,-4.4756306
ECOM de PIFORO,school,12.1858833,-4.8856833
ECOM GODA,school,12.41155,-4.81075
N'Gorola,school,12.2637708,-4.7193893
EL FAROUK DIONINA,school,12.0347197,-5.2016065
EL ISLAMIA DINOUL GOUELE,school,12.1019041,-4.8853703
FAKONI,school,12.4197833,-4.9836667
Famoussasso,school,12.4601333,-5.3135
FARAKORO,school,12.21815,-5.3356833
FARAKORO ECOM,school,12.1282667,-5.0705333
FARAOULA,school,12.1167167,-5.3632167
FAROUMANE MANE BAOU SAADATI-OUOLOBOUGOU,school,12.4531777,-5.4901906
FIENSO,school,12.2108689,-5.616422
FILIMA,school,12.5251167,-6.18565
FINZANKORO,school,12.3952167,-5.7593667
FOUNA,school,12.1954167,-4.9104667
GANTERE,school,12.0381833,-5.4287833
GARASSO,school,12.3762085,-5.0793899
GOUANDARA,school,12.5153997,-5.015868
GOUELE [1er C],school,12.1022293,-4.8853167
GOUELE [2ème C],school,12.1020667,-4.8853167
Hamdallaye,school,12.3677338,-5.4865403
HAWOU DOULWILAYATOU N'GUESSO II,school,12.2159297,-5.0921631
HAYATOU ISLAM KOLONINA,school,12.3508333,-5.9419667
IHYA OULMIDINE ISLAMIA ZEBALA,school,12.3090563,-5.1579006
ISLAMIYATOU ZIWAZA FI KOLA,school,12.5974478,-5.8013887
KADOUBALA,school,12.21105,-5.76529
École de Kafona,school,12.2561142,-5.0569283
KALEDOUGOU,school,12.5865792,-4.8996757
KALEDOUGOU [2ème C],school,12.5866112,-4.899496
KANI,school,12.2501833,-5.17305
KANIKO [1er C],school,12.3181833,-5.3667833
KARAGOUANA MALLE [1er C]ycle,school,12.5663448,-5.7620994
KARAGOUANA MALLE [2ème C],school,12.5662191,-5.7621048
KARAGOUROULA,school,12.3150421,-4.8440506
École primaire de Karangana (A),school,12.2206794,-5.0244976
MEDERSAS FATHOUL ISLAMYATOU KOULOUMASSALA,school,12.3899,-4.58965
KIKO,school,12.1416815,-5.7864006
Complexe scolaire tigana daliba,school,12.5865649,-7.9722594
Unnamed School,school,12.5865647,-7.9723176
Privée Ounafran Camara,school,12.5967216,-7.988172
KIIFFOSSO [1er C] B,school,12.5026019,-4.9016293
KOME ECOM,school,12.46195,-4.5476333
MEDERSAS FATOU HOUL SLAMIYATOU BOURA,school,12.4169572,-4.5443133
MEDERSAS AL IKTIHA DIYATOU KIFOSSO,school,12.5026333,-4.9016333
École primaire de Karangana (B),school,12.2209651,-5.0244627
École sécondaire de Karangana (A),school,12.2218459,-5.0244627
École sécondaire de Karangana (B),school,12.2216362,-5.0240497
KARANGASSO [2ème C],school,12.2827252,-5.2567019
KARANGASSO DENI,school,12.5154167,-5.0158667
KARANGASSO PU,school,12.2825706,-5.2567247
KELENI,school,12.2195,-5.7846667
KIANA,school,12.48895,-5.9581833
KIFOSSO [1er C] A,school,12.5026831,-4.9016266
KLE,school,12.5038333,-5.4063333
KOLA,school,12.597228,-5.8013806
KOLA [2ème C]ycle,school,12.5973667,-5.8013833
KOLOMOSSO,school,12.5578609,-5.6524232
KOLONINA,school,12.3508333,-5.9419667
KOLONINA [2ème C],school,12.3508333,-5.9419667
KOLONTO,school,12.2324547,-5.5450801
KONA ECOM,school,12.05015,-4.7467167
KONINA [1er C],school,12.479137,-6.1770507
KONINA [2ème C],school,12.4791167,-6.17705
KONKOMBOUGOU,school,12.3125061,-5.8917226
KONSEGUELA [1er C] B,school,12.4066,-5.8806
KONSEGUELA [1er C] A,school,12.4066,-5.8806
KONSEGUELA [2ème C],school,12.4066,-5.8806
KONSEGUELA [2ème C],school,12.4066,-5.8806
Unnamed School,school,12.42549,-5.09103
KOULIKORO [1er C],school,12.3780667,-5.45655
KOULIKORO [2ème C],school,12.3780667,-5.45655
KOUMBRI I,school,12.4514624,-5.3539849
KOUMBRI II,school,12.4514451,-5.3539722
Koumbri Pu,school,12.4514284,-5.353999
KOUNIANA [1er C],school,12.5694258,-5.1260493
KOUNIANA [2ème C],school,12.5694762,-5.1260527
KOUÔ,school,12.3756333,-6.5925
KOUÔ [2ème C],school,12.3756333,-6.5925
Koury [1er C] D,school,12.1836902,-4.8043698
KOUTIALA DARSALAM [1er C] A,school,12.4082957,-5.4566333
KOUTIALA DARSALAM [1er C] B,school,12.408246,-5.4566253
LAMPASSO,school,12.1674167,-5.7554667
LELE BOUGORO,school,12.3409037,-5.2280727
LELENI,school,12.3902184,-5.2450074
LELENI [2ème C],school,12.3899459,-5.2450503
LERESSO,school,12.4039,-5.30225
MADERSSA N'GOLONIANASSO,school,12.4272269,-5.6828877
École de Mahou,school,12.1347265,-4.6323983
École sécondaire de Mahou,school,12.1350516,-4.6311699
École de Mahou (A),school,12.1348419,-4.6319504
École de Mahou (B),school,12.1349363,-4.6315346
MAKONGO,school,12.5500103,-4.8577692
Denso-Koro,school,10.4663079,-8.0878696
DENSO-MADINA ECOM,school,10.4885503,-8.0808374
DJANGUEMERILA ECOM,school,10.3978554,-7.8759211
FILAMANA [1er C],school,10.5015502,-7.9515655
FILAMANA [2ème C],school,10.5016698,-7.9516331
FILAMANA MEDERSA,school,10.501218,-7.9516669
École de Tissala,school,12.9545709,-6.3760473
ecole coranique,school,12.5954697,-7.9829809
École de Diamou (Mouroukoro Dougoumale),school,12.0815573,-7.2406551
DOUGOUNINKORO,school,12.097004,-6.7639411
FOUGANI,school,12.2349822,-6.9567759
BANCO [2ème C],school,12.1051204,-6.5195222
BALAN MANSALA [2ème C]YCLE,school,12.1863167,-8.7590167
BÔ SANGARE [1er C]ycle A,school,12.2275333,-8.6369667
Bô SANGARE [1er C]ycle B,school,12.2275333,-8.6369667
COLLEGE OUMAR BAH [2ème C],school,12.5628454,-7.9878021
COURS MATTA [1er C],school,12.5614,-7.9990667
KALABAN SUD B,school,12.5615637,-8.0004035
DIANGARELA,school,12.0176428,-6.8517352
COLLEGE École privée ESPERANCE [1er C],school,12.5929803,-8.023429
A.P.E.C. DA [1er C],school,12.5895833,-7.9818
ABBA TOURE [1er C],school,12.5521833,-7.9979833
ABBA TOURE [2ème C],school,12.5521833,-7.9979833
ABDOUL KADRI [1er C],school,12.57687,-7.9893
ABDOUL KADRI [2ème C],school,12.57687,-7.9893
AISSE AHMADOU SANGARE [1er C],school,12.5918497,-8.0306741
AISSE AHMADOU SANGARE [2ème C],school,12.5918182,-8.0306741
ALPHA OUMAR KONARE [1er C],school,12.58957,-8.01588
AMADOU HAMPÂTE BAH [1er C],school,12.5934173,-8.0079284
AMITIE [1er C],school,12.59083,-7.98977
AMITIE [2ème C],school,12.59083,-7.98977
BACO DJICORONI A,school,12.5980667,-8.0095667
BACO DJICORONI B,school,12.5975333,-8.0082167
École privée BIA,school,12.5989,-7.99972
BIA [2ème C],school,12.5989,-7.99972
BINTA BARRY [1er C],school,12.59849,-8.00734
BINTA BARRY [2ème C],school,12.59827,-8.00938
CONCORDE SISSOKO,school,12.559,-7.987
COURS MATTA [2ème C],school,12.5613985,-7.9991293
DAOUDABOUGOU I,school,12.5957796,-7.9801842
DAOUDABOUGOU II,school,12.5958765,-7.9804819
DAOUDABOUGOU III,school,12.5959366,-7.9801762
DAOUDABOUGOU IV,school,12.595544,-7.9798946
École DJITOUMOU,school,12.5690913,-7.9998805
École DJITOUMOU,school,12.5691167,-7.9998167
École privée LAROUSSE,school,12.5537333,-7.9934833
EFEK [1er C],school,12.5900164,-7.9867507
EFEK [2ème C],school,12.59,-7.98675
EXPERIENCE,school,12.5921,-7.99043
Manson (construction),kindergarten,12.6917953,-8.055978
Ecole de Sante N'dounga (ESN),college,12.5994305,-8.0131953
EXPERIENCE,school,12.5921,-7.99043
"Filny Lassina [CP 0, 1er C]",school,12.57625,-7.9870833
FILANY LASSINA [2ème C],school,12.57625,-7.9870833
FRATERNITE [1er C],school,12.5994071,-8.0250423
FRATERNITE [2ème C],school,12.5994487,-8.0252126
HOGON [1er C],school,12.5922362,-8.0099092
HOGON [2ème C],school,12.592278,-8.0099002
HUMANITE [2ème C],school,12.56358,-8.00141
JEAN MARIE CISSE [1er C],school,12.56785,-7.9888833
JEAN MARIE CISSE [2ème C],school,12.5676333,-7.98935
JEAN PIAGET,school,12.5792,-8.01774
KALABAN COURA SUD E,school,12.5614826,-8.0003925
KALABAN COURA SUD IV,school,12.5615652,-8.0004543
KALABAN SUD A,school,12.561566,-8.0005098
KALABAN SUD C,school,12.5614102,-8.0004338
KALABAN SUD D,school,12.5615321,-8.0005555
KALABAN SUD I,school,12.5615279,-8.0003516
KALABAN SUD II,school,12.5614672,-8.0004797
KALABAN SUD III,school,12.5616059,-8.000437
LAÏQUE ATT (KALABAN SUD) [2ème C],school,12.55845,-7.98274
LES ROSES,school,12.56401,-7.98064
LES ROSES,school,12.5640319,-7.9805349
Les SAVOIRS,school,12.5918492,-8.0305556
LES SAVOIRS,school,12.5918168,-8.0305547
Ouanafran Camara,school,12.59675,-7.9879833
PEDAGOGUE [1er C],school,12.5794333,-7.9971833
PEDAGOGUE [2ème C],school,12.5794333,-7.9971833
PLANETE ENFANTS,school,12.5548126,-7.9915193
PLANETE ENFANTS,school,12.55475,-7.9916
École privée URANUS,school,12.58109,-7.98191
RENAISSANCE [1er C],school,12.57667,-7.98353
RENAISSANCE [2ème C],school,12.57667,-7.98353
SABILOU RACHAD [1er C],school,12.5619392,-7.9819838
SABILOU RACHAD [2ème C],school,12.56194,-7.98187
École de Diafarana,school,12.0117287,-7.4766596
École de Kabala,school,12.0154685,-7.2222733
École de Kalako,school,12.1546569,-7.1636408
École de Kondjila,school,12.1861356,-7.2402659
École secondaire de Kotieni,school,12.0359082,-7.2849944
École primaire de Kotieni,school,12.0366715,-7.284963
École primaire de Méridiéla,school,12.0945191,-7.2574145
École sécondaire de Méridiéla,school,12.0947129,-7.257485
École Minkoro Fomba de N'Tenkoni,school,12.0261964,-7.3362326
École Mory Fomba de N'Tonfala,school,12.2125991,-7.1678661
NAMPROMPELA,school,12.0966667,-5.72525
MASSABALA,school,12.3899833,-6.0275833
MEDERSA ASSALAMATOU FIF ISLAM SINKOLO,school,12.0889649,-5.5459895
MEDERSA BANOU ISSA LI IHI DINOU DIARAMANA,school,12.0276833,-4.8847
MEDERSA BANOU ISSA LIZIADATOU TIANCORO,school,12.2073167,-4.7633333
MEDERSA ECOM SANGA,school,12.3328747,-5.4920226
MEDERSA GANTERE,school,12.0191559,-5.5465404
MEDERSA GARASSO,school,12.3764076,-5.0794167
MEDERSA KONINA [2ème C],school,12.4790879,-6.177052
MEDERSA KONKOMBOUGOU,school,12.3126266,-5.8917226
MEDERSA SABIL RACHAD Yafola,school,12.4049833,-5.1190167
MEDERSA TEMPELA,school,12.2692772,-5.7948617
MEDERSAS KOLOMOSSO,school,12.5581908,-5.6524178
MEDERSAS LOUKOUMANA NIOUGOUARA,school,12.1069794,-4.9197167
MEDERSAS LOUKOUMANE OURIKELA,school,12.111258,-5.0620527
MEDERSAS MAGADINAT SAKIRI BOURA,school,12.4169343,-4.5443201
MEDERSAS MOUSSA PALASSO,school,12.1097833,-5.01895
MEDERSAS NOUROU LY ISLAM NTOSSONI [1er C],school,12.5307863,-5.7700373
MEDERSAS NOUROU LY ISLAM NTOSSONI [2ème C],school,12.5307667,-5.7700333
Medersas Saadou Ziwaza de Karangana,school,12.2213544,-5.0332215
Medersas El Hayatou Islamia de Sona,school,12.1011167,-4.6906167
MENAMBA,school,12.3952,-4.6744333
MENAMBA [2ème C]ycle,school,12.39625,-4.6706833
MOLOBALA [1er C],school,12.1750667,-5.3313
MOLOBALA [2ème C],school,12.1750667,-5.3313
MORENA,school,12.2966667,-5.8337
MOUGNA,school,12.4672667,-4.6115333
MOUGNA [2ème C],school,12.4672667,-4.6115333
MOURASSO,school,12.45289,-5.07505
MPELOGOSSO,school,12.4286,-5.6106
MPERESSO,school,12.2839167,-5.3414667
M'PETIELA,school,12.4713333,-6.2322667
École de Naforola,school,12.1306938,-4.7304366
NAMPALA I,school,12.1042667,-5.7763833
NAMPALA II,school,12.1042667,-5.7763833
NAMPENA,school,12.2687833,-4.8231167
NAMPOSSELA [1er C],school,12.332703,-5.3404146
NAMPOSSELA [2ème C],school,12.3327226,-5.3402295
NTARLA VILLAGE,school,12.5511333,-5.7075667
NTOBOUGORO,school,12.3038748,-5.7673316
NTOGOLA,school,12.4313,-5.9402667
NTOGONASSO [1er C],school,12.5389314,-5.1651906
NTOGONASSO [2ème C],school,12.5389916,-5.165196
NTONASSO,school,12.3740167,-5.4676
N'TONASSO [2ème C],school,12.3740167,-5.4676
NTONON-DJOMBOUGOU,school,12.0193343,-5.5465082
N'TOROLA,school,12.39091,-5.71005
NTOSSO,school,12.1186833,-5.3940667
NTOSSO Z,school,12.0778167,-5.6397833
NTOSSONI [1er C],school,12.5307321,-5.770046
NTOSSONI [2ème C],school,12.5307379,-5.7700353
École d'Omasso,school,12.3322726,-4.9968118
OUARIGNAMANA,school,12.5739833,-5.8852
PIKORO,school,12.1859711,-4.8856954
SAADOU ZI WAZ BESSO,school,12.0933333,-4.9824667
SABIL RACHAD de SIGNE,school,12.4950333,-5.5389833
SAKONI ECOM,school,12.22645,-4.86955
SANE ECOM,school,12.2275167,-4.7901
SANGA,school,12.3331,-5.4920333
SANGABA,school,12.1828333,-5.5463667
SANGUELA [2ème C]YCLE,school,12.0017667,-5.2820667
SOGOMOUGOU A,school,12.3878261,-5.4680641
SOGOMOUGOU B,school,12.3878667,-5.4680333
SOGOTILA,school,12.4730667,-5.8878833
SOKOURANI,school,12.1864833,-5.4070833
École de Sona,school,12.1008702,-4.6942001
SOROBASSO [1er C],school,12.5209148,-5.2517272
SOROBASSO [2ème C],school,12.5207682,-5.2520491
SOUGOUMBA [1er C] A,school,12.17245,-5.18995
SOUGOUMBA [1er C] B,school,12.17245,-5.18995
SOUGOUMBA [2ème C],school,12.17245,-5.18995
SOUGOUMBA I,school,12.17245,-5.18995
SOUGOUMBA II,school,12.17245,-5.18995
SOUN,school,12.28634,-5.4575
SOUNGOULASSO,school,12.1299667,-5.2413333
TANDIO [2ème C],school,12.1621489,-4.96152
TARASSO,school,12.1101333,-5.311
TASSO,school,12.5857007,-4.4553968
TEMPELA [1er C],school,12.2692208,-5.7948576
TEMPELA [2ème C],school,12.269323,-5.7948617
TIARAKASSEDOUGOU,school,12.2549667,-5.69015
TIBY,school,12.0160667,-5.073
TIONTIERI,school,12.5225333,-5.0520167
TIOULA,school,12.01765,-4.9834
TOMINA [2ème C],school,12.3406,-5.79165
ZANGASSO [2ème C],school,12.15855,-5.6241833
ZANGASSO [1er C],school,12.15855,-5.6241833
Premier Cycle de Zangousso,school,12.5490059,-4.7925077
ZANKOROLA,school,12.4999167,-5.6119833
ZANTONA,school,12.5001167,-5.71925
ZEBALA [1er C],school,12.3087313,-5.1579167
ZEBALA [2ème C],school,12.3088833,-5.1579167
ZEOULENA ECOM,school,12.0112,-5.016
Ziena,school,12.2067696,-5.6911875
Ziena [2ème C],school,12.2066508,-5.6912034
BOUGOULA,school,12.0276667,-6.3559167
ALAMOU TAOHID MEDERSA de DOGONI,school,12.1443064,-6.0060881
DAOULA SANZANA,school,12.0944333,-6.2377333
DIABASSO,school,12.1355288,-6.1320508
DIABOUGOULA,school,12.09537,-5.99198
DIALLACORO,school,12.0768167,-6.12015
DIALLAKORO [2ème C]YCLE,school,12.0768167,-6.12015
SANIENA [1er C]ycle,school,12.0229,-5.88989
SEYNA-NIAMASANA,school,12.1015333,-6.26915
SOKOURANI ECOM,school,12.01055,-5.7458333
SORONTO - BOUGOULA,school,12.0546167,-5.9359
WASSALA,school,12.1050167,-5.9376333
Lycée Aminata Koyaté,school,12.401008,-5.4673841
Complexe Scolaire ECIAT,school,12.3973337,-5.4661643
Ecole de technicien DrMoutagatall,school,12.3837515,-5.4646127
Ecole Fondamentale de Sogomougou,school,12.3904031,-5.4741763
Lycée Lousmane Sidibe,school,12.3938215,-5.4672139
ESET de Koutiala,school,12.3763022,-5.474525
Ecole fondamentale Kadi Kadia Hamdallaye,school,12.3772965,-5.4767907
Lycée Privé INTELLECT,school,12.3780761,-5.4755842
Centre de formation multifonctionnelle Mariam Traore(CFM-MTK),school,12.3740329,-5.4804653
Ecole coranique,school,12.3849978,-5.4648774
Ecole coranique,school,12.3875876,-5.4720446
Centre de Qualification polytechnique de Bamako,school,12.5861,-8.06981
Mariam Coulibaly,school,12.5847,-8.06589
Complexe Scolaire Djoliba,school,12.5788,-8.07125
Centre Korotoumou Dembele de Kanadjuila,school,12.5637,-8.08493
medersa gouba dabo,school,12.599082,-7.9927093
Franco arabe,school,12.5976875,-7.9917236
Madersa bakoroba Haidara,school,12.5999439,-7.9911134
Ecile privée,school,12.5899536,-7.9817089
Franco Arabe Al-Amir Ahmed Ben Abdoul Aziz,school,12.5914941,-7.9812053
école privée Nietaso,school,12.5898266,-7.9870391
Cyber sini tech,school,12.5821697,-7.9712181
école de santé farouk,school,12.5850865,-7.9729072
Filière de formation tertiaire et industriel,school,12.5896093,-7.9728395
Complexe scolaire le destin,school,12.5725452,-7.9607099
Unnamed School,school,12.586129,-7.976559
Lycée Franco Arabe Mahmoud DICKO,school,12.583169,-7.9723124
Lycée privé,school,12.5843287,-7.9612912
Complexe scolaire Hadja Assitan,school,12.5802767,-7.965971
Dioïla ''A'' [1er C],school,12.4906117,-6.8003976
Dioïla A [2ème C],school,12.4923139,-6.7940301
Crèche et Maternelle Assetou Soumare,school,12.6181691,-8.0398339
Complexe Scolaire Privé Ghanjavian,school,13.4226751,-6.2787178
Fadabougou Fadiola,school,13.5737513,-7.52799
École Tamani [2ème C],school,13.5358272,-6.9015608
Dipary,school,13.8289155,-11.0052266
OUASSALA [2ème C],school,13.7825833,-10.7705
GOMITOGO [1er C],school,13.91,-4.654
Koromatintin Medersa [2ème C],school,13.8333991,-3.4233373
DANDOUGOU,school,13.559225,-7.08701
TOROKORO,school,13.51475,-6.93845
École primaire de Badumbé,school,13.6390611,-10.218672
DIABABOUGOU,school,13.7407333,-8.2816667
DOMOSSELA,school,13.7897,-8.2401667
DONGODJIDOUMA,school,13.6255333,-8.4547
KOLOKANI [1er C] F,school,13.5755667,-8.0305833
BANANKORO,school,13.7301333,-7.7306333
GANGANTAN,school,13.9850167,-10.7407
MADIBAYA,school,13.9524491,-10.7501472
Bih,school,13.9248125,-2.9107909
BOUGOULA,school,13.72594,-4.49816
BOBOSSO,school,13.6597973,-3.6734896
École Kana,school,13.8630368,-3.5922181
AMENE KODIO [1er C] A,school,13.61424,-3.71173
AMENE KODIO [1er C] B,school,13.6142347,-3.7120837
AMENE KODIO [2ème C],school,13.61455,-3.7118945
École Anamoïla,school,13.8762339,-3.531713
Andianga-Na I,school,13.9359177,-3.3664698
Andianga-Na II,school,13.9336366,-3.3664016
Andiangana Med,school,13.9332233,-3.3734184
ARDIANA,school,13.5856263,-3.6944386
École Babouro,school,13.8345213,-3.2554121
Bargou école,school,13.93724,-2.9680904
Bassagou,school,13.7791204,-3.5461631
BAYE [1er C],school,13.6228835,-3.3687779
BAYE [2ème C],school,13.6228435,-3.3690228
BEREMBE,school,13.6022316,-3.6770603
BOGODOU,school,13.75,-3.473
Bondo Tena II,school,13.850711,-3.3688737
Bondo-Tena,school,13.8539024,-3.3733017
BOULEL,school,13.52,-3.809
BOURKOUMA,school,13.852734,-4.0274885
BOURKOUMA [2ème C],school,13.8525264,-4.0280523
Chabil Houdar de Toroli [1er C],school,13.9189794,-3.2203777
Chabil Houdar de Toroli [2ème C],school,13.9195626,-3.2199486
Chada Pongonon,school,13.9058839,-3.0212536
École Demeoro,school,13.9727486,-3.1851461
École Dena,school,13.8546876,-3.4453089
École Densagou,school,13.99667,-3.46427
DEROU NA,school,13.8895865,-2.9599208
DEROU ORODOUROU,school,13.8510832,-2.9493126
DIALLASSAGOU [1er C],school,13.74442,-3.62459
DIALLASSAGOU [2ème C],school,13.74442,-3.62459
DIALLAYE,school,13.6587217,-3.5212628
École Diama,school,13.9000908,-3.6219592
DIANGAL,school,13.75,-3.674
DIANGASSAGOU [2ème C],school,13.9971721,-3.938926
DIANKONSAGOU,school,13.9971556,-3.9381766
DIENSSAGOUSSIN,school,13.7393538,-3.5479624
École Dindan,school,13.76952,-3.52173
École Dindan [2ème C],school,13.7694937,-3.5220003
DJENA DOGON,school,13.87,-3.659
Djidia,school,13.89,-3.353
Dompele,school,13.86,-3.305
Dongole,school,13.9379556,-3.2525324
École Doumbal,school,13.9125515,-3.9250107
DOURO-NA,school,13.892054,-6.2045474
École de SOKORO,school,13.9643881,-3.4352307
ECOM de Djan,school,13.7960205,-3.3681558
ERDIANA,school,13.8165501,-3.4751073
ERDIANA [2ème C],school,13.8165501,-3.4756209
franco-arabe de SOUBALA,school,13.8599701,-3.5020181
Gakou,school,13.6933889,-2.983457
GANA,school,13.5871711,-3.5268601
Ganaguinikoro,school,13.8474413,-3.3354647
Gandourou,school,13.8823539,-3.2811332
Gansogou,school,13.89,-3.421
GARANKANDA,school,13.59548,-3.52534
GOMOSSAGOU,school,13.7799871,-3.6909722
GOMSO-BARWA,school,13.9916661,-2.9118113
Goursinde,school,13.89,-3.326
GUILLASSAGOU,school,13.91349,-3.27381
École Guiwagou,school,13.9927723,-3.5674441
HAMDALLAYE,school,13.5654425,-3.631652
KAMBIRE,school,13.7418156,-3.2194321
Kana,school,13.9385585,-3.16246
Kanama Dogon,school,13.98,-3.318
École Kana-Ogon,school,13.9403099,-3.6483663
École Kaniana,school,13.956809,-3.3971348
Kassagou,school,13.8094972,-3.8271996
École Kassarou,school,13.6230924,-3.8540581
École Kende,school,13.9964255,-3.4950131
Kende Medersa,school,13.9942443,-3.4987982
Kere-Kere,school,13.7599007,-3.3754598
École Kikile,school,13.8070043,-3.6357318
Kini-Ourodourou,school,13.96,-3.089
KIRI,school,13.97042,-3.02521
KIRI II,school,13.97042,-3.02521
KOGO,school,13.8897605,-3.7801976
KOLONKAN-MARKA,school,13.5514477,-3.7129264
École Koromatintin,school,13.8348976,-3.4226988
Koromatintin Medersa [1er C],school,13.8333984,-3.4231653
École Korossogou,school,13.71326,-3.2679
École Koulogon [1er C],school,13.8166991,-3.4389959
École Koulogon [2ème C],school,13.8171446,-3.4441289
Koulou [1er C],school,13.6925818,-3.800794
Koulou [2ème C],school,13.6927527,-3.8006665
KOUMBOURO,school,13.7855017,-3.2144033
KOUMBRIBA,school,13.55,-3.745
KOUNA [1er C],school,13.6448088,-3.6570083
KOUNA [2ème C],school,13.6450387,-3.656325
École Kouni,school,13.9443634,-3.5096983
KOURKANDA - HABE,school,13.6695537,-3.7448089
École Lagassagou,school,13.8360987,-3.6310447
LESSAGOU [1er C],school,13.8174756,-3.6032633
LESSAGOU [2ème C],school,13.8189785,-3.6029118
École Libbe-Habe,school,13.7467075,-3.3526789
LORINGA,school,13.75097,-3.15211
École Lossogou,school,13.6871125,-3.4800947
MAGASSEGUE,school,13.79,-3.585
MAGHA,school,13.77,-3.6
MANKANOU,school,13.5530133,-3.799
MASSAKANA [2ème C]YCLE,school,13.5011961,-3.7307632
MASSAKANA-OUORI,school,13.5005718,-3.7307091
M'Bana Gakou,school,13.6926289,-2.9749218
MEDERSA de BAYE,school,13.6228852,-3.3688673
Medersa de Djan,school,13.7971727,-3.3678366
Medersa de Goumouni,school,13.8898322,-3.5840063
Medersa de Koulogon,school,13.8135764,-3.4410013
Medersa de Lossogou,school,13.6870953,-3.4839813
Medersa de Niamia,school,13.7884026,-3.3185524
MEDERSA ISLAMIA TARIQ HOUDA,school,13.74,-3.625
MINIMA-KANDA,school,13.73,-3.525
MINTA [1er C],school,13.58,-3.319
MINTA [2ème C],school,13.58,-3.319
MOUGHE,school,13.709914,-3.6726916
NANDA,school,13.68,-3.046
Nassagou,school,13.8352108,-3.6996362
Nema,school,13.8849041,-3.2474218
NENE,school,13.6805838,-3.6017469
Niamia [1er C],school,13.7866824,-3.3169174
Niamia [2ème C],school,13.7865004,-3.3219245
NIONDE - SEYDOU,school,13.9160174,-3.4935305
OUBANYARA,school,13.9090057,-3.5977097
École Oufou,school,13.5310607,-3.2907066
OUNOUNA,school,13.76,-3.712
PANSADOUGOU,school,13.83,-3.552
École Peledourou,school,13.9391239,-3.4287397
Pepa,school,13.76,-3.077
Pique,school,13.8862201,-3.1616897
École Pissa,school,13.7278634,-3.4028328
SABILOU HOUDA de SAGREBAN,school,13.9927309,-3.530761
Salle,school,13.93504,-3.329764
SANSAGOU,school,13.7256683,-3.4546912
Sansagou Pein,school,13.8608229,-3.409704
SEHE,school,13.582833,-3.7549245
SENETOMONI,school,13.5748293,-3.5755407
Simini,school,13.5988778,-3.8606883
École Siratintin,school,13.7295404,-3.480094
SISSANHIN,school,13.9124549,-3.1421351
SOBAN,school,13.8539767,-3.6522562
SODONGARA,school,13.7850279,-3.4078234
École Sogossin,school,13.7988435,-3.5164184
École Soguina,school,13.9184957,-3.461107
Soguinadou,school,13.6427586,-3.7751887
Sokanda,school,13.9986097,-3.6966218
École Sokoura [1er C],school,13.5082137,-3.7664166
École Sokoura [2ème C],school,13.5087197,-3.7657136
SONGORE [1er C]YCLE,school,13.558198,-3.4709441
SONGORE [2ème C],school,13.5581302,-3.4707457
SOUBALA [1er C]YCLE,school,13.86,-3.502
SOUBALA [2ème C],school,13.860041,-3.5019933
École Soulakanda [1er C],school,13.9312063,-3.5754075
École Soulakanda [2ème C],school,13.9319614,-3.5750864
Tagari,school,13.8570417,-3.2387984
École Tanga,school,13.6128175,-3.8470076
Taxouan,school,13.97,-3.081
Timiri,school,13.7853541,-2.9290938
TINANI,school,13.5614511,-3.666371
École Tinemassagou,school,13.906582,-4.084
TIRA de SOKOURA,school,13.64,-3.854
TOLLE,school,13.51607,-3.49972
Toroli [2ème C],school,13.9236656,-3.225034
Toroli A,school,13.9229367,-3.2156785
Toroli B,school,13.9215412,-3.2176526
TOUN [1er C]YCLE,school,13.5450405,-3.9042049
TOUN [2ème C],school,13.5450412,-3.9039493
TOUSSAGOU,school,13.8359954,-3.6718776
Troukem,school,13.7152113,-3.1292841
YALEMA,school,13.7199928,-3.7119504
YARA,school,13.54,-3.417
YAROU PLATEAU,school,13.9756237,-4.0921158
YELE [1er C]YCLE,school,13.7331241,-3.7873833
YELE [2ème C],school,13.7332328,-3.7868477
Yogohire Nianandion Derou-na,school,13.8895616,-2.9596712
Zon,school,13.851052,-3.1251299
BADUMBE [2ème C],school,13.63856,-10.2190157
École primaire de Batasso,school,13.82935,-10.8964833
BEMBOKOTO,school,13.8653167,-11.7626167
BOURDALA,school,13.5120333,-11.4702167
BREMASSOU,school,13.9025333,-11.8672333
DJINGUILOU,school,13.99025,-11.7388667
DJOURDALOMA,school,13.5716333,-11.5102
École Balla SISSOKO de Netéko,school,13.91,-11.7
École franco-arabe de MADINA,school,13.9594833,-11.6475833
KAKADIAN,school,13.83515,-11.8405
KENIEBA,school,13.6913833,-11.7304
KENIEBANDING,school,13.5486833,-11.68315
KEREKOTO,school,13.5566167,-11.7807333
KOBOKOTOSSOU,school,13.7081167,-11.6373333
MADINA franco-arabe,school,13.9594833,-11.6475833
NIANINKOTO,school,13.6364004,-11.7210433
SADIOLA MINE [1er C]ycle,school,13.889906,-11.6983648
SADIOLA MINE [2ème C],school,13.8898773,-11.6984399
YAHERA [1er C],school,13.9456333,-11.7858167
Damba Dioubé,school,13.7784453,-10.728403
DIALLOLA;DIALLOLA I MEDERSA,school,13.7424333,-10.8556667
École primaire de Fangala,school,13.5565667,-10.0797667
Faroto,school,13.6034333,-10.7912167
Kale [1er C],school,13.7188007,-10.6565022
Kale [2ème C],school,13.7192489,-10.6566094
éCole primaire de Keniekenieko,school,13.7829746,-10.7046446
KOULOUN-GOULOU,school,13.5772667,-11.2940333
MAHINA [2ème C] A,school,13.7616,-10.8478333
MAHINA [2ème C] B,school,13.7616,-10.8478333
MAHINA [2ème C] C,school,13.7616,-10.8478333
MAHINA I,school,13.7616,-10.8478333
MAHINA II,school,13.7616,-10.8478333
MAHINA III,school,13.7616,-10.8478333
MAHINA MEDERSA,school,13.7616,-10.8478333
École primaire de Niakhalensiraya,school,13.7155888,-10.5865686
École primaire de Niakhalensiraya [2ème C],school,13.7156722,-10.5868583
Ouassala PC,school,13.7825833,-10.7705
SELINKEGNY,school,13.6921537,-10.3209296
TAMBASSOUNE,school,13.7606333,-10.4377833
TEMATOSSOU,school,13.8902167,-10.6465667
École primaire de Tintila,school,13.81735,-10.8260333
BABOUGOU,school,13.9029439,-7.57936
École Bako,school,13.6454856,-7.2644169
BALLA,school,13.9092667,-8.1545333
BANAN,school,13.8239667,-7.8265667
BANDIOUGOULA,school,13.7575833,-8.1450333
BARAKOLOMBOUGOU,school,13.9032333,-8.04325
BASSALA,school,13.9921333,-7.8778667
BASSI TRAORE [1er C],school,13.6101199,-7.04076
Bassi TRAORE [2ème C],school,13.6102296,-7.04141
École Boïla,school,13.9041808,-7.303628
Bouala,school,13.5080353,-7.587714
COLLINE TOUBA,school,13.74698,-7.3852
communautaire OUOLODO,school,13.8644,-7.84655
DANGADO,school,13.787093,-7.64296
DANKOLON,school,13.5929402,-7.42022
DAR HADISS KIBAN [1er C],school,13.5777297,-7.35341
DAR HADISS KIBAN [2ème C],school,13.5777297,-7.35341
École Dialakoro,school,13.6377886,-7.2943545
DIANDIOLA,school,13.68075,-7.9285333
DIANEGUELA,school,13.6916655,-7.51232
DIDIENI [1er C] C,school,13.8819833,-8.0882167
DIDIENI [1er C] A,school,13.8819833,-8.0882167
DIDIENI [1er C] B,school,13.8819833,-8.0882167
DIDIENI [2ème C],school,13.8819833,-8.0882167
DIFFIAN,school,13.5494666,-7.38851
Diouladiassa,school,13.5974161,-7.55875
DJAMANICOURA,school,13.6262167,-7.7834167
Djangalambougou,school,13.5831615,-7.48448
DJIMEBOUGOU,school,13.7603098,-7.59402
DJINIDJABOUGOU,school,13.5045333,-8.2899667
DJOMADJI,school,13.9555126,-7.44302
DOURABOUGOU,school,13.97473,-7.80808
EL HADJ SADIBOUYA SIMPARA [1er C],school,13.5441183,-7.45445
EL HADJ SADIBOUYA SIMPARA [2ème C],school,13.5441183,-7.45445
EL HIDAYATOUL ISLAMIYA [1er C],school,13.5526395,-7.44452
EL HIDAYATOUL ISLAMIYA [2ème C],school,13.5524143,-7.44439
Fanale,school,13.6113353,-7.63061
FARAKO,school,13.82115,-8.00635
École Flanimbougou,school,13.781177,-7.1340655
FOFANALA [1er C] B,school,13.5451704,-7.44307
FOFANALA [1er C] A,school,13.5446972,-7.4431
FOFANALA [2ème C].,school,13.5446306,-7.44352
G.S.I.D [1er C] A,school,13.5532766,-7.4459
G.S.I.D [2ème C] A,school,13.5538095,-7.44583
G.S.I.D [2ème C] B,school,13.5537018,-7.44554
G.S.I.D. [1er C] B,school,13.5531488,-7.44591
GOUAKOULOU,school,13.516,-8.0579333
GOUMENE,school,13.5781,-8.3804
GUELEDO,school,13.7924833,-7.78505
GUENGUAN,school,13.695731,-7.64856
GUESSENE,school,13.900609,-7.71416
GUIGNAN,school,13.5848636,-7.13859
GUIHOYO [1er C],school,13.50285,-8.2450167
GUIHOYO [2ème C],school,13.50285,-8.2450167
HAMDALLAYE [1er C],school,13.5605636,-7.44015
HAMDALLAYE [2ème C],school,13.5606425,-7.4414966
Idrissia,school,13.5453009,-7.44811
KAKOÏNA,school,13.7676167,-8.2365167
KANIBABOUGOU,school,13.9240626,-7.63857
Karadie,school,13.5473145,-7.54512
KASSELA,school,13.6175584,-7.43475
KATIOLA,school,13.7950167,-7.9605167
KIBAN [1er C] A,school,13.5802222,-7.3405278
KIBAN [1er C] B,school,13.5802222,-7.3405278
KIBAN [2ème C],school,13.5802222,-7.3405278
KIBAN 4,school,13.5802222,-7.3405278
KOGNOUMANI,school,13.5165,-7.7538
KOKONI,school,13.8163531,-7.46814
KOKONI [2ème C],school,13.8163531,-7.46814
KOLOBO,school,13.5294655,-7.22565
KOLOKANI [1er C] A,school,13.5755667,-8.0305833
KOLOKANI [1er C] B,school,13.5755667,-8.0305833
KOLOKANI [1er C] C,school,13.5755667,-8.0305833
KOLOKANI [1er C] D,school,13.5755667,-8.0305833
KOLOKANI [1er C] E,school,13.5755667,-8.0305833
KOLOKANI [2ème C] A,school,13.5755667,-8.0305833
KOLOKANI [2ème C] C,school,13.5755667,-8.0305833
KOLOKANI G,school,13.5755667,-8.0305833
KOLON,school,13.6767,-7.8439167
KONDIOBOUGOU,school,13.8171833,-8.1549333
École Kondo,school,13.7825657,-7.2467431
KONKAN,school,13.5734333,-7.9103
KORIA,school,13.60025,-7.8046833
KOROKOBOUGOU,school,13.8032942,-7.61633
KOULOUBOUGOU,school,13.9061833,-8.2783333
KOULOUKORONI,school,13.6072,-8.08205
KOUMI,school,13.5191,-7.96115
MADINA-SACKO [1er C],school,13.7869167,-7.5460833
MADINA-SACKO [2ème C],school,13.7869167,-7.5460833
MAKAMBOUGOU,school,13.8308667,-7.85095
MANTA,school,13.6821333,-7.8022
MANTA [2ème C],school,13.6821333,-7.8022
École Manta-Marka,school,13.506079,-7.0534346
MARENA,school,13.8410168,-7.51512
MED DIATOUROUBOUGOU,school,13.6092166,-7.41556
Med Dissan,school,13.5218056,-7.55086
MED MADINA-SACKO,school,13.7853774,-7.54467
Med Tiondala,school,13.5443662,-7.5244945
MED. KONDO [1er C],school,13.774295,-7.25491
MEDERSA OULENY,school,13.7133489,-7.3039388
MERCOYA,school,13.9211167,-8.1991667
METIMBOUGOU,school,13.97275,-8.0748167
MINTIMBOUGOU BAMBARA,school,13.5829,-7.8623833
MISSIRA,school,13.7112,-8.4425167
MONZONA,school,13.911076,-7.31391
ECOM Moribougou Traore,school,13.7962359,-7.3879919
M'PEBOUGOU,school,13.9001059,-7.2379691
MPELLA,school,13.6548667,-8.1052167
M'PESSEREBOUGOU,school,13.5825333,-7.7011
M'PIABOUGOU,school,13.5996267,-7.19148
NDJINIFINA,school,13.78995,-7.7025833
N'DOTAN,school,13.8684833,-8.1661167
NEREKORO,school,13.7032667,-7.8698667
N'GABACORO CENTRAL,school,13.520466,-7.8893765
NGALAFOUGA,school,13.6582667,-8.0409667
N'GANOU,school,13.705437,-7.38197
N'GOUNANDO (TOUBACORO),school,13.9373089,-7.10475
Niampela,school,13.6515797,-7.71311
NIARE [1er C],school,13.8495091,-7.31698
NIARE [2ème C],school,13.8493775,-7.3173
N'TAMADI,school,13.8656792,-7.44011
N'TIOBOUGOU DONO,school,13.7888333,-7.9270167
N'TJIBOUGOU (MADINA SACKO),school,13.6506149,-7.62756
École Ouleny [1er C],school,13.7120796,-7.3040804
École Ouleny [2ème C],school,13.7110321,-7.30481
OUOLOKORO BASSABOUGOU,school,13.8279,-8.05715
SADIBOUYA SIMPARA [1er C],school,13.5446772,-7.4547
SALAMOU,school,13.9876833,-7.81565
Samakele,school,13.5700224,-7.56467
Samakele [2ème C],school,13.5695617,-7.56287
SANAMBA,school,13.9176872,-7.46857
SANANFOUGA,school,13.5565531,-7.16271
SANGHA,school,13.8567974,-6.97688
SEBECORO I [2ème C],school,13.6936167,-8.3801333
SEBECORO II,school,13.7509833,-8.3632667
SEBENIKELE,school,13.9176872,-7.46857
SIKORONI,school,13.6204,-8.3928
École fondamentale Sirakoroba,school,13.5366265,-7.6450102
Sirakoroba [2ème C],school,13.5362144,-7.6441251
SIRANI,school,13.9147374,-7.20585
SIRANIDJI,school,13.65161,-8.19511
SIRATOMA,school,13.50545,-7.8512167
École Sogoni,school,13.9623438,-7.2213572
SONKENIE,school,13.8696,-7.9272333
SOSSO,school,13.9670644,-7.61116
SOYA-KAGORO,school,13.9876426,-7.34523
École Tamani [1er C],school,13.5360775,-6.9016074
TAO,school,13.7237833,-8.0104667
TARAN,school,13.7307105,-7.1483902
THIEROLA,school,13.6583333,-7.2157833
TIAFINA,school,13.7011833,-8.2108333
TIECOURALA,school,13.9339333,-8.0058167
TIEMBOUGOU,school,13.6022167,-7.9592167
TIENFO,school,13.6212076,-7.56842
TIENKOROBA,school,13.7862667,-7.41785
TIOKOMBOUGOU,school,13.6751833,-8.4212833
Tiondala,school,13.5451029,-7.52869
TLELADJI,school,13.5718667,-8.25955
École Tomona,school,13.5063073,-6.9002411
TONGOYE,school,13.6536,-7.99165
TONKORO TRAORE,school,13.9851,-7.9140333
TORODOFLO,school,13.7910333,-7.97585
TOROKOROBOUGOU,school,13.68425,-8.1021333
TOROKORONI F,school,13.6735667,-7.96085
TOTA,school,13.695749,-7.56421
TOUBACORO [1er C],school,13.871575,-7.1835901
TOUBACORO [2ème C],school,13.8718536,-7.1829208
TOUZONA,school,13.7412,-8.1761333
TRAKENIE,school,13.52945,-8.2022167
WANI,school,13.68065,-8.3183333
WORO,school,13.7185312,-7.48487
YARANGABOUGOU,school,13.6380167,-8.2423167
ZAMBOUGOU,school,13.893644,-7.40607
ZAMBOUGOU C,school,13.7527,-7.8715833
ZANKEBOUGOU,school,13.9556833,-7.9315333
ABDOUL KADRI SEGNON [1er C],school,13.904605,-4.5561871
BAKARI KAMIAN (KANDARA),school,13.71,-4.747
BANGASSI,school,13.86061,-4.36295
DIABOLO [2ème C],school,13.84805,-4.53236
DIEOU,school,13.7466049,-4.6931653
DJERA,school,13.8512733,-4.6160511
DJIGUINE,school,13.9700234,-4.3090027
DJIMATOGO,school,13.98,-4.664
GOMITOGO [2ème C],school,13.909943,-4.6540053
KANDARA [2ème C],school,13.71,-4.747
KEKE [2ème C]YCLE,school,13.67579,-4.6352
KERA,school,13.91734,-4.4548
KOBASSA,school,13.8027124,-4.6116983
École Tatrima,school,13.53,-5.277
KOUAN,school,13.5745362,-5.1819415
École Moribougou,school,13.5525032,-5.1987939
GARANGATA,school,13.5547702,-5.2172228
PANA,school,13.8632187,-4.7435879
École Koue Koue,school,13.657324,-4.2357188
MACINA [2ème C] A,school,13.9626398,-5.3585492
MACINA IV,school,13.9623009,-5.3585492
KASSOROLA [2ème C],school,13.5329995,-5.4021295
École Dionfala,school,13.5403503,-5.4667606
KOLONGO B,school,13.8791442,-5.6878635
SEKOU DIALLO (HEREMAKONO COURA),school,13.961872,-6.0814112
KONONGA,school,13.9866771,-5.5705279
NAMSIGUIYO,school,13.9664331,-5.6172619
AL FATIHI WANADJAHI [1er C],school,13.7192034,-5.9958043
BAFOULABE II,school,13.8099833,-10.8335833
BABOUGOU [2ème C],school,13.7313479,-5.7405622
SABLIL SAADA SOUGOUBA,school,13.7280823,-4.8845472
SYN MEDERSA,school,13.8532932,-4.4803846
École Kermetogo,school,13.9386931,-4.971377
École Digani,school,13.500149,-6.3130693
École N'Tobougou,school,13.5163462,-6.2899318
KOMBAKA,school,13.9650185,-4.2380966
École Konio [2ème C],school,13.6789965,-4.4676718
KOSSOUMA,school,13.84,-4.757
KOTOLA,school,13.9262858,-4.5948535
Koulebala,school,13.9618458,-4.1527595
École Kounti,school,13.9771192,-4.2881523
MADIAMA [1er C],school,13.7942432,-4.3915726
MADIAMA [2e C],school,13.7942464,-4.3915732
MANTA,school,13.63186,-4.63194
MANTHINI NIARE [1er C],school,13.9065089,-4.5630936
MANTHINI NIARE [2ème C],school,13.906568,-4.5637137
M'BOUTA,school,13.6597783,-4.3816766
MEDERSA MADIAMA,school,13.7942405,-4.3915717
Medersa Islamiqui S.E.F de Konio,school,13.6757685,-4.4675904
MEDERSA SAADA (BANGASSI),school,13.86061,-4.36295
MOUGNA [1er C],school,13.88,-4.82
MOUGNA [2ème C],school,13.8800625,-4.819764
N'GOLA,school,13.72,-4.63
NIALA,school,13.91691,-4.52778
NOINA,school,13.7522995,-4.6250315
École Ouoko,school,13.7419959,-4.8512104
PROMANI,school,13.8326933,-4.37451
S.I.T.,school,13.90606,-4.55327
S.I.T.,school,13.90593,-4.55368
SARANTOMO,school,13.76201,-4.46036
SENOSSA,school,13.9530511,-4.5700923
SENOSSA [2ème C]YCLE,school,13.9528971,-4.5704942
SEYDOU BOUARE (DIABOLO),school,13.84805,-4.53236
SIRABOUGOU [1er C],school,13.7364731,-4.5487327
SIRAGOUROU,school,13.81851,-4.33898
SIRIMOU,school,13.940026,-4.6059678
SOTE DIAWARA,school,13.6787,-4.47069
SYN FA,school,13.8534,-4.48041
SYN MEDERSA,school,13.8533519,-4.4804046
TABATO,school,13.87,-4.884
TANDA,school,13.81,-4.855
TENDA,school,13.8098666,-4.8549979
TIE,school,13.76,-4.747
École Tombona,school,13.9317213,-4.318499
TOMBONKAN,school,13.83548,-4.39651
TOROKORO,school,13.85207,-4.30735
TOUARA,school,13.67955,-4.53912
TOUMADIAMA,school,13.74201,-4.4017515
Welingara,school,13.9170466,-4.5598399
WERAKA,school,13.97,-4.614
YEBE,school,13.93,-4.69
ALLIANCE OUAN,school,13.6903847,-4.40307
ALY DEMBELE (FONDOKON),school,13.5036566,-4.6051055
BARAMANDOUGOU [1er C],school,13.5968856,-4.5933259
BARAMANDOUGOU [2ème C],school,13.5968856,-4.5933259
BATCHIRIDOUGOU,school,13.6311999,-4.4247839
BELEDAGA,school,13.6062391,-4.1448189
BINA,school,13.5356995,-4.7356328
École Bouani [1er C],school,13.6353519,-4.4771101
École Bouani [2ème C],school,13.6354248,-4.4765844
École Daguedougou,school,13.7218241,-4.3132643
DANDOUGOUNI,school,13.8602859,-4.2724963
École Diamakan,school,13.6350626,-4.1428981
DIMANA,school,13.551133,-4.4422789
DOUDEDAGA,school,13.8008687,-4.2205007
ECOM Kerere,school,13.531,-4.3578
FANGASSO [1er C],school,13.5219285,-4.4453688
FANGASSO [2ème C],school,13.5219285,-4.4453688
FOROKOUNA,school,13.6610621,-4.3661606
École Gnine,school,13.5463078,-5.0790048
École Gnougodaga,school,13.6215597,-4.1760365
KASSOROLA [1er C],school,13.532964,-5.4023271
KASSOROLA EXTENSION [2ème C],school,13.5328955,-5.4020341
École Kerebere,school,13.572627,-4.5203024
École Kerere,school,13.5303604,-4.3576786
École Kerere-Coura,school,13.6520675,-4.1428429
École Kodian,school,13.542,-4.15
KONGUENA (DAGUEDOUGOU),school,13.7339919,-4.341519
KONONINA,school,13.6922551,-4.3664108
KOULEKOUNGO,school,13.513128,-4.3157614
KOUNAHA,school,13.6358385,-4.1064075
LAGALEDAGA,school,13.8272882,-4.1380358
MAMPE,school,13.5927755,-4.4241494
École Mane,school,13.84651,-4.2482534
École Massadougou,school,13.57,-4.18
MASSATOMADAGA,school,13.616,-4.236
MATINA,school,13.5931512,-4.5205362
École N'Dienso,school,13.5304802,-4.3844725
NASSAMBARA,school,13.573259,-4.93815
N'TORONKOROLA,school,13.53,-4.979
OUAN [1er C],school,13.69,-4.403
OUAN [2ème C],school,13.69,-4.403
École Ouena,school,13.65,-4.442
École Pakan-Bobo,school,13.5060084,-4.1884633
PAPORONE,school,13.51,-4.65
École Parisin (Saba),school,13.578,-4.2253
PATOUMADAGA,school,13.7958338,-4.1875065
École Peleguena,school,13.5237553,-5.1626526
École Poromou,school,13.6728081,-4.4420259
École Samani,school,13.6265782,-4.3443368
École Saridaga,school,13.7729263,-4.0965231
SIALO (F),school,13.5397005,-4.3054618
SIBOUGOU,school,13.7453283,-4.225648
École Sicoroni,school,13.898,-4.217
SIDIKIYA,school,13.602393,-4.981924
SIELLA [1er C],school,13.561376,-5.1301872
SIELLA [2ème C],school,13.5608793,-5.1298977
SIMINA,school,13.5606517,-4.7924218
SOTA,school,13.615057,-4.8283709
École Sounkaridaga,school,13.6362523,-4.2216557
SY [1er C],school,13.598535,-4.9801679
SY [2ème C],school,13.5982639,-4.9797387
TASSILIMA,school,13.6198285,-4.0850164
École Teoule,school,13.6629912,-4.0838136
TIEBLENIKUY,school,13.7448744,-4.2490408
TIEPARANDOUGOU/TIMISSA,school,13.8639022,-4.1505402
TIESSOKO,school,13.6341364,-5.0060573
TIMISSA [1er C],school,13.8227993,-4.2100842
TIMISSA [2ème C],school,13.8188073,-4.2064217
TINTON,school,13.5397096,-4.8470805
TIOUGA,school,13.5516988,-4.1175659
TOGO [1er C] École privée,school,13.5229186,-4.5180373
TOGO École privée [2ème C],school,13.5229186,-4.5180373
École Tondaga,school,13.7255799,-4.1867832
TONON,school,13.5285186,-4.8046413
TOUMOUSSEGUE,school,13.5861645,-4.5729063
AL FATIHI WANADJAHI [2ème C],school,13.7189986,-5.9958687
ALI BABA [1er C],school,13.7295463,-6.0024088
ALI BABA [2ème C],school,13.7296453,-6.002795
ANNADJAHI WALFALAHI [1er C],school,13.7211409,-6.0031458
ANNADJAHI WALFALAHI [2ème C],school,13.7211122,-6.0029212
AOUROU WERE,school,13.7144601,-5.0519997
BABOU SALAMI [1er C],school,13.6758905,-5.8429461
BABOU SALAMI [2ème C],school,13.6760833,-5.8427637
École Bambougou,school,13.6300202,-6.0873775
BANGOU-BAMBARA,school,13.7128746,-5.3811566
École Bani,school,13.6644791,-6.1997368
BAPHO CAMP [1er C],school,13.5378678,-6.1389493
BAPHO CAMP [2ème C],school,13.5383976,-6.1396135
BEN ALIOU KOLONGO,school,13.8478581,-5.6894846
BENGOLOLA,school,13.7764245,-5.2695614
BERTHA ECOM,school,13.7269419,-5.1923034
BERTHA MEDERSA,school,13.7271712,-5.1924751
École Bolenka-Sacko,school,13.5765219,-6.7438706
École Fondamental Boussin,school,13.5058791,-5.9320307
École 2eme Boussin,school,13.5050237,-5.932138
CHOUALANI,school,13.9920741,-6.0460962
École Damidie,school,13.7956163,-5.1837209
DARAL HADIS [1er C],school,13.6871823,-5.8329703
DARAL HADIS [2ème C],school,13.6836354,-5.839875
École Diabambougou,school,13.5522352,-6.702588
DIAKOROBA,school,13.580535,-5.9167875
École Diamouna,school,13.6239681,-6.0316375
DIORO [2ème C] /A,school,13.6898958,-5.8311225
DIORO II,school,13.6901042,-5.8313478
DIORO[2ème C]/ B,school,13.6892078,-5.8312619
DIORO-COURA,school,13.9145394,-5.6672312
École Djibougou,school,13.709409,-6.3588501
DJIMIDIELA,school,13.930326,-5.359648
DOSSEGUELA,school,13.8431884,-5.9033232
École Dougouba,school,13.57484,-6.1116707
DOUGOUNIKORO,school,13.6298508,-5.9053686
École des Rails,school,13.6812021,-6.0612717
ECOM de Noïdaga,school,13.8385838,-5.6495477
ECOM KERIN,school,13.7834437,-5.1201173
ECOM MOUTIQUE,school,13.8400175,-5.0776253
EL ISLAMIA-NEMABOUGOU,school,13.9212373,-5.5770572
EL KITAB W-SUNNA [1er C],school,13.7256498,-6.0078992
EL KITAB W-SUNNA [2ème C],school,13.7258236,-6.0078596
ESPOIR DJIGUI [1er C],school,13.6881992,-6.071785
ESPOIR DJIGUI [2ème C],school,13.6881992,-6.071785
École Falenta,school,13.7107666,-6.8294228
École Famorila,school,13.5346481,-5.5789753
École Fantambougou-Were,school,13.5065218,-6.6393153
FARAKOU,school,13.5773773,-5.8821314
FATINE MARKADOUGOUBA,school,13.572525,-5.4353981
École Faya/Printola,school,13.6810677,-6.1566576
FOLOMANA [2ème C],school,13.6033624,-5.156843
École Founou,school,13.8746423,-5.2741961
FOUNOUGOUNI,school,13.6434445,-5.9261585
GAN,school,13.6481534,-5.2688449
École Gawatou,school,13.77279,-6.7821659
GNINE,school,13.8722313,-4.9198796
École Gomabougou,school,13.7513936,-5.9275406
GORO,school,13.75118,-5.3583366
École Goursy,school,13.8878356,-5.6316366
Institution Scolaire GE MA CO,school,13.6812423,-6.070752
École Kaban,school,13.6122941,-6.1839615
École Kamalen,school,13.62,-6.386
KANGORONGO,school,13.7427124,-5.5638411
KANGUIRA,school,13.6872821,-5.0326587
École Kankan,school,13.9321629,-5.5484717
École Kara,school,13.8327497,-5.4699345
École Kayo,school,13.8879802,-5.6180559
KE-BOZO,school,13.9472898,-5.3761208
KENNE,school,13.7776567,-5.3886229
KERTA,school,13.7747326,-5.0582722
KIENKOUROU,school,13.8069792,-5.0294563
KOE,school,13.6769527,-4.9264491
KOÏLA BAMANA,school,13.6496649,-5.7514661
École Koké,school,13.64,-5.981
KOKRY [1er C],school,13.9576707,-5.5167883
KOKRY [1er C],school,13.9580708,-5.5158489
KOKRY [2ème C],school,13.9578282,-5.5165585
École Kokry Bozo,school,13.9692176,-5.4888677
KOKRY/ ECOM,school,13.9578806,-5.5162747
KOLONGO [2ème C] I,school,13.8799623,-5.6877271
KOLONGO A,school,13.8796448,-5.6878514
KOLONGO publique 'C',school,13.8783109,-5.6874531
KOLONGO-BOZO,school,13.8443602,-5.6929683
KOMINE,school,13.66,-5.872
KOMINE [2ème C],school,13.66,-5.872
École Komola-Zanfina,school,13.8695823,-6.0916619
KONKAMBOUGOU,school,13.8588298,-5.0622165
KONKONKOUROU,school,13.9674248,-5.2751149
KONOU,school,13.6744725,-5.9361886
École Koro,school,13.7402642,-5.6191039
KOSSOUKA,school,13.8798204,-5.6547537
École Kotoumou,school,13.9486015,-4.9120325
KOUIN,school,13.8096917,-4.8897533
École Kouletina,school,13.9032748,-4.9326278
KOUNGOBOUGOU,school,13.6708537,-6.0421366
LAFIALA,school,13.9277099,-5.6640046
LOUTAN-COURA,school,13.8575416,-5.727888
MACINA [2ème C] B,school,13.9629786,-5.358413
MACINA I,school,13.96102,-5.3584641
MACINA II,school,13.9613589,-5.3585663
MACINA III,school,13.9615902,-5.3585492
MAKILI,school,13.6642366,-5.6581922
École Manzaran,school,13.5145125,-6.4643821
MARKALA [2ème C] A,school,13.6852464,-6.0713266
MARKALA [2ème C] B,school,13.6853133,-6.070567
MARKALA II A [1er C],school,13.6763815,-6.0724136
MARKALA II B,school,13.6763056,-6.0724204
MARKALA II C,school,13.6764436,-6.0720087
MARKALA II. A [2ème C],school,13.6757038,-6.0721414
MATOMO [2ème C]YCLE,school,13.8429514,-4.9661668
M'BELLA,school,13.6562176,-5.0690557
École M'Bewani,school,13.9215931,-6.0458642
MEDERSA MATOMO,school,13.8502191,-4.9658219
MEDERSA NAYO,school,13.930911,-5.6153025
MEDERSA NEMABOUGOU,school,13.9198881,-5.5760424
MEDERSA PAYAKA,school,13.9347555,-5.0418503
MEROU,school,13.9839638,-5.2949152
MIN HADJOU SALAMI [1er C],school,13.6928327,-5.8276156
MIN HADJOU SALAMI [2ème C],school,13.692929,-5.8275665
MOHAMED KARAIBA DIABY,school,13.597285,-6.002581
MOHAMED KARAIBA DIABY,school,13.597285,-6.002581
MORIBOUGOU,school,13.6117623,-5.4195235
M'PEBOUGOU,school,13.6330346,-6.0473785
NAHADJIL HOUDA MARKALA [1er C],school,13.6716975,-6.0771547
NAHADJIL HOUDA MARKALA [2ème C],school,13.6717134,-6.0771844
École Nara,school,13.9513118,-5.5276275
NAYO,school,13.9289356,-5.618505
École N'Dianebougou,school,13.9156682,-6.165082
École Nekebougou,school,13.552764,-6.5435946
NEMABOUGOU,school,13.9196436,-5.5765822
École Nenena,school,13.6575439,-5.1876676
École N'Gouma,school,13.8109794,-5.1457688
École Niampiena,school,13.8473062,-6.232602
NIARO,school,13.8999805,-5.726055
NIDAOUL ISLAMIA,school,13.58883,-5.999065
NIENEMOU,school,13.6354288,-5.325545
NIERELA,school,13.8069286,-5.8930067
NINGA,school,13.635508,-5.1406179
NIOBOUGOUNI,school,13.6644386,-5.1369484
NIOH,school,13.5433529,-5.6984757
École Niougou,school,13.8457893,-6.0899125
NONONGO,school,13.7000521,-5.5201221
NONONGO [2ème C],school,13.7028761,-5.5181693
NOUROUDINE ISLAMIA [1er C],school,13.6815702,-5.8357011
NOUROUDINE ISLAMIA [2ème C],school,13.6816098,-5.8357478
OUAHIGOUYA,school,13.8975449,-5.5763379
OUANA MAMA,school,13.7046482,-5.1326084
OUANANA,school,13.641804,-5.2222384
École Ouani,school,13.8649975,-5.2205919
OUELA,school,13.9465745,-5.6460962
OUENA,school,13.5893489,-5.7533336
OULAN,school,13.99,-5.61
École Payaka,school,13.9364827,-5.0373205
École Pogo,school,13.8999349,-5.909131
École Pogo,school,13.554631,-5.9538798
POINT A,school,13.74,-6.076
RASSOGOMA,school,13.9728922,-5.6138393
Sabil Al Falahi Kana,school,13.6784511,-5.3289055
Sabil Salam[1er C],school,13.6722282,-6.0778022
SABIL SALAM [2ème C],school,13.7012618,-6.0714119
SABILOU RACHAAD A,school,13.6267177,-5.9071636
SABILOU RACHAADE ALKADRIAT [1er C],school,13.6594818,-5.8720727
SABILOU RACHAADE ALKADRIAT [2ème C],school,13.6593817,-5.8721478
SABILOU SAADATI,school,13.6859318,-5.8333327
SABILOU SAADATI [2ème C],school,13.6859318,-5.8333327
SAGNE,school,13.6941592,-5.5643196
École Samabougou,school,13.5467154,-5.8919324
École Samba Dianka (1er C),school,13.6799514,-6.0749203
École Samba Dianka (2eme C),school,13.679453,-6.0749354
SANAMADOUGOU,school,13.8456982,-5.9351287
SANSANDING [2ème C],school,13.7203544,-6.003189
SANSANDING A,school,13.7216676,-6.0040259
SANSANDING B,school,13.7206879,-6.0036397
École Sarkala,school,13.6890734,-6.0978663
SARRO [1er C]ycle,school,13.7278885,-5.2389147
SARRO [1er C],school,13.7276128,-5.238624
SARRO [2ème C],school,13.7264495,-5.2386652
SAYE [1er C],school,13.8250967,-4.9967179
SE DEMBELE [2ème C] B,school,13.6959453,-6.0717412
SE DEMBELE [2ème C]/A,school,13.6958667,-6.0720756
SE DEMBELE A,school,13.6947285,-6.0711488
SE DEMBELE B,school,13.6947211,-6.0711042
SE DEMBELE C,school,13.6947359,-6.0714276
SE DEMBELE D,school,13.6942936,-6.0712511
SEGOU-COURA,school,13.9824681,-5.5102753
SELLEN,school,13.694914,-5.216933
SENINKOU,school,13.828453,-5.6736942
SIENA,school,13.6961278,-4.9209798
SINA-BAMBARA,school,13.6157565,-5.0625362
SIRATOUL MOUSTQUIM,school,13.6834641,-5.8309545
SOKOLY,school,13.943055,-5.473333
SOKOURA,school,13.8184408,-5.113807
École Songolon,school,13.7241102,-5.6731269
SOSSE BAMANA,school,13.7455765,-5.8058308
SOUBOULOU SALAM M'BEWANI,school,13.920439,-6.0427313
SOULEYE [1er C],school,13.8819551,-5.2443852
SOULEYE [2ème C],school,13.8814183,-5.2443245
SOUM-BAMBARA,school,13.7038852,-4.9848232
SOUM-BAMBARA [2ème C]YCLE,school,13.7046452,-4.9841488
École Soungo,school,13.7343089,-5.9764258
École Soum-Marka,school,13.7156097,-4.9974904
École Tarabiyatou Kayo-Bozo,school,13.8935151,-5.6107023
TARBIATOU ISLAMIA,school,13.589318,-5.992836
TARBIYATOU ISLAMIA,school,13.589322,-5.992899
TATLA,school,13.5774723,-5.4593988
École Téné,school,13.9188309,-5.1189212
TESSERIBOUGOU,school,13.530367,-6.09656
THIEN BAMANA,school,13.68828,-6.0103563
THING,school,13.8935398,-5.865579
TIELAN,school,13.8939104,-5.3185533
TIEMORI CISSE [2ème C],school,13.8303996,-4.9950504
École Tilebi-Wadie,school,13.7676496,-5.5551973
TINEZANA,school,13.987941,-5.8255909
TIOGONZANA,school,13.9576204,-5.8760349
TOGOU,school,13.59,-5.999
TOÏMA,school,13.92,-6.734
TONGOLO-CORO,school,13.8715542,-5.7887956
TONGOLO-COURA,school,13.8333901,-5.7554147
TOSSOUMA,school,13.8974363,-5.9875409
TOUBA,school,13.5110119,-5.7725892
TOUGAN-COURA,school,13.9511573,-5.6294141
TOUMOU,school,13.527858,-5.2401723
École Troh,school,13.7463554,-4.9063685
École Welentiguila,school,13.7380382,-6.0339388
École Yollo,school,13.6406124,-5.6316301
ZAMBANA,school,13.6517485,-5.0023225
École Zanabougou,school,13.5559343,-6.0611108
École Zirakoro,school,13.982512,-5.4412799
BAFOULABE I,school,13.8099833,-10.8335833
BAFOULABE [2ème C] A,school,13.8099833,-10.8335833
KEKE,school,13.6757897,-4.635198
École fondamentale Thio,school,13.7138189,-6.0320413
Deguebomo école,school,13.9548033,-3.1492705
École Siratintin,school,13.8031096,-3.5311265
BANGONI,school,12.7340688,-6.6563718
FANA A1 [1er C],school,12.7884873,-6.9528494
FANA B1 [2ème C],school,12.781347,-6.9471714
DABAN [1er C],school,13.2208667,-8.3093
M. SIRACORO,school,13.32015,-8.2744167
BAKOUNDIAN,school,13.31345,-9.6707333
BANDIOUGOUDIAMBOUGOU,school,13.4183167,-9.21085
ECOM de SEBABOUGOU,school,13.0712,-8.3728667
DJIDIANA,school,13.0763667,-8.4312167
ARABANDIANIA,school,13.3072,-11.4851667
BANANCORO,school,13.1448667,-8.2108333
BABOTO,school,13.1262333,-11.35205
DOGODOUMAN,school,12.6222696,-8.0683872
Kambila [2ème C],school,12.7966833,-8.10395
N'Gorogodji,school,12.8602667,-8.0589667
BALANDOUGOU Guéné Goré,school,12.6253,-10.9914833
BALANDOUGOU-GG [2ème C],school,12.6253,-10.9914833
BAGUINEDA [2ème C] I,school,12.6118667,-7.7752833
BAGUINEDA B,school,12.6100868,-7.7754013
TENDE,school,13.3947202,-3.6907604
DJIGAN,school,13.4610254,-3.7706618
SAALO,school,13.33,-3.282
BELECOU,school,12.6440231,-6.5597057
NIONA,school,12.7078363,-6.527857
FANA B1 [1er C],school,12.7816048,-6.9469594
FANA C2,school,12.7717802,-6.9680098
KOLA [1er C],school,12.6051632,-6.8530173
KOLA [2ème C],school,12.6060123,-6.852882
MARKA-COUNGO A [1er C],school,12.7375167,-7.2863167
KAWENA,school,12.6167677,-7.0859661
BANIGOLO II,school,12.6080507,-7.0742942
FOUSSEYNIBOUGOU,school,12.6405937,-7.0107424
KOLOMBADA,school,12.69305,-7.0090667
SOUNTIANI,school,12.6730068,-7.0797624
DIARANI,school,12.6520282,-6.6779871
SIANA,school,12.6378833,-6.4675
DAR AL HADIS,school,12.6715315,-6.6090097
FANA A1 [2ème C],school,12.7881336,-6.9524539
SALAM [2ème C],school,12.779389,-6.9485245
BAKHOUROUFATA,school,13.4337333,-10.7013333
BORO,school,12.9950333,-8.3111667
BOULOUKOU,school,13.2719,-8.3867167
BOURAKEBOUGOU,school,13.0681833,-8.24525
DABAN [2ème C],school,13.2208667,-8.3093
DIANEGUEBOUGOU (DIAGO),school,12.8651833,-8.1572333
DIARA DIARRA (DOUBABOUGOU) [1er C],school,12.7138833,-8.17095
DIO-GARE [2ème C],school,12.8077833,-8.2455667
BAGUINEDA VILLAGE,school,12.6257313,-7.7882824
BAGUINEDA III,school,12.6118667,-7.7752833
KOBALACOURA [2ème C],school,12.6248549,-7.8162126
Sebela,school,12.6375029,-7.7243553
ESPOIR SANGAREBOUGOU,school,12.6835833,-7.9278667
BANCONI [2ème C] I,school,12.67229,-7.96665
BANCONI [2ème C] V,school,12.67229,-7.96665
K.K,school,12.66964,-7.96513
BANANKORO,school,13.3258667,-8.8885333
BALANDOUGOU I,school,13.3558833,-9.5510833
SANGAREBOUGOU [1er C] C,school,12.6835833,-7.9278667
SANGAREBOUGOU [2ème C],school,12.6835833,-7.9278667
Dognoumana [2ème C],school,12.8666499,-7.9076672
Safo [1er C],school,12.7715207,-7.9201143
BETEYA,school,13.05,-10.94
SIKORO PLATEAU [1er C],school,12.6762167,-7.9742167
DAOUDABOUGOU ''E'',school,12.6035836,-7.9792924
DABIA [1er C],school,12.6699667,-11.1392167
N'TEKEDO-SAMASSEBOUGOU,school,12.7481648,-7.9893537
BANANKABOUGOU,school,12.6838519,-7.150693
DIEBA,school,12.6664,-6.8572167
DIERO,school,12.6383531,-6.8203672
KALIFABOUGOU,school,12.688064,-6.9308734
DAGA,school,13.3288832,-4.5202198
KARI,school,13.3402132,-3.4746124
YIRA BAYE [1er C]YCLE,school,13.3803397,-3.3453406
SANKORO,school,13.49969,-3.8812382
OUENKORO [1er C],school,13.3808167,-3.8289157
OUENKORO [2ème C],school,13.3810381,-3.8287919
LEMA,school,13.3406013,-3.676757
SOUGOUBILI,school,12.9045,-7.0792833
SOUHE,school,13.23,-3.486
DAOUDABOUGOU ''G'',school,12.6034095,-7.9792854
DAOUDABOUGOU H,school,12.6033224,-7.979282
AMI FAYE,school,12.69075,-7.9465333
AMI FAYE,school,12.69075,-7.9465333
AWNOU DINE,school,12.6768167,-7.9587333
BANCONI [2ème C] II,school,12.67229,-7.96665
BANCONI [2ème C] III,school,12.67229,-7.96665
BANCONI [2ème C] IV,school,12.67229,-7.96665
BANCONI A,school,12.6748,-7.95831
BANCONI A,school,12.6748,-7.95831
BANCONI B,school,12.6721333,-7.9668167
BANCONI E,school,12.6782,-7.9544
BANCONI PLATEAU B,school,12.67222,-7.96685
DIOUMANZANA [2ème C] V,school,12.6787,-7.94315
DIOUMANZANA [2ème C] I,school,12.69167,-7.94623
DIOUMANZANA [2ème C] II,school,12.6789722,-7.9439236
DIOUMANZANA [2ème C] III,school,12.6789852,-7.9439134
DIOUMANZANA [2ème C] IV,school,12.6787,-7.94315
DIOUMANZANA A,school,12.69146,-7.94679
DIOUMANZANA B,school,12.69146,-7.94679
DIOUMANZANA C,school,12.69146,-7.94679
École de base privée HAIRE,school,12.68047,-7.94342
GROUPE SCOLAIRE École privée AMINATA HAIDARA,school,12.67846,-7.95534
JEAN JACQUES ROUSSEAU,school,12.68595,-7.94806
JIGIYA [1er C],school,12.67362,-7.95753
JIGIYA [2ème C],school,12.67362,-7.95753
L EDUCATEUR,school,12.66899,-7.9667
LADAMUBA,school,12.6806,-7.9568833
LE GUIDE [1er C],school,12.6797918,-7.9529258
LE GUIDE [2ème C],school,12.6798333,-7.9529167
LE NID DU BONHEUR,school,12.6918833,-7.94615
Mahadou Ouloumidini[1er C],school,12.6759667,-7.9586
MAHADOU OULOUMIDINI [2ème C],school,12.6759667,-7.9586
MARIDIE DIARRA [1er C],school,12.6706833,-7.9582667
MARIDIE DIARRA [2ème C],school,12.6706833,-7.9582667
MEKIN-SIKORO [2ème C] I,school,12.6742084,-7.9747435
MEKIN-SIKORO [2ème C] II,school,12.6743891,-7.9750079
MEKIN-SIKORO [2ème C] III,school,12.6755337,-7.9747473
MEKIN-SIKORO [2ème C]IV,school,12.6802536,-7.9838689
MEKIN-SIKORO [2ème C]V,school,12.6755222,-7.9749773
Mekin-Sikoro A,school,12.6760833,-7.95865
MEKIN-SIKORO B,school,12.6760833,-7.95865
MEKIN-SIKORO C,school,12.6760833,-7.95865
MEKIN-SIKORO D,school,12.6760833,-7.95865
MEKIN-SIKORO E,school,12.6760833,-7.95865
NAMONIAN DANSIRA,school,12.6968,-7.9482
NID DU BONHEUR ANNEXE,school,12.6918833,-7.94615
OUMOU AW,school,12.6872,-7.94895
École privée I B K [2ème C],school,12.67495,-7.9666833
École privée LAYEBOUGOU NOTRE REVE,school,12.6775667,-7.9667167
École privée LAYEBOUGOU NOTRE REVE,school,12.6775667,-7.9667167
École privée MOUSTAPH,school,12.6748833,-7.9629167
École privée OUMOUTAH,school,12.6872,-7.94895
École privée SOGOBA,school,12.67828,-7.95924
École privée SOGOBA,school,12.67828,-7.95924
SADIO FOFANA,school,12.68333,-7.94837
SADIO FOFANA,school,12.68333,-7.94837
SIDINA,school,12.67815,-7.96065
SIDINA,school,12.67815,-7.96065
SIKORO PLATEAU [2ème C],school,12.6762167,-7.9742167
SONNI ALI BER,school,12.66656,-7.96392
SONNI ALI BERE,school,12.66656,-7.96392
TADAMOUNE EL ISLAMIA [1er C],school,12.6850167,-7.9428
TERRE POUR L ENFANT PALESTINIEN,school,12.67121,-7.97123
THIORO BARRY,school,12.66804,-7.96404
École Bansi,school,13.4373425,-3.7623626
École Bansi [2ème C],school,13.4375329,-3.7618598
BIDI,school,13.4682112,-3.9172969
DEBERE [2ème C],school,13.0291942,-4.6788385
École Dissa,school,13.4613935,-3.302134
ECOM de ZEREMA,school,13.4995783,-3.316242
École Gani-Dah,school,13.4340228,-3.5953187
GOERE,school,13.4999713,-3.4449283
KANDE,school,13.39,-3.466
KIENOU,school,13.409979,-3.635003
KOSSORO,school,13.4813498,-3.5089228
LEMA [2ème C],school,13.3421139,-3.6788657
MEDERSA BENKADI WORY-MARKA,school,13.4897004,-3.7311171
NAFANA,school,13.47824,-3.64459
NASSARI SAMOGO,school,13.31,-3.304
OURO,school,13.4407637,-3.4950043
PARA,school,13.42,-3.445
SIRAGOUROU,school,13.4117229,-3.8710644
SOGUE,school,13.3889641,-3.386851
THIONDOUGOU,school,13.23,-3.585
TIEBA,school,13.4930532,-3.6291044
YIRA - BAYE [2ème C],school,13.3801988,-3.345528
YIRA SOKOURA [2ème C],school,13.4798278,-3.8097403
YIRA SOKOURA [1er C],school,13.4798226,-3.8100172
ZOGARA,school,13.4923307,-3.6928156
ECOM Somabougou,school,12.7856818,-7.8758526
AMADOU H. BÂ (SANGAREBOUGOU),school,12.6835833,-7.9278667
Avenir (Moribabougou),school,12.6893833,-7.8680667
AVENIR FOMBABOUGOU,school,12.69125,-7.8989833
BAGUINEDA [2ème C] II,school,12.6082066,-7.7715327
BAGUITA,school,12.6926,-9.6340333
BAGUITA [2ème C],school,12.6926,-9.6340333
BALANDOUGOU,school,12.6288,-8.9749833
BALANDOUGOU [2ème C].,school,13.3558833,-9.5510833
BALANDOUGOU II,school,13.3558833,-9.5510833
BALLALA,school,12.89155,-9.0983833
BANGASSI,school,13.25375,-10.4955167
BANGASSIKOTO,school,13.382425,-9.2610173
BANIDALA,school,12.7023333,-9.7402
BANKO,school,12.7651167,-9.1473667
BANTANKOTO,school,12.6972,-10.1071167
BARKAYA,school,13.1410999,-8.8692816
BAYE,school,13.08365,-9.97895
BEHON,school,12.88215,-9.8303667
BAGUINEDA A,school,12.6185645,-7.7758453
BAGUINEDA C,school,12.6118667,-7.7752833
BAGUINEDA D,school,12.610558,-7.7753262
BAGUINEDA E,school,12.6178166,-7.7760327
BANCOUMA I-II,school,13.1789333,-8.24945
Bemasso,school,12.8881736,-8.1108177
BLENGOUA,school,12.7173333,-7.0893333
BOUALA,school,13.1879,-8.3751167
Chôdo,school,12.8349912,-7.8583696
CHONIKORO,school,12.6340833,-8.1471167
communautaire BOUMOUNDO,school,13.1848833,-8.3458
DAWA ISLAMYA,school,12.7735324,-6.9608311
DAWA ISLAMYA [2ème C],school,12.7735324,-6.9608311
DIALAKORODJI I,school,12.7129103,-7.9721584
DIALAKORODJI II,school,12.71287,-7.9717198
DIALAKORODJI II [1er C] B,school,12.7130105,-7.971409
DIALAKORODJI OUEST [1er C],school,12.7130309,-7.9721442
DIALAKORODJI OUEST [2ème C],school,12.7133023,-7.9714961
DIALAKORODJI SECTEUR III,school,12.7133134,-7.9719953
DIALAKORODJI-I- [2ème C],school,12.7131763,-7.9720434
DIALAKORODJI-II- [2ème C],school,12.7131676,-7.9714772
DIAOU DINE,school,12.7585271,-6.610452
DIARA DIARRA (DOUBABOUGOU) [2ème C],school,12.7138833,-8.17095
Diawanebougou,school,12.82,-8.097
DIEN,school,12.7320105,-6.9625107
DIESSE,school,12.7848084,-6.962608
DIFFEMOU,school,12.8953167,-8.2254833
DIO-VILLAGE,school,12.8263167,-8.2646667
DJIBROULA,school,13.1138,-8.3886167
Djingony II,school,12.6861333,-7.7954167
DJINIDJE,school,12.7240167,-8.2589667
DJINIDJELA,school,12.93515,-8.1237667
DJISSOUMALE,school,13.088584,-8.4276049
DJOUMANZANA [1er C],school,12.6063145,-7.3028883
DJOUMANZANA [2ème C],school,12.6068694,-7.3027595
Dognoumana,school,12.8656667,-7.90815
DOGOBA,school,12.7138833,-8.17095
DOGOBALA [1er C],school,12.7065481,-7.8632132
DOMBILANI,school,13.0228,-8.45035
Unnamed School,school,12.8068683,-7.9845794
DOUGOURACORO [1er C],school,12.64445,-7.8512
DOUGOURAKORO [2ème C],school,12.64445,-7.8512
EC FARAKAN,school,12.6615449,-7.6998464
École communautaire B TIESSAMABOUGOU,school,13.2719,-8.3867167
École de N'TJIBA,school,13.30735,-8.3923
ECOM de FABOUGOULA,school,12.9579333,-8.0693
FALADJE publique [1er C],school,13.1383667,-8.3374167
FALADJE publique [2ème C],school,13.1383667,-8.3374167
FANA [2ème C] I,school,12.7812482,-6.960633
FANA [2ème C] II,school,12.7816406,-6.9606693
FANA A2 [1er C],school,12.7882204,-6.9523009
FANA A2 [2ème C],school,12.7880669,-6.9528431
FANA B2 [1er C],school,12.7824318,-6.9471596
FANA B2 [2ème C],school,12.7821246,-6.9478689
FANA C1,school,12.7748518,-6.9604556
FANA C3,school,12.7746725,-6.9599747
FANA D1 [1er C],school,12.7884769,-6.9525791
FANA D2 [1er C],school,12.7882304,-6.9522753
Fanafiecoro [1er C],school,12.835043,-8.1303025
Farada [1er C],school,12.758762,-8.1059356
Farada [2ème C],school,12.7592603,-8.1058845
FARAKORO,school,12.766521,-6.7070011
FIAH,school,12.9225857,-7.9653593
FOMBABOUGOU,school,12.69125,-7.8989833
GONIDO,school,12.9140674,-7.1375723
GONTOU,school,12.7059167,-6.8342833
GORO,school,12.8215333,-8.1747167
GOUANA,school,12.6423833,-6.8952167
GOULOUKAN,school,12.6049602,-6.6256986
GRINGOUME,school,12.6528097,-8.0984788
GRINGOUME [2ème C],school,12.652824,-8.0980767
GUELEKO,school,13.33365,-8.4407
GUILY,school,13.02375,-8.05105
GUININA [1er C],school,12.84685,-8.33425
GUININA [2ème C],school,12.84685,-8.33425
HAWALA,school,12.74705,-8.3612833
KABABOUGOU,school,12.8907333,-8.1524167
KALID BOUN WALIDE,school,12.6675233,-6.60392
KALIFABOUGOU [1er C],school,12.9528333,-8.1729
KALIFABOUGOU [2ème C],school,12.9528333,-8.1729
KAMBILA [1er C],school,12.7966833,-8.10395
KANABOUGOU,school,12.7482833,-8.2126833
KENIE,school,12.7342231,-6.5443221
KENIE [2ème C],school,12.7341567,-6.5440155
KERELA [1er C],school,12.7414666,-6.838109
KERELA [2ème C],school,12.7427273,-6.8381735
KOBA,school,13.0136333,-8.1132667
KOBALACOURA [1er C],school,12.6248001,-7.8158405
KODIALAN,school,12.6472,-8.25885
KODIANI,school,12.7952048,-7.3618691
KODOUGOU [1er C],school,12.7571809,-8.2268192
KOKOUN [1er C],school,12.6518686,-7.7111108
KOKOUN [1er C],school,12.6518372,-7.7106602
KOKOUN [2ème C],school,12.6515755,-7.7109177
Kola,school,12.769279,-7.8543693
KOMI-KOMI [1er C],school,12.8051167,-8.33595
KOMI-KOMI [2ème C],school,12.8051167,-8.33595
KOMITAN,school,12.7755333,-8.1989833
KONI,school,12.8524333,-7.1786833
KONKON ZAMBOUGOU,school,13.09735,-8.3170833
KONOBOUGOU,school,12.7377426,-8.1231517
KOROKORO [1er C],school,12.7353461,-7.3819197
KOROKORO [2ème C],school,12.7349589,-7.3815549
Groupe Fondamental Plateau II,school,12.8709314,-7.5148104
KOULIKORONI,school,12.8886667,-8.3248833
Koulounikoro,school,12.966,-7.9192167
KOUMBALA,school,13.0401667,-8.5062833
KOUNGODIAN,school,12.7936589,-6.5742451
KOUNTOU,school,13.0997833,-8.2266667
KOYAN,school,12.7509167,-8.2369333
LA LUMIERE SANGAREBOUGOU,school,12.6835833,-7.9278667
LE BANCO,school,12.7911897,-6.9642602
LE FOUTA TORO [1er C],school,12.7902703,-6.9568195
LE FOUTA-TORO [2ème C],school,12.7903169,-6.9567842
LE PATRIOTE [1er C],school,12.7872004,-6.9449793
LE PATRIOTE [2ème C] C,school,12.7871244,-6.9448606
LES ELITES SANGAREBOUGOU,school,12.6835833,-7.9278667
MADERSA DIERO,school,12.6381005,-6.8201449
MAGNAMBOUGOU,school,12.8131167,-8.2212333
MAKONO,school,12.6797,-8.1275833
MAMARIBOUGOU,school,13.0444667,-8.3673167
MARIKO I,school,12.8156,-8.5208667
MARIKO II,school,12.8487667,-8.5034833
MARKA-COUNGO A [2ème C],school,12.7375167,-7.2863167
MARKA-COUNGO B [1er C],school,12.7375167,-7.2863167
MARKA-COUNGO B [2ème C],school,12.7375167,-7.2863167
MARKA-COUNGO C [1er C],school,12.7375167,-7.2863167
MEDERSA SABIL SAADATI,school,12.7863008,-6.9506706
MEDERSA DOUGOURACORO,school,12.64445,-7.8512
MEDERSA EL NOUR SOUNDOUGOUBA COURA,school,12.6150742,-7.7535453
MISSANGO [1er C],school,12.8192527,-7.0646726
MISSANGO [2ème C],school,12.8190174,-7.064496
MONZOMBLENA,school,12.7858833,-6.8671
MORIBOUGOU-COURA,school,13.1121833,-8.0443167
M'PIEBOUGOU [1er C],school,12.7014,-8.10855
M'PIEBOUGOU [2ème C],school,12.7014,-8.10855
M'PIEBOUGOU communautaire,school,13.06665,-8.3539167
NACHIROU DINE,school,12.7872004,-6.9449793
NAHARO DJOLIBA KOBALAKOURA,school,12.6252289,-7.8180179
NANGOLA [1er C],school,12.6711736,-6.6060001
NANGOLA [2ème C],school,12.6717743,-6.6099017
N'DJICOUNGONI,school,12.9399,-7.0500333
N'DJIFINA,school,12.6780027,-6.7243142
N'DJININA,school,12.7833577,-7.0133959
NEGALA ''C'',school,12.8509,-8.4618667
NEGALA [2ème C],school,12.8509,-8.4618667
NEGALA A,school,12.8509,-8.4618667
NEGALA B,school,12.8509,-8.4618667
NEGUEBABOUGOU BOSSOFALA,school,12.9229,-8.4532
N'GABACORO DROIT,school,12.6874727,-7.8399879
N'GABACORO DROIT [2ème C],school,12.6871674,-7.8391531
N'GABACORO-DROIT B,school,12.6952802,-7.8538605
N'GALAMADIBY,school,12.6998333,-8.2316
N'Garan,school,12.8453933,-7.9866041
Groupe Fondamental Plateau II,school,12.7797167,-7.6603333
N'GOLOFALA,school,13.0118333,-8.0607833
N'GOMA,school,13.295,-8.4610333
NIAMANA [1er C],school,13.0113378,-8.2132063
NIAMANA [2ème C],school,13.0109705,-8.2129322
NIANINA,school,12.7947833,-7.2926333
NIANTIGUILA,school,12.7062667,-8.2146
NINIEKEBOUGOU,school,12.7952217,-6.8133357
N'TEGUEDO,school,13.1331333,-8.3053333
N'TEGUEDO SIRACORO,school,12.7413348,-7.9880263
N'TJIBLEBOUGOU,school,13.0444,-8.1457
N'TJILA,school,12.64295,-7.3880333
N'Tonadji-Banco,school,12.7933167,-8.4391333
N'TONIBA,school,12.719746,-8.1048199
N'TOTADIE,school,12.60695,-6.9229667
N'TYEANI,school,12.9860667,-8.11705
N'Zorokoro,school,12.7560667,-7.9756333
OULOUMOUL COURAN WA SOUNA [2ème C],school,12.7954132,-6.9558742
OULOUMOUL COURAN WASOUNA,school,12.7954132,-6.9558742
OUSSOULIYA [1er C],school,12.7932129,-6.960547
OUSSOULIYA [2ème C],school,12.7932129,-6.960547
École privée SETIGUISO,school,12.767536,-6.9679842
Sabalibougou,school,12.65555,-7.8882167
SABIL EL NADJAHI (TINGOLE),school,12.7508333,-7.1461
SABROUL ISLAM,school,12.6456488,-6.5570165
SAINT JEAN-BOSCO FALADJE [1er C],school,13.1383667,-8.3374167
SAINT JEAN-BOSCO FALADJE [2ème C],school,13.1383667,-8.3374167
SAINTE JEANNE DELANOUE,school,12.7746178,-6.9383954
SALAM [1er C],school,12.779389,-6.9485245
SANAMBA,school,12.7697667,-8.3691167
SANANCO,school,13.0087833,-8.3472833
École Sanankoro,school,12.9599668,-7.0704492
SANGAREBOUGOU,school,12.6835833,-7.9278667
SEBENICORO,school,12.749334,-8.1193142
Seguetambougou,school,12.8264884,-8.056579
Seriwala,school,12.8420848,-7.9095437
SIDJANKORO,school,12.75455,-8.3131833
SIERO CISSELA,school,12.8109186,-6.8207513
SIKORO BASSIBOUGOU,school,12.9578667,-8.3104333
Sikorobougou,school,12.8497983,-8.0291675
SIKOULOU,school,12.7073592,-7.827804
SIRABLO,school,13.0597167,-8.1358167
SIRABLO-DOGOBA,school,12.6569167,-8.1723333
SIRACOROBOUGOU TORODO,school,13.0261667,-8.1641667
SIRACORONI,school,13.3448667,-8.3120167
SIRAKORODJE,school,12.6234333,-6.9496167
SIRAMASSO,school,13.0042333,-8.0473333
SIRANIDOUROU,school,13.1704333,-8.2961667
SOGOLOBOUGOU,school,12.8784167,-8.1438333
SOLEIL LEVANT,school,12.7793007,-6.9555765
SONGHON,school,12.6837333,-8.3312
Soninkegny [1er C],school,12.886155,-8.0823287
Soninkegny [2ème C],school,12.8863642,-8.0816774
SOROKORO,school,12.6300167,-6.5430167
SOTOLY,school,12.8567167,-8.2016667
SOULEYMANEBOUGOU,school,12.6791204,-7.8904689
SOULEYMANEBOUGOU,school,12.6780042,-7.8901596
SOUNDOUGOUBACORO,school,12.6305417,-7.7500189
SOUNDOUGOUBACOURA,school,12.6151573,-7.7540392
TAHALIM DIN WAL ADAB,school,12.6610855,-6.6520689
TALIKO II,school,12.6284213,-8.0627056
TALIKO II [2ème C],school,12.6284278,-8.0626905
Groupe Fondamental Plateau II,school,12.7088,-7.71205
Groupe Fondamental Plateau II,school,12.80445,-7.6347
TARBIYATOU EL HAOULADI [1er C],school,12.7302136,-6.5470441
TARIBI YATOU EL HAOULA DI [2ème C],school,12.7301804,-6.5465672
Tassan,school,12.8085333,-7.9032833
TIECOROBOUGOU,school,12.962,-8.1398833
TINGOLE [1er C],school,12.7521389,-7.1502778
TINGOLE [2ème C],school,12.7521389,-7.1502778
TITIBOUGOU [2ème C],school,13.14378,-8.36858
TITIBOUGOU ECOM,school,13.14378,-8.36858
TOMBA,school,12.7463333,-8.33075
TONGA (WACORO),school,12.6519692,-6.7563505
TORODO [1er C],school,13.05765,-8.2072833
TORODO [1er C],school,12.8109706,-7.947242
TORODO [2ème C],school,13.05765,-8.2072833
TOROKOUMANA,school,12.7666786,-6.6176456
TOUKORO,school,12.6708833,-7.2465167
WACORO [1er C],school,12.6030511,-6.6935546
WACORO [2ème C],school,12.6030832,-6.6933239
WELA,school,12.727797,-6.6261137
WEREKELA,school,12.8101167,-6.9244167
WODOUGOU DJOUMANZANA,school,12.6671715,-7.4182319
WOLODO,school,12.7348167,-7.3283833
WOLONI,school,13.0034,-8.41815
WONIKORO,school,12.6423432,-7.049926
WOULOUFIENA,school,12.811,-7.1133833
Yelekebougou [2ème C],school,12.972846,-8.0414071
YOLLA,school,12.8091938,-6.9873299
ZAMBALA,school,12.6424167,-6.5239167
Unnamed School,kindergarten,12.3937537,-5.4664482
Unnamed School,kindergarten,12.3938928,-5.4657228
Faculté de Médécine et d'Odontostomatologie (FMOS),university,12.6708862,-7.9954337
Complexe scolaire Blima,school,12.6133611,-7.9822302
ZANGUENA,school,12.7802926,-7.0795358
ZANGUENABOUGOU,school,12.7600298,-7.081095
Groupe Fondamental Plateau II,school,12.7098056,-7.4348611
ZEALA,school,13.0903833,-8.26335
BALANDOUGOU Kassama,school,13.1597667,-11.1211
Bambou,school,12.9510667,-11.1720333
BAYE,school,12.8292667,-11.0183333
BAYE [2ème C],school,12.8292667,-11.0183333
BEROLA (Dialafara),school,13.3986333,-11.63615
BINEA,school,12.6108333,-11.0202333
BORIBANTAN,school,13.1074,-11.3199333
BORO,school,12.9582667,-11.0118
BOUGOUBA Medersa Tabacoto,school,12.9468167,-11.2025667
BOUREYA,school,12.7060667,-11.09315
DABIA [2ème C],school,12.6699667,-11.1392167
DIALLAN,school,13.42135,-8.07135
KOTEDO,school,12.6218667,-9.1172167
DIBA,school,12.96066,-10.21042
GUEREKOLA,school,12.85455,-9.36
LEMOUNATOUMBOUN,school,12.86665,-10.9327333
TAMBAFINIA,school,12.6449667,-10.8524833
DIALAKOTO,school,12.7374167,-11.2678333
GALLE [2ème C],school,12.6717707,-9.8348805
École Bougouba,school,13.3574116,-7.4733
École Dlana,school,13.2310408,-7.4252831
Groupe Fondamental Plateau II,school,12.7920333,-7.4185167
Galo,school,13.4841129,-7.4717
Gana Bambara,school,13.4441175,-7.44455
MAISON CORAN ET HADISS [2ème C],school,13.4695192,-7.38536
Med Galo,school,13.4850399,-7.47194
ALI - WA - AMAL [1er C],school,13.4691315,-7.37944
Bouadougou,school,13.4936419,-7.3937912
DIONI,school,13.4846542,-7.31331
Djenidje-Bambara,school,13.3751538,-7.3907233
Kolondjalan,school,13.4884734,-7.50743
Med N'Tiele [1er C],school,13.4004962,-7.42524
Dialado,school,13.4098652,-7.34923
ISLAMLIA KEROUANE [1er C],school,13.4390801,-7.29652
Ballabougou,school,13.4110099,-7.38988
SATADOUGOU,school,12.6125833,-11.4138167
TILIBA,school,12.7659333,-10.63585
SARAYA,school,12.7233667,-10.51965
MANANTALI [2ème C] A,school,13.2085743,-10.4624629
Dialafara [1er C].,school,13.4607833,-11.3787
DIALADIAN,school,13.1094833,-11.0490333
Dialafara [2er C].,school,13.4607833,-11.3787
DIOULAFOUNDOU MANAKOTO,school,12.7262167,-11.3878
École Dogoni (Sirakorola),school,13.20505,-7.55505
École Garanguebougou,school,13.29169,-7.5542841
École Ben,school,13.3468833,-7.8230167
BOUGOUDIANA,school,13.312664,-7.872463
École Bouadiana,school,13.46945,-7.673
KOLIA,school,12.6596167,-10.09925
KOKOUNKOUTOU,school,13.0580167,-10.1332667
MADINA FOULALA,school,13.2314,-9.8691667
NANTELA,school,13.1575833,-9.8440667
École Bamaro Simpara,school,13.4947827,-7.5765936
FALIBOUGOUNI,school,13.4140499,-7.0959844
École Kolombala,school,13.4860012,-7.088392
École Konobougou B,school,13.395008,-7.0336933
DANDOUKO,school,12.6799833,-11.09375
DANDOUKO [2ème C],school,12.6799833,-11.09375
DIABAROU [1er C],school,12.6287833,-11.0928
DIABAYA,school,12.8569,-11.0769333
DIANTINSA,school,13.1847167,-11.2417167
DIONI- TAMBADIYA,school,13.0194667,-11.0320333
DIOULAFOUNDOUBA [1er C]ycle,school,12.9246833,-11.0703167
DIOULAFOUNDOUBA [2ème C],school,12.9246833,-11.0703167
DJIDJAN-KENIEBA,school,13.0990167,-11.3917167
DOMBIA [1er C],school,12.7801167,-11.0500833
DOMBIA [2ème C],school,12.7801167,-11.0500833
DOUMOUFARA,school,13.0858333,-11.0893333
FARINKOUNDA,school,13.4245167,-11.7286667
FOUTOUBA (ECOM),school,12.75825,-11.0988
FOUYA,school,12.6004167,-10.7404167
GALASSI,school,12.9762333,-11.08085
GATO,school,12.9114833,-11.1435667
GOULOUDJI,school,12.88085,-11.13025
GUENE-GORE [1er C] II,school,12.7282833,-11.0199167
GUENE-GORE [1er C],school,12.7282833,-11.0199167
GUENE-GORE [2ème C],school,12.7282833,-11.0199167
GUINDINSOU [1er C],school,12.9591333,-11.1013333
GUINDINSOU [2ème C],school,12.9591333,-11.1013333
HAMBINE,school,12.7906,-11.2414333
KAMA,school,13.0061167,-11.0667667
KASSAMA [1er C],school,13.0566167,-11.1208333
KASSAMA [2ème C],school,13.0566167,-11.1208333
KENIEDINTO,school,12.8626862,-11.199804
KENIEGOULOU,school,13.4857833,-11.5691667
Keniekenieba,school,13.3740933,-11.8671935
KENIEKO,school,13.1986833,-11.5002833
KENIETO [1er C]ycle,school,13.0026595,-11.1036468
KENIETO [2ème C],school,13.0038813,-11.1041006
KEREKO,school,12.92285,-11.24105
KIRIDY,school,12.8437333,-11.1058833
Kobato,school,12.9711,-11.1307667
KOFFING,school,13.1984833,-11.33215
KOLOMBA II,school,12.7289833,-11.1803167
KOMBOROYA,school,12.68045,-10.9637833
KOUFARA,school,13.1063333,-11.1340167
KOUKA,school,12.7433927,-11.1289992
KOULAYA,school,13.03675,-11.0803833
KOUNDJI KENIETO,school,12.8039833,-11.14835
KOUROUKOTO,school,12.6069895,-10.4036295
KOUROUKOTO [2ème C],school,12.6082747,-10.4038816
KOUTILA,school,12.9251133,-11.2256361
KOUTILA NIAFA,school,12.9251,-11.2255833
LINGUEKOTO- DIALFARA,school,13.4402167,-11.57855
LINGUEKOTO II Sitakily,school,13.2130667,-11.4261833
LOMBONA,school,12.64735,-11.09235
LOULO CITE,school,13.0683333,-11.3709333
LOULO-CITE [2ème C],school,13.0683333,-11.3709333
LOULO-VILLAGE,school,13.0683333,-11.3709333
MADINANDING,school,12.9060468,-11.3911561
MAHINAMINE,school,12.9201606,-11.3788383
MALLEA,school,12.82,-11.09
MANAKOTO,school,12.70895,-11.3580667
MERDERSA -SATANDAKOTO,school,12.7766667,-11.2262333
MOGOYAFARA,school,12.82015,-11.1811167
MOURALIA,school,12.9792497,-11.1699357
NARENA,school,12.8645667,-11.1865333
NETEKOTO,school,13.3737356,-11.3785814
NIARAKIRA,school,12.71805,-10.3493333
OULARA,school,12.616,-10.5596167
SAKOLA,school,13.0363833,-11.3446167
SAMBOULA,school,13.30045,-11.0828833
SAMOU,school,12.8112833,-10.9337667
SANOUGOU,school,12.8147167,-11.2755333
SANSANTO,school,12.88125,-11.2371833
Sekonamata,school,12.9996,-11.1558
SEKOTOBA,school,12.7467667,-10.9454333
SINSEKO,school,12.7945167,-11.3543167
SITAFETO,school,12.7062667,-10.2744167
SITAKILY [1er C],school,13.1083898,-11.2254336
SITAKILY [2ème C],school,13.1084029,-11.2253612
SITAKOTO,school,12.84345,-11.1337667
SOKONDON,school,12.6853,-11.17095
TABAKOTO Kassama,school,13.0672167,-11.0578333
TABAKOTO SITAKILY [1er C] I,school,12.9468167,-11.2025667
TABAKOTO SITALILY [1er C] II,school,12.9468167,-11.2025667
TABAKOTO DANDOUKO,school,12.6814139,-11.0814624
TABAKOTO SITAKILY [2ème C],school,12.9468167,-11.2025667
TABAKOTO SITAKILY ECOM. I,school,12.9468167,-11.2025667
TABKOTO SITAKILY ECOM II,school,12.9468167,-11.2025667
TAKOUTALA,school,12.7410833,-11.08295
TAMBADIYA,school,13.0320833,-11.0089833
TAMBAKOTO,school,12.9468167,-11.2025667
TOUMBOUMBA,school,12.8677167,-11.08735
TOUMBOUN,school,12.7166167,-11.0511167
YATERA [1er C],school,13.1347667,-11.1719
YATERA [2ème C],school,13.1347667,-11.1719
YERALLA,school,12.8887167,-11.1091667
YEREMOUNDE,school,12.8982667,-11.27545
BILIFARA,school,12.8622167,-9.2838167
BILIKO,school,12.8742333,-9.8644
BOKOTO,school,13.16415,-10.1358333
BOUGARA,school,13.1989167,-10.7150333
BOUGARIBAYA,school,12.8167833,-9.8432667
BOUGARIBAYA [2ème C],school,12.8167833,-9.8432667
DAFELA,school,12.9737123,-9.3992782
DALALA,school,12.7648167,-9.2747833
DALAMA,school,12.86065,-9.9888167
DAMBANA,school,12.9730932,-9.5339018
DAMBANA [2ème C],school,12.9731212,-9.5342952
DARSALAM / KOKOFATA,school,12.7456167,-9.8350333
DARSALAM KOKOFATA [2ème C],school,12.7456167,-9.8350333
DIAGALA,school,13.1369,-9.9028167
DIAKHABA,school,13.3313,-10.7798
DIALAFARA,school,13.1386831,-9.3931341
DIALAYA (P.C),school,13.0158131,-9.4190216
DIARADJI,school,12.65065,-9.10785
DIOUGOUFING,school,12.6484,-9.7939333
DJEGUILA LAFIABOUGOU,school,12.65065,-9.10785
DJIGUIYA,school,12.77975,-9.94075
DJOUGOUFING [2ème C],school,12.6484,-9.7939333
DOUGOURA-KOROBA,school,13.3129667,-9.4169167
DOUMBADJILA,school,13.1822314,-9.373886
DOURY [2ème C],school,13.0766167,-9.6057667
FANGALA-COUTA,school,12.6683667,-10.0130667
FARABA I,school,12.6998167,-9.2950333
FARABA II,school,12.6825667,-9.2963833
FARABANDING [1er C],school,13.2966833,-10.6257833
FIRIYA,school,13.1640833,-10.2289667
FORE,school,13.1368667,-10.7101667
GAKOUROUKOTO [2ème C],school,12.6704167,-9.7740167
GAKROUKOTO,school,12.6704167,-9.7740167
GALLE [1er C],school,12.67265,-9.8352667
GANFAN,school,13.3635167,-10.6322167
GASSITO,school,13.1162333,-10.0449333
GOMOU,school,13.3910833,-10.4496333
GORO,school,12.6182667,-9.0092833
GORO [2ème C],school,12.6182667,-9.0092833
Guenikoro [2ème C],school,13.1296641,-8.8295503
HANGAOURA,school,13.2304833,-10.1117167
KABE,school,13.1724703,-9.4308751
KALA,school,13.38105,-10.6827667
KAMA - BAMBOUCK,school,13.2805333,-10.93335
KARO,school,12.7677333,-9.88515
KATABANTANKOTO,school,12.9054667,-9.8718333
KATABANTANKOTO [2ème C],school,12.9054667,-9.8718333
KATAKOTO [1er C],school,12.94365,-9.8531667
KENIEKENIEKO,school,12.7923667,-9.7747
KENIEMA,school,13.16505,-10.74785
KOBA,school,12.7693333,-10.1370333
KOKOFATA [1er C],school,12.8843333,-9.9451333
KOKOFATA [2ème C],school,12.8843333,-9.9451333
KOLAMINI,school,12.8912667,-9.2750833
KOLOGON,school,12.79275,-10.15795
KOLONDIMBA,school,12.7201333,-9.8081833
KONOFAYE,school,12.7622,-9.2226167
KOULIKOROBA,school,13.45705,-9.2814667
KOUMAKANA,school,13.0076167,-9.9030833
KOUMAKIRE,school,12.7861833,-9.9961
Koumakiré [2ème C],school,12.7861833,-9.9961
KOUNDIAN [1er C],school,13.1612165,-10.6849731
KOUNDIAN [2ème C],school,13.1614666,-10.6848311
KOUROUBA GORELY,school,13.3836667,-11.001
LAHANDY,school,13.28235,-10.8201333
LAHANDY [2ème C],school,13.28235,-10.8201333
MADINA KOUTA,school,13.1054,-10.7768
MADINA MALINKE,school,13.0264667,-9.9602167
MAKANA,school,12.9311167,-9.9164333
MANAKOTO,school,13.2857927,-9.35795
MANAKOTO [2ème C],school,13.2857402,-9.3576536
MANANTALI [2ème C] B,school,13.2198859,-10.4657298
MANANTALI II,school,13.2198311,-10.4654991
MANANTALI École privée,school,13.2086369,-10.4624548
Manantali SC,school,13.2112638,-10.4636538
MARENA [2ème C],school,13.2257,-10.5219167
MARENA [1er C],school,13.2257,-10.5219167
MARIMBILIA,school,12.7592333,-9.9258
MEDERSA MANAKOTO,school,13.2884284,-9.3578961
MEDERSA GAKROUKOTO,school,12.6704167,-9.7740167
MORO-MORO,school,13.3924333,-9.08645
MORO-MORO [2ème C],school,13.3924333,-9.08645
MOURGOULA,school,12.6454833,-9.1763333
NANIFARA,school,13.1010333,-10.8210833
NANTELA,school,13.1988167,-10.46035
NIANTANSO (P.C.),school,13.2750667,-10.1742833
NIANTANSO [2ème C],school,13.2750667,-10.1742833
NIOKOLENIA,school,12.95,-9.162
NOUMANA,school,12.8788,-8.8559
NOUMOUTENIN,school,13.2076167,-9.2932167
SAMOUBOUGOU,school,12.8865333,-9.2134667
SANANSABA,school,12.6913833,-9.0773333
SANDIAMBOUGOU [2ème C],school,13.32045,-9.3809
SANGAREBOUGOU [2ème C],school,12.9802,-9.0849
SEME (PC),school,13.097772,-9.5216667
SENKO,school,12.8123167,-9.35415
Senko [2ème C],school,12.8123167,-9.35415
SIBINIKILY,school,12.75105,-9.7397667
SIMBONA,school,12.7388167,-9.7599
SIRAKORO I,school,12.6816333,-9.2272
SIRAKORO [2ème C],school,12.6816333,-9.2272
SIRAKORO II,school,12.6816333,-9.2272
SIRANIN KORO,school,13.1892316,-9.3200038
SITANIKOTO,school,12.730694,-10.2102843
SITANTOUMOU,school,13.0933833,-9.3313333
SOGONKO,school,12.82135,-9.3124
SOLLO-KOTO,school,12.9672,-10.4351333
SOUBALA,school,13.2277333,-10.8342333
SOUBALA S/C,school,13.2277569,-10.8342333
SOULOUN-KAMA,school,13.0041669,-10.689656
SOURANSAN TOUMOTO [2ème C],school,13.3498333,-9.4963
SOURANSAN TOUMOUTO [1er C].,school,13.3498333,-9.4963
TAGABARISSAN,school,12.6357667,-9.7301167
TAMBAGA,school,12.96905,-9.8719333
TAMBAGA [2ème C],school,12.96905,-9.8719333
TINTILA BAFING,school,13.225,-10.4949833
TOKOMBARE,school,13.12425,-9.9862333
TONDIDJI,school,13.0707667,-10.2748
TONDIDJI [2ème C],school,13.0707667,-10.2748
TOROLO,school,12.8037265,-8.8563956
TOUKOTO [2ème C],school,13.4477167,-9.8792667
TOUKOTO I,school,13.4477167,-9.8792667
TOUKOTO II,school,13.4477167,-9.8792667
TOUKOTO III,school,13.4477167,-9.8792667
TOUMBOUDIOTO,school,13.3212167,-10.2616667
TOUMOUMBA,school,13.0160443,-9.3519202
TRAORELA,school,13.3823333,-9.3542333
YELIMANE,school,13.2727608,-9.960855
ALI - WA - AMAL,school,13.4692565,-7.37908
École Baberebougou,school,13.4688837,-6.8126061
École Babougou,school,13.1510861,-7.5705205
École Bakole,school,13.0722167,-7.1906333
Balaban,school,13.2021171,-7.1712026
Beleniko Tougouni,school,13.1922054,-7.3167657
École Bougounissaba,school,13.1203995,-7.5021521
BOULOUKOUMA,school,13.2659624,-7.9218954
Darou Alkrou Wal Adis Sirakorola,school,13.287099,-7.5718864
DENIMBA,school,13.3958195,-6.9746625
École Dialakoro [2ème C],school,13.0164476,-7.7596151
DIANGUINEBOUGOU (DINANDOUGOU),school,12.9992068,-7.1939056
Diarrabougou B,school,13.0466492,-7.9810226
DIEKOUMA,school,13.2378,-7.9491992
DINAN MEDERSA,school,13.0425564,-7.3425708
Djenidie Marka,school,13.3857967,-7.38763
École Dole,school,13.4926544,-6.9757808
Donguere,school,13.2653,-7.2268
Dontierebougou,school,13.2324,-7.5275833
École Dougabo,school,13.4677167,-6.9387833
École Dougourakoro,school,13.2013667,-7.35695
ECOM Bouala Sacko,school,13.3885833,-7.1807833
Groupe Fondamental Plateau II,school,12.84385,-7.5833667
Groupe Fondamental Plateau II,school,12.8579167,-7.5640667
FASSA,school,13.4297833,-7.24065
École Fassoumbougou,school,13.0574923,-7.810242
Groupe Fondamental Plateau II,school,12.8488333,-7.5382833
FLABOUGOU,school,13.2745667,-8.0503167
FONFLEBOUGOU,school,13.4387667,-7.8815
FOROKOBOUGOU,school,13.1111833,-7.992
Fougalembougou,school,13.1801,-7.4062833
FOUGALENI,school,13.3945461,-7.1191939
Gonindo,school,13.3083461,-7.2926938
Gouagnebougou,school,13.2955167,-7.4003667
Kabana II,school,13.036232,-7.8612406
École Kakoule,school,13.0945798,-7.1210151
Kanika,school,13.1403633,-7.2642832
École Karadie,school,13.2436574,-7.5983606
École Kassa,school,13.0642061,-7.2817891
École Katiola (Tougouni),school,13.3005728,-7.2401704
École Kawerla,school,13.4633142,-7.19929
Groupe Fondamental Plateau II,school,12.8275,-7.6071833
Groupe Fondamental Plateau II,school,12.8275,-7.6071833
Groupe Fondamental Plateau II,school,12.8275,-7.6071833
KENA,school,13.3369876,-7.9227352
KENENKOUN [2ème C],school,13.1004943,-7.2432477
KEROUANE [1er C],school,13.4383073,-7.29896
KEROUANE [2ème C],school,13.4381816,-7.29914
KODIAN,school,13.0732333,-7.9506167
KOFAN,school,13.4624167,-7.1505333
Groupe Fondamental Plateau II,school,12.8529754,-7.5696219
KOLIMANA,school,13.3553149,-6.9308482
Komba,school,13.33835,-7.2056
École Konina,school,13.2544667,-7.1669833
École Konobougou A,school,13.400547,-7.0339701
Koroka,school,13.27135,-7.6832333
KOROKABOUGOU,school,13.4696167,-7.9919167
Kossaba,school,13.1420833,-7.5975167
KOSSOUMALE FASSA,school,13.4709333,-8.1783667
Kyiban,school,13.1627,-7.3292
École Magnana,school,13.4642618,-6.8814001
MAISON CORAN ET HADISS [1er C],school,13.469362,-7.3853079
Groupe Fondamental Plateau II,school,12.7786125,-7.69687
École Marakala,school,13.2644468,-7.7787064
Groupe Fondamental Plateau II,school,12.8196667,-7.6443667
Groupe Fondamental Plateau II,school,12.8196667,-7.6443667
MASSANTOLA [1er C],school,13.495115,-7.8051363
MASSANTOLA [2ème C],school,13.4952201,-7.8045685
MASSIMINABOUGOU,school,13.3443374,-7.30795
Med Dialado,school,13.409509,-7.348959
Med Djenidje,school,13.3862397,-7.38716
MED KEROUANE,school,13.4388056,-7.2991111
MED KOLIMANA,school,13.353004,-6.9326902
Medersa Konobougou,school,13.4034704,-7.0323109
Med N'Galamadibi,school,13.4952938,-7.48202
Med N'Tiele [2ème C],school,13.4003558,-7.4252
MEDERSA ITISSAMI ISLAMYA,school,13.4336379,-7.29883
MEDERSA ITISSAMI ISLAMYA KEROUANE,school,13.4338446,-7.2989
Medersa Satoul Illimou Wal Amali,school,13.3987108,-7.42776
Medersa-Seguela-Kobala,school,13.3991137,-6.8948289
Merd de Sikouna,school,13.3022143,-7.5062969
MESSA,school,13.2323771,-7.8968391
Môba,school,13.2019005,-7.2718579
École Modibougou-Nazambougou,school,13.4394443,-6.8788408
Monzombala,school,13.3064167,-7.45895
École Monzona,school,13.1761661,-7.4387808
École Nabougou,school,13.4137157,-6.8474775
Necko,school,13.3541905,-7.32086
N'GABACORO,school,13.4321833,-6.8990833
BONAKUY,school,13.3642936,-4.4043494
DIMAKUY,school,13.3732161,-4.4188659
FIO [2ème C],school,13.4073188,-4.7170805
KANSENE [1er C],school,13.3391544,-4.5811801
KIRINA,school,13.4721939,-4.6657144
KOKAKOUAN,school,13.3073882,-4.3126111
KOKUY,school,13.3082882,-4.3900496
École Manekuy,school,13.4925854,-4.477551
BORA,school,13.4447163,-4.5619194
KOTEBE,school,13.3615928,-4.6738238
MANSARA,school,13.3412104,-4.6439836
MAMBAOU SAADATI BOUGOUDARA,school,13.2313793,-4.9488247
ABOUBACAR ASIDIKI,school,13.194285,-5.1065398
DIELI [1er C].,school,13.0587232,-5.1144543
BENENA [1er C] A,school,13.1168935,-4.3650858
TEBERE,school,12.6451167,-4.8095667
BENI - BOKUY,school,12.8836663,-4.6249066
GNIMOUKUY,school,12.7907482,-4.5892945
MOUNI,school,12.857,-4.3972
PEGUENA,school,12.6745997,-5.9131285
M'BIENINA,school,12.979166,-5.914166
MAMOU,school,12.9990765,-5.7908599
DENSO,school,13.247789,-5.14755
École Kouara,school,13.1082518,-4.6916435
LAKADJAN,school,12.9726333,-4.8602868
BOLOMA,school,12.7236196,-6.109403
FALO PC,school,12.9098472,-6.2387305
MANZONA,school,12.9612623,-6.1465525
BEMBOUGOU,school,12.67665,-5.9616167
École Singueye,school,13.3350732,-7.2782182
NANKOROLA,school,12.6632167,-5.74425
NTARLA STATION,school,12.6182667,-5.6903667
BLA [2ème C] I,school,12.9442913,-5.7610307
KAMONA PC,school,12.8740146,-5.7090317
AMA (AGENCE DES MUSULMANS D'AFRIQUE),school,13.3034525,-4.8893116
AMITIE II,school,13.2887018,-4.9058151
BABOU DIONI B [2ème C],school,13.3051752,-4.8933488
BABOU DIONI C [2ème C],school,13.3044362,-4.8930928
EL AN W. EL ISLAMIYA [1er C],school,13.3050341,-4.9043646
FANDJELA,school,12.6589167,-5.45575
KONIBA COULIBALY FONFONA,school,12.67435,-5.6056
KORO N'TOSSONI,school,12.6501,-5.5781333
Imam bakir,school,12.9489144,-5.7470616
MERDERS NGNIA,school,12.6466812,-5.5088107
KONDA,school,13.4491313,-4.623045
BAMBARA,school,13.416554,-4.1883995
HAMPONIKUY,school,13.0523032,-4.643414
KONKORONA,school,13.0158598,-4.5900871
École Kouma,school,13.0781556,-4.7226424
LENEKUY,school,13.0364466,-4.5482555
DAGA,school,13.3291814,-4.5196958
ECOM PORONE,school,13.317,-4.629
IDOIA de FIO,school,13.4054482,-4.7186238
KORO [1er C],school,13.37,-4.735
N'GABACORO DANSINE,school,13.2212333,-7.79135
École N'Gabakoro (Sirakorola),school,13.2584167,-7.4815
NGABAKORO KOYAN,school,13.1391667,-8.0481333
N'Galamadiby,school,13.4951782,-7.48279
N'GOLOBLEMBOUGOU,school,13.3596928,-7.8523345
École N'Golobougou (Tougouni),school,13.2549,-7.2671833
NGUENEYA,school,13.334,-8.0644167
NIARA,school,13.4081167,-7.9109833
NIOKHONA,school,13.2656333,-8.2344833
NONKON [1er C],school,13.2243785,-7.8593356
NONKON [2ème C],school,13.2244603,-7.8601439
NOSSOMBOUGOU [1er C] A,school,13.0992,-7.9383333
NOSSOMBOUGOU [1er C] C,school,13.0992,-7.9383333
NOSSOMBOUGOU [2ème C] A,school,13.0992,-7.9383333
NOSSOMBOUGOU [2ème C] B,school,13.0992,-7.9383333
NOSSOMBOUGOU B,school,13.0992,-7.9383333
N'Tiele,school,13.4026622,-7.42971
N'TIOBOUGOU,school,13.4782667,-8.0676
N'Tjibougou (Duguw.),school,13.3743753,-7.2215767
N'TJILLA,school,13.2537333,-8.0142833
N'TOBOUGOU,school,13.4139167,-6.9334
OUARABOUGOU,school,13.46795,-8.2727667
OUARALA,school,13.12975,-7.9985833
OUARALA [2ème C]YCLE,school,13.12975,-7.9985833
OUOLODIEDO [1er C],school,13.2897168,-7.952941
OUOLODIEDO [2ème C],school,13.2891895,-7.9528713
École fondamentale Ouolodo [1er C] B,school,13.1960175,-7.9350898
OURONGO,school,13.1103833,-7.16415
Groupe Fondamental Plateau II,school,12.8652833,-7.5569
Groupe Fondamental Plateau II,school,12.8652833,-7.5569
Groupe Fondamental Plateau II,school,12.8652833,-7.5569
Groupe Fondamental Plateau II,school,12.8652833,-7.5569
Groupe Fondamental Plateau II,school,12.8579167,-7.5640667
Groupe Fondamental Plateau II,school,12.8579167,-7.5640667
SANANDJE,school,13.1978833,-8.0209
SANANKORONI,school,13.4589,-7.8289333
École Seguela [1er C],school,13.3959701,-6.8915631
École Seguela [2ème C],school,13.3962269,-6.8911289
Groupe Fondamental Plateau II,school,12.9451,-7.5122
Sikouna,school,13.3028586,-7.5077664
SIMBA,school,12.8798667,-7.74345
SIMBA,school,12.8785833,-7.7485167
École Sinzani,school,13.1141634,-7.5548221
Sirabala,school,12.9226706,-7.8005619
École Siradjankoro,school,13.4823604,-6.8986933
Sirakolon,school,13.3911847,-7.26109
SIRAKORO,school,13.4025999,-7.9408118
École Sirakorobougou,school,13.3769833,-7.1409167
SIRAKOROLA-EST,school,13.2842462,-7.5632436
SIRAKOROLA-EST [2ème C],school,13.2844041,-7.5640952
SOMAMBOUGOU,school,13.4282167,-7.8412167
Sorentibougou,school,13.3253317,-7.40268
Groupe Fondamental Plateau II,school,12.84385,-7.5833667
Groupe Fondamental Plateau II,school,12.84385,-7.5833667
Groupe Fondamental Plateau II,school,12.84385,-7.5833667
Groupe Fondamental Plateau II,school,12.84385,-7.5833667
École Tama,school,13.234874,-7.6583666
École Tamato,school,13.155589,-7.047516
TIEMABOUGOU,school,13.3106,-8.2196833
TIENEGUEBOUGOU,school,13.2899645,-7.8336806
TIENFALA [2ème C] Gaoussou Dramane Fofana,school,12.732914,-7.7521805
TIENFALA [1er C] 'A' Gaoussou Dramane Fofana,school,12.7328703,-7.7521728
TIENFALA [1er C] 'B' Gaoussou Dramane Fofana,school,12.7328842,-7.7522186
École Tierikala,school,13.1388485,-7.1977861
TIETIGUILA,school,13.462,-7.90635
TIORIBOUGOU [1er C] B,school,13.3820529,-7.9921135
École Tioribougou [2ème C],school,13.3845534,-7.994806
TOUBA [1er C],school,13.4665384,-7.3792
TOUBA [1er C] A,school,13.4665384,-7.3792
TOUBA [2ème C],school,13.4665384,-7.3792
Tougouni,school,13.2215833,-7.2052833
Tougouni [2ème C],school,13.2206693,-7.2043828
Tougouni Medersa,school,13.2206652,-7.2036659
WEGNA,school,13.3159,-8.1008833
École Wognan,school,13.2347825,-7.3181743
École Wolokorodji,school,13.1443104,-7.4649458
Woula,school,13.124,-7.2797833
YEKETERE,school,13.4245,-8.1841833
BANA,school,12.69465,-5.79515
BARAMANA,school,12.7988333,-5.60455
BOUGOULA,school,12.6930333,-5.99725
DABOULO [1er C]ycle,school,12.7256333,-4.5016
DEBELA,school,12.7309333,-5.6681833
DEBELA [2ème C],school,12.7309333,-5.6681833
DEMPELA,school,12.6788667,-5.6656
DHE,school,12.6711,-4.76875
DINTIOLA,school,12.68775,-5.8156667
DOUBANIANA,school,12.6187333,-5.0277833
ECOM BAGADINA,school,12.6538833,-4.6626167
ECOM de NIASSO,school,12.6248607,-4.532544
EL BAKIROU TOGOBA,school,12.7420833,-6.0130333
EPR M'Pessoba,school,12.6655167,-5.71935
FONFONA [2ème C],school,12.67435,-5.6056
KINTIERI,school,12.7364164,-5.717785
KINTIERI [2ème C],school,12.7369711,-5.7177689
KOKOTANA,school,12.7054667,-5.1772667
MARENA,school,12.7243525,-4.5594273
MARENA [2ème C],school,12.7243448,-4.559218
MEDERSA BANA,school,12.69465,-5.79515
MEDERSA TOUL ZIWAZA PEGUENA,school,12.6742333,-5.91315
MEERSA BOUGOULA,school,12.6929836,-5.99725
MIENA [1er C],school,12.6308713,-5.9969875
MIENA [1er C],school,12.6307488,-5.9970341
MIENA [2ème C],school,12.6306406,-5.9971147
NGANIAN,school,12.6467858,-5.5085774
NGASSASSO,school,12.7116684,-5.3469048
NOUR ISLAM TIONSO,school,12.6285463,-5.6085221
NOUROUL HOUDA KINTIERY,school,12.7366833,-5.7178333
NOUROUL ISLAM MIENA,school,12.6307872,-5.9970345
NTJEKELA,school,12.6724833,-6.0548
PEGUENA [2ème C],school,12.6738774,-5.9129676
SABOUL ISALAM MIENA,school,12.6307122,-5.9970603
SIGUEMONA,school,12.6601667,-5.5831833
SONGUELA I,school,12.7347949,-5.6544584
TANA,school,12.6844,-4.5936167
TOGOBA,school,12.7420833,-6.0130333
WAKOUNGO ECOM,school,12.8903667,-4.5591333
YAFOLA,school,12.6537667,-5.8925833
ZANSONI [1er C],school,12.60895,-5.5703333
ZANTIERLA,school,12.7119333,-5.8945667
ZANZONI [1er C] 'B',school,12.60895,-5.5703333
FEROÏBE,school,13.4176601,-3.8075453
AL MADARASSATOU TIEMENA,school,12.9832553,-5.9453287
AL ZAHARIATOU KONTOLA,school,13.1055165,-5.9692265
AMITIE [2ème C],school,13.2887018,-4.9058151
AMITIE I,school,13.2887341,-4.905329
BABOU DIONI A [2ème C],school,13.3044362,-4.8930928
BABOU DIONI EXTENSION,school,13.3051752,-4.8933488
BABOU DIONI I,school,13.3044362,-4.8930928
BABOU DIONI II,school,13.3044362,-4.8930928
BABOU DIONI III,school,13.3051752,-4.8933488
BABOU DIONI IV,school,13.3051752,-4.8933488
BABOU DIONI V,school,13.303639,-4.8925745
Banakoro,school,13.1420799,-4.5673217
BANCOUMANA,school,12.836751,-5.7715103
BANKOUMA,school,13.0764461,-4.35264
École Ban-Markala,school,13.0974161,-5.5390872
BARI,school,12.9938562,-5.6789923
BATCHIRIKUY,school,13.1495342,-4.5035764
BAYASSO,school,13.1818645,-4.7038987
BEGUENE PC,school,12.8105583,-5.8558284
École Beh,school,13.145501,-5.4942564
BEKO,school,12.9049396,-4.3468399
BELENITIEGNI,school,13.3793941,-4.9171086
BENENA [2ème C],school,13.1168654,-4.3650925
BENENA École privée,school,13.1168798,-4.3650898
BLA [1er C] I PC,school,12.9442913,-5.7610307
BLA [1er C] II PC,school,12.9442913,-5.7610307
BLA [2ème C] II,school,12.9442913,-5.7610307
BLA III PC,school,12.9442913,-5.7610307
BLA MARKEINA [2ème C] II,school,12.9527057,-5.7513125
BLA MARKEINA I,school,12.953002,-5.75127
BLA-MARKEÏNA [1er C] II PC,school,12.952757,-5.751335
BLA-MARKEÏNA [2ème C],school,12.951753,-5.751021
BLA-MARKEÏNA III PC,school,12.952973,-5.751382
BOISSONI,school,13.314,-4.6492
BOKUY - MANKOÏNA,school,12.8059098,-4.4512775
BOKUY-MANDIAKUY,school,12.9704156,-4.4652974
École Bora,school,13.088201,-4.740031
BOUMBORO,school,12.996,-4.4267
BOUNKORO,school,13.3966165,-4.4868878
BOUNTENISSO,school,13.3275323,-4.7377162
COLLEGE MAMAMOUDOU CISSE,school,12.9442913,-5.7610307
DABERA,school,13.04,-4.407
DACOUMANA,school,12.842079,-5.852749
DAKOUMANI,school,12.9876627,-5.7077983
DALILU [1er C],school,13.2947437,-4.897259
DALILU [2ème C],school,13.2943257,-4.8970364
DAMPERAKUY,school,13.1504532,-4.5983753
DAR EL HADIS NAMPASSO,school,13.0951881,-5.502581
École Dasso,school,13.1372395,-5.3720261
DEBENSO BAMBARA,school,12.9980028,-5.1811378
École Dianso,school,13.1425007,-5.4229478
DIARAKOUGO,school,12.805,-4.644
DIARAMANA I PC,school,12.8413241,-5.4066599
DIARANI,school,13.303,-4.4874
DIARRAKUY,school,13.158,-4.3473
DIEDALA [2ème C],school,12.990376,-5.6177835
DIEDALA PC,school,12.990376,-5.6177835
DIELI [2ème C],school,13.0587232,-5.1144543
DIELI-FONSO,school,13.057841,-5.113781
DIENA [2ème C],school,13.0369157,-6.0219828
DIENA PC,school,13.0367275,-6.0223905
DIEOU,school,13.2857351,-5.042956
DINGOSSO,school,13.0569301,-5.5493839
DIONASSO M'PESSO,school,12.9622661,-4.9381896
DITTARA,school,12.9853475,-4.5436491
DJEGUENA [1er C],school,13.1898657,-5.1053645
DJEGUENA [2ème C],school,13.1898657,-5.1053645
École Djina,school,13.1404722,-5.9068041
DLA,school,12.9826257,-5.8472651
DOBWO [1er C],school,13.1466427,-4.407839
DOBWO [2ème C] Pr.,school,13.1466179,-4.4078417
DOFEKUY,school,13.1732444,-4.6701629
DOROLA,school,13.426549,-4.7391526
DOSSOROSSO,school,12.8301506,-5.5672944
DOUGOUOLO [2ème C],school,12.9228596,-5.5663245
DOUGOUOLO II PC,school,12.9228596,-5.5663245
DOUGOUOLO PC,school,12.9228596,-5.5663245
DU DISTRICT de BLA,school,12.916388,-5.758333
DUI-COURA,school,12.917,-4.73
DUY,school,12.951,-4.5558
École communautaire de KANA,school,12.951758,-6.337428
ECOM de KORO,school,12.9261203,-4.2999258
ECOM DISTRICT de BLA,school,12.916388,-5.758333
EL AN W. EL ISLAMIYA [2ème C],school,13.3050341,-4.9043646
EL FIKER,school,13.3083058,-4.8882663
EL MANAR ISLAMIQUE [1er C],school,13.2989366,-4.9106366
EL MANAR ISLAMIQUE [2ème C],school,13.2989366,-4.9106366
FALO [2ème C],school,12.9098472,-6.2387305
FANA,school,13.0474115,-5.7924401
FANI [2ème C],school,13.1784711,-5.367489
FANI PC,school,13.1785764,-5.3678945
FIENGASSO NAMPABOUGOU,school,13.1590428,-4.989027
École Fion,school,13.3683171,-4.328845
GALAKAN,school,12.8802469,-5.970876
GOUALAN,school,12.9501544,-5.9204521
GOUAN,school,13.1066968,-5.6700028
GOUNTIESSO,school,12.6865217,-5.4888929
GUENESSO,school,13.1541521,-5.2380418
HANEKUY/TOMINIAN,school,13.2403542,-4.4949333
HENEKUY B,school,13.0843266,-4.4652676
IMAM MALIK FALO,school,12.9110296,-6.239862
INSTITUT ISLAMIQUE,school,12.9189929,-4.8982288
J. PROSPER KAMATE (NIAMBOUGOU),school,12.908635,-5.27709
KACIENSO,school,12.8509615,-5.3759926
KADIALA [1er C],school,12.804318,-5.7089514
KADIALA [2ème C],school,12.804318,-5.7089514
KAFFA - WERE,school,12.8585303,-4.7572183
KAMA,school,13.4228189,-5.0451836
KAMONA [2ème C],school,12.8740146,-5.7090317
KAMPOLOSSO MEDERSA,school,12.951735,-5.4620429
École Kana-Marka,school,13.3681532,-4.1849087
KANGO,school,12.62,-6.351
KANKOROKUY,school,13.1986002,-4.3567951
KANSENE [2ème C],school,13.3385081,-4.5807544
KAYE,school,12.9021501,-4.6648377
KAZANGASSO,school,13.0451664,-5.5685346
KAZANGASSO [2ème C],school,13.0435855,-5.567793
KENE,school,12.8316923,-4.5128263
KENESSO,school,12.8372426,-4.6477035
KERA,school,13.0416126,-4.4267784
KIENE,school,12.9773837,-6.2606302
KIMPARANA [2ème C]/I,school,12.8342273,-4.9270999
KIMPARANA [2ème C]/II,school,12.8342198,-4.9270979
KIMPARANA A,school,12.8415796,-4.9262681
KINOKUY,school,12.7798072,-4.570765
KIO,school,13.1786311,-4.4463144
KIRA,school,12.89,-4.23
KIRIBARA,school,13.3724059,-4.4538304
KOKASSO,school,12.7508776,-5.5063426
KOLA,school,13.1416902,-5.7347814
KOLA [2ème C],school,13.1416902,-5.7347814
KOLOMOSSO,school,12.8176995,-5.5019259
KOLONI,school,13.0751481,-5.9895908
École Kombori-Kouna,school,13.4001862,-4.1307028
KOMBRE,school,12.748755,-5.823241
KOMBRE [2ème C],school,12.748755,-5.823241
KOMIAN,school,13.0784462,-4.3212706
KOMINALO,school,12.981,-4.4252
KONA,school,12.8979487,-4.4469578
KONDALA,school,13.381975,-4.5349068
KONGUENA,school,13.4795984,-4.5187258
KONILO,school,13.0694453,-4.6462069
École Konilo Koura,school,13.0498137,-4.7184037
KONKUY,school,13.1733084,-4.5977906
KONOSSO PUBLIC,school,12.6580793,-5.0724918
KONTOLA,school,13.107424,-5.9671658
KONZAMBOUGOU,school,12.8469551,-5.9919552
KORO,school,13.3692818,-4.7341364
KORO [2ème C],school,13.37,-4.735
KORO EXTENSION,school,13.37,-4.735
École Kotiala,school,13.0276033,-5.5248159
KOULA [1er C],school,13.2461711,-4.2750952
KOULA [2ème C],school,13.2464474,-4.2740814
KOULASSO,school,13.124044,-5.7233075
KOUMAZANA,school,13.0669094,-5.7132211
KOUNA - MARKA,school,13.43964,-4.0362346
KOUROUBADOUGOU [2ème C],school,12.8018564,-5.0297643
KOUROUZA,school,12.992619,-4.6939549
KOYA,school,13.0421028,-4.3035209
École Lanfiala [2ème C],school,13.499469,-4.1467831
LEBEKUY,school,12.8261522,-4.2487716
LENEKUY [2ème C],school,13.0367183,-4.5480946
LOHAN,school,12.7743267,-4.5041663
LOROKUY,school,13.1468196,-4.6205028
MADARSATOU-ISLAMIA-DAKOUMANA,school,12.841258,-5.853577
MADOULO,school,12.754,-4.4419
MAFOUNE [1er C],school,12.7871882,-4.3628393
MANDIAKUY École privée [1er C],school,13.017039,-4.4647482
MANDIAKUY École privée [2ème C],school,13.0170652,-4.4647455
MANDIAKUY PUBLIC [1er C],school,13.0170201,-4.4647475
MANDIAKUY [2ème C] PUBLIC,school,13.0169953,-4.4647496
MANINA,school,13.1010082,-4.4438581
MANKOÏNA [1er C],school,12.8676562,-4.431268
MANKOÏNA [2ème C]YCLE,school,12.8676758,-4.431268
MARELA,school,12.9005667,-5.9992257
MAYORO,school,12.9281413,-4.6139044
M'BIENA,school,13.040833,-5.704166
MEDERSA BORA,school,13.4452449,-4.5610544
MEDERSA de GOUALAN,school,12.952459,-5.916613
MEDERSA de KANA,school,12.9108723,-6.2409157
MEDERSA de NIAMA,school,12.673316,-6.160155
MEDERSA de N'TOBA,school,13.170681,-5.300507
MEDERSA de SOKE,school,12.961275,-5.559301
MEDERSA de WASSASSO,school,13.0871153,-5.5465263
MEDERSA DIEBOUGOU,school,12.759586,-5.907859
MEDERSA KOLA,school,13.145277,-5.736666
MEDERSA KOUROUBADOUGOU DAAWA,school,12.8002202,-5.0342865
MEDERSA NAHAD KEMENI,school,12.966425,-5.546918
MEDERSA N'GONTIA,school,12.923882,-5.96028
MEDERSA RICHAD de SOMASSO,school,12.855984,-5.605388
MEDERSA SAMAKELE SOBALA,school,13.1207281,-5.0238312
MEDERSA TADIBOUL ISLAMIA de N'TOBA,school,13.170681,-5.300507
MEDERSA TALLO BOZO,school,13.27503,-5.332017
MEDERSA TASSONA,school,12.965191,-6.087935
MEDINE [1er C] I,school,13.296342,-4.8897716
MEDINE [1er C] II,school,13.296342,-4.8897716
MEDINE [2ème C],school,13.2964479,-4.88951
MEDINE École privée,school,13.2964479,-4.88951
MIN HADJ SALAM BANCOUMANA,school,12.83711,-5.7716
MINSO,school,13.2673673,-4.5349901
MISSALA,school,12.8200488,-6.1211829
MONSEIGNEUR JO PERROT TOUBA,school,12.857591,-4.538148
MOUGNANA,school,12.927909,-6.2917095
MOUGNINI,school,12.9776165,-4.3571196
Nabasso,school,13.421323,-5.2012494
NAGOUSSO,school,12.8192168,-4.7091436
NAHADIOUL HOUDA [1er C],school,13.058704,-5.109983
DOUGOUTIGUI TANGARA [2ème C],school,13.440386,-6.260126
OUOLON [2ème C],school,13.5,-4.86
OUOLON,school,13.5,-4.86
SIMASSO,school,13.1718979,-4.7946144
Yangasso [1er C] II [2ème C],school,13.0699876,-5.3229993
École Sounde,school,13.4817749,-4.2691471
PAMADOUGOU,school,13.3841173,-4.2257531
SIAMA,school,13.142461,-5.223912
TIEKELENSO,school,13.3019867,-4.9734375
SIALO M,school,12.98,-4.391
POURE,school,13.2,-4.987
NIAMANA PC,school,12.81,-6.041
SIANKORO,school,12.66,-6.354
FARAKO [1er C],school,13.409569,-6.385307
FARAKO [2ème C],school,13.409723,-6.385556
DIOLEN,school,12.9391304,-6.5624097
KOURALE [1er C],school,12.7468633,-6.4658566
DJELA,school,12.8022109,-6.4549977
KONOBOUGOU [2ème C] A,school,12.92,-6.757
École communautaire de NOUKOULA,school,12.9609007,-6.7919648
Ecole d'ATT Bougou,school,13.4169601,-6.2867686
École Diongoni,school,13.4752311,-5.5962548
École Kokoundje,school,13.3457005,-5.5935777
NIANGOUENA,school,13.409,-4.5134
B.BOUARE [1er C]/B,school,13.442601,-6.26653
NAHADIOUL HOUDA [2ème C],school,13.058704,-5.109983
NAMPASSO [2ème C],school,13.0977679,-5.4987797
NAMPASSO PC,school,13.0974616,-5.4990358
NAMPELABOUGOU,school,12.9466612,-5.9591865
N'DONGOSSO,school,13.4,-5.078
NEGUENA PC,school,13.07,-5.814
N'GOLOGOSSO,school,12.8456766,-4.8583325
N'GOLOKOUNA [1er C],school,12.85,-5.792
N'GOLOKOUNA [2ème C],school,12.85,-5.792
N'GONTIA,school,12.92,-5.96
NIALA [1er C],school,12.94,-5.857
NIALA [2ème C],school,12.94,-5.857
NIAMA,school,12.67,-6.16
NIAMANA [2ème C],school,12.81,-6.041
NINA,school,13.42,-4.65
NIONINA,school,12.98,-5.997
NIOSSIRA,school,13.16,-5.704
NOUMOUTIE KONATE (TENENI),school,13.339689,-4.8014631
NOUR DINN TENENI,school,13.3362329,-4.8015895
NOUROU ISLAMIA,school,13.4028921,-4.5833121
NOUROUL EL HOUDA [1er C],school,13.2863133,-4.8966427
NOUROUL EL HOUDA [2ème C],school,13.2863133,-4.8966427
N'TESSO [2ème C],school,12.95,-5.389
N'TOBA,school,13.17,-5.301
N'TOGOSSO BAMBARA,school,12.91,-5.151
N'TOLA,school,12.93,-6.262
PANANI,school,12.82,-4.27
École Parassindo,school,13.4141327,-4.2872834
PARIDARA,school,13.3724239,-4.8816202
PAROU,school,13.334027,-4.4252506
PBDR [1er C],school,13.2951764,-4.8973138
PBDR [2ème C],school,13.2951764,-4.8973138
PEGUENA,school,12.93458,-5.6414721
PERAKUY,school,12.92,-4.492
PETESSO,school,12.91,-5.603
PINGALA,school,12.7703558,-5.87397
PORONE,school,13.314972,-4.6299319
PRALO-SOKOURA,school,12.7745518,-4.6617094
SABIL ANADJA [1er C],school,13.30189,-4.8960908
SABIL ANADJA [2ème C],school,13.30189,-4.8960908
SABIL EL FALAH [1er C],school,13.3791275,-4.9183739
SABIL EL FALAH [2ème C],school,13.30189,-4.8960908
SABIL EL HOUDA,school,13.3121176,-4.8887528
SABIL IRCHAD DIARAMANA,school,12.848433,-5.409956
SABIL ISLAMIA de DIANSO,school,13.142436,-5.419782
SADINIAN [1er C],school,13.2509759,-4.511902
SADINIAN [2ème C],school,13.251,-4.5119
SAFIENSO,school,13.2393315,-4.4724478
SALLA,school,12.75,-6.331
SAMABOGO [1er C],school,12.8492825,-5.5001259
SAMABOGO [2ème C],school,12.8492825,-5.5001259
SAMAKELE BOGORO,school,13.1465355,-5.0200907
SAMAKELE SOBALA,school,13.1168388,-5.0224361
SAN ALMAMY [1er C],school,13.3106664,-4.8939975
SAN ALMAMY [2ème C],school,13.3106664,-4.8939975
SANGOUE,school,13.0903111,-5.9115577
SANGOULA,school,13.0693311,-5.5853443
SANSO,school,12.6563438,-5.4202468
SANTORO EXTENSION [1er C],school,13.2982265,-4.9008483
SANTORO EXTENSION [2ème C],school,13.2982265,-4.900849
SANTORO I,school,13.2982268,-4.9008493
SANTORO III,school,13.2982249,-4.9008493
SANTORO École privée [1er C],school,13.2982252,-4.9008483
SANTORO École privée [2ème C],school,13.2982265,-4.900849
SEOULASSO,school,13.2408222,-4.7033316
SIALO T,school,13.2,-4.484
SIBOUGOU,school,13.2761664,-4.9437913
SIENKOUN,school,13.4758642,-4.4144094
SIEN-MARKA,school,13.3931701,-4.4544093
SINENI,school,12.93,-6.168
SINZARA,school,13.1379111,-4.8679494
SIRA,school,12.76,-4.479
SIRABA,school,12.9745209,-4.7995644
SIRADIE,school,13.459602,-4.1873573
SOBOUA P. DIARRA I,school,13.288,-4.5933
SOBOUA P. DIARRA II,school,13.284,-4.5942
SOFOLOSSO,school,13.1151882,-5.3073303
SOKOLOKAN,school,13.4292998,-4.38227
SOKOURA B,school,13.1199005,-4.5441703
SOKOURA F,school,13.307276,-4.403939
SOLA,school,12.9537641,-6.2137832
SOMADOUGOU,school,13.4704002,-4.0700331
SOMASSO [2ème C],school,12.8624894,-5.6003121
SOMASSO BELICO,school,12.8627614,-5.6002638
SOMASSO BOGORO,school,12.8637132,-5.600178
SOMASSO MISSION,school,12.8628503,-5.6002423
SOMASSO PC,school,12.8626254,-5.6002799
École Sonina,school,13.3078762,-4.5204926
SOROFING,school,12.89,-5.692
SOUALO,school,12.9132701,-4.5503456
SOUARA [1er C],school,13.2033312,-4.602835
SOUBOULA SALAM KAMPOLOSSO,school,12.9489092,-5.4580272
SOUBOULA SALAM N'GOLOKOUNA,school,12.851247,-5.791053
SOUKOURENI,school,12.9753463,-4.2847611
SOUMBALA,school,13.1498018,-5.1398939
TAAOUNI [1er C],school,13.2955766,-4.8898412
TAAOUNI [2ème C],school,13.2955766,-4.8898412
TALA,school,13.0,-5.731
TALLO,school,13.2325713,-5.3274228
École Tana,school,13.3708548,-4.3723512
École de Nagala Wossa,school,12.0516333,-7.2783833
École de N'Tinkoni,school,12.0260118,-7.3362498
École Philippe Souquière de Fogoba,school,12.0419707,-7.440972
N'GOUNTJINA [2ème C],school,12.2979045,-5.48105
NGUEGUESSO I,school,12.2154667,-5.1196
NGUEGUESSO II,school,12.2154054,-5.092088
N'GUOLA,school,12.5810421,-6.1453934
NIAMANASSO,school,12.3392167,-5.6637167
NIAMPELA,school,12.4673833,-6.1139
NIANABOUGOU,school,12.45565,-5.732
NIESSOUMANA,school,12.5827833,-5.61115
NIESSOUMANA [1er C],school,12.28585,-4.60625
NIGUILA,school,12.4924667,-5.6536167
NINTABOUGORO,school,12.3252333,-5.3023833
NOUR ISLAMIQUE de KOSSOUROUNA,school,12.3570833,-6.0157833
École d'Ouasso,school,12.1408933,-4.7113463
OUDIOLA,school,12.4097167,-4.9729333
OUESSEREBOUGOU,school,12.3883167,-5.9670833
OULA [1er C],school,12.59285,-5.34165
OULA [2ème C],school,12.59285,-5.34165
OUOLOBOUGOU,school,12.4532413,-5.4902
OURIKELA [1er C] A,school,12.1111479,-5.0620259
OURIKELA [1er C] B,school,12.1113682,-5.0620554
OURIKELA [2ème C] A,school,12.1113125,-5.0620493
OURIKELA [2ème C] B,school,12.1112882,-5.062052
OUSMANE SIDIBE NTONASSO [1er C],school,12.3740167,-5.4676
OUSMANE SIDIBE NTONASSO [2ème C],school,12.3740167,-5.4676
PALASSO,school,12.1097833,-5.01895
SANGUELA [1er C],school,12.0014256,-5.282056
SAN-HOUAN,school,12.5673,-4.5907
SIELA [1er C],school,12.49715,-4.7327167
SIEMESSO,school,12.28263,-5.70332
SIGNE,school,12.4950269,-5.5389835
SIMONA,school,12.2877333,-4.8957
Sincina,school,12.3519303,-5.4417367
Sincina Kinisso,school,12.3572833,-5.4336667
SINKOLO,school,12.0892167,-5.54585
École de Sinkolo,school,12.2051405,-5.0440904
SINTELA,school,12.5994167,-6.02345
SIRAKELE [1er C],school,12.5156491,-5.4766739
SIRAKELE [2ème C],school,12.5152904,-5.4762474
SISSOUMANA,school,12.0425667,-5.4527167
SOGO,school,12.05785,-5.3587667
SOGOMOUGOU [2ème C],school,12.3878444,-5.46804
SOUSSOULA,school,12.17025,-5.3819333
TANDIO [1er C]ycle A,school,12.1617884,-4.9617292
TORO I,school,12.3883764,-4.9237838
TORO I [2ème C],school,12.3884288,-4.9238106
École de Torosso,school,12.3173593,-4.9445306
TOUPOURLA,school,12.3201833,-5.9288667
TRY,school,12.2709667,-5.38845
École de Ouafrouma,school,12.2432239,-4.5684717
École de Ouafrouma (B),school,12.2430522,-4.5683872
WATARLA,school,12.0142833,-5.3746333
WELEGUENA I,school,12.3740785,-5.5015651
WELEGUENA II,school,12.3893,-5.5466
YACRISSOUN,school,12.29195,-4.64995
YAFOLA,school,12.4049833,-5.1190167
YOGORASSO,school,12.5839667,-5.83965
YOROSSO [1er C] C,school,12.3547281,-4.7791744
YOROSSO [2ème C] A,school,12.3549891,-4.7791348
ZAMBLALA,school,12.5953833,-5.5433333
ZAMBLALA [2ème C],school,12.5953833,-5.5433333
École de Zandiéguéla,school,12.2821127,-4.6888445
DOGONI [2ème C]YCLE,school,12.1443969,-6.0062021
DOGONI [1er C],school,12.1442749,-6.0062249
École communautaire SOKOURANI,school,12.01055,-5.7458333
PREMIER CYCLE DE KABARASSO,school,12.0147756,-5.9371684
KATIERLA ECOM,school,12.0066833,-5.8006333
KOBALA,school,12.0051,-6.0527167
KOUMANKOU [1er C]ycle,school,12.0992892,-6.1381931
KOUMANKOU [2ème C]YCLE,school,12.0994728,-6.1384774
KOUMANKOU MEDERSA,school,12.0973537,-6.1404676
KOUORO [2ème C],school,12.0112333,-5.7020833
KOUORO BARRAGE,school,12.0112333,-5.7020833
KOUORO-VILLAGE,school,12.0112333,-5.7020833
KOUTIENEBOUGOU,school,12.01613,-5.90786
M' BEGRESSO,school,12.0195292,-6.0080717
MEDERSA BOUKARILA,school,12.0001881,-6.1174221
MEDERSA KOBALA,school,12.0051,-6.0527167
MEGUELA,school,12.0281,-5.8639333
MPELA,school,12.12795,-5.9684333
NAGNAN,school,12.1855167,-5.90335
NANEREBOUGOU,school,12.0490667,-6.0283333
NENEBOUGOU,school,12.10601,-5.91654
N'GOLOGNEBOUGOU,school,12.1001,-6.0391333
NIATAMA,school,12.15525,-5.9269667
Lycée Amadou Hamadoun Diallo,school,12.558,-8.0836
Ecole fondamentale Maïmouna Tangara,school,12.5875,-8.06533
Merdersa,school,12.5851264,-7.9594029
TOROSSO,school,12.379072,-5.8172393
Lycée Hela Diallo,school,12.4017386,-5.4510131
Ecole de Santé,school,12.4017281,-5.4508053
Ecole Fondamentale Privée Christine Roimier(Ecole du Cinquantenaire),school,12.3755921,-5.4774389
Franco -Arabe Manma Doucoure,school,12.599084,-7.9852447
Coranique,school,12.5998496,-7.9783487
Ecole privé,school,12.5916256,-7.9779645
Ecole privée la source,school,12.5947636,-7.9784828
Ecole peimaire le petit prince,school,12.5930091,-7.9742222
Ecole Communautaire,school,12.5898659,-7.9739137
Ecole,school,12.5983602,-7.9726598
École de Néresso,school,12.2965151,-4.7344387
NGOLOBOUGOU,school,12.3895,-5.9188833
NGOLONIANASSO [1er C],school,12.4269833,-5.6829279
NGOLONIANASSO [1er C],school,12.4270986,-5.6829118
NGOLONIANASSO [2ème C],school,12.4271641,-5.6829038
NGOROSSO,school,12.4190333,-5.5773333
NGOUNTJINA [1er C],school,12.297839,-5.4810339
École Wena,school,13.040669,-4.7527016
TARA,school,13.155303,-4.7188225
TARA-KOURA,school,13.0234932,-4.7853478
TARBIATOU BB [1er C],school,13.2988623,-4.9057008
TARBIATOU BB [2ème C],school,13.2988623,-4.9057008
TARBIATOU ISLAMIYA,school,13.4127976,-4.5796338
TASSONA,school,12.97,-6.095
TEBELA,school,13.03,-5.647
TEGUENA,school,13.2294006,-4.4426883
TENE [1er C],school,13.4100587,-4.5839946
TENE [1er C] EXTENSION,school,13.4099661,-4.5840013
TENE [2ème C],school,13.4100157,-4.584
TENENI EXTENSION,school,13.3316198,-4.8019111
TENENI-DONI,school,13.3908457,-4.6648641
TERIYABOUGOU,school,13.2097494,-5.5275569
TERIYABOUGOU [2ème C],school,13.2111246,-5.5267459
TESSO,school,13.4473015,-4.4390288
TETOU,school,12.9589747,-4.3286203
THIA,school,12.9378042,-5.8274292
TIEDIANA KANOUALA,school,12.7905578,-4.8764188
TIEDIANA ZANIEKAN,school,12.8012188,-4.8690189
TIEMENA [1er C],school,12.98,-5.945
TIEMENA [2ème C],school,12.98,-5.945
TIENABOUGOU,school,12.6815832,-6.3148713
École Tieparandougou-Koula,school,13.3180926,-4.2408367
TIGAMA,school,13.0543374,-5.900751
TIGUINA,school,12.92,-6.047
TION,school,13.2777847,-4.6731436
TIONKUY,school,12.9489736,-4.4284583
TIOU-TIOU ECOM,school,12.9410274,-4.3711248
TIOU-TIOU École privée II°C,school,12.940983,-4.3712898
TOMINIAN [1er C],school,13.2851357,-4.5920054
TOUNA [2ème C] II,school,13.1114348,-5.8352336
TOUNA [2ème C],school,13.1114099,-5.8343565
TOUNA PC,school,13.1108211,-5.8343054
TOUNE I,school,13.4027426,-4.7600319
TOUNE II,school,13.3972922,-4.7631004
VANEKUY,school,12.9592546,-4.5104165
WAKORO-BLA,school,12.98,-5.694
WAKY - SOKOURANI,school,12.8496936,-4.8182099
WANIAN [2ème C],school,12.9504742,-4.238002
WARA MAFOUNE,school,12.7251325,-4.3135403
WARA/MAFOUNE,school,12.7251325,-4.3135403
WARA/YASSO,school,12.7251325,-4.3135403
WARAMATA,school,13.2934379,-4.344786
WARANZAN WERE,school,12.9540174,-4.8184089
WARILO,school,12.7438638,-4.517526
ZOGOUE,school,12.8782071,-4.3254203
ZOMBOUGOU,school,12.87,-5.892
A.H. BA [1er C],school,13.429635,-6.269512
A.H. BOLY,school,13.43535,-6.25784
ABBE DAVID TRAORE A,school,13.441118,-6.270896
ABBE DAVID TRAORE B,school,13.441684,-6.27077
ADAMA DAGNON [2ème C],school,13.4438622,-6.2173641
École Adamabougou,school,13.3286905,-5.1865733
AÎ DRAME D. SINIMBOUGOU,school,12.9192781,-6.3677779
AL HIDAYA WARACHAD,school,13.44945,-6.254136
AL ISLAHI WAL NAJAHI [1er C],school,13.4118593,-6.2371408
AL ISLAHI WAL NAJAHI [2ème C],school,13.4118925,-6.2376514
AL ITTIHADIA SOMO,school,13.3261666,-6.6865918
AL KAFALATOU AL ISLAMIYA [1er C],school,13.447017,-6.249174
AL KAFALATOU AL ISLAMIYA [2ème C],school,13.447017,-6.249174
ANGOULEME [1er C],school,13.428345,-6.274048
B. BOUARE [2ème C]/C,school,13.443256,-6.266827
BANANKORO [2ème C],school,12.9107482,-5.6701224
BARAOUELI B,school,13.0809205,-6.8315962
Lycee de Barouéli [2ème C],school,13.0593195,-6.8242494
BARAOUELI A1,school,13.075267,-6.8352473
BAROUELI [2ème C] B,school,13.0810949,-6.8306831
BAROUELI A2,school,13.0756924,-6.8356745
BAROUELI C,school,13.0691958,-6.8271508
BASSIDIALANDOUGOU,school,13.2913228,-6.8908574
École Bayo,school,13.4007645,-6.4121587
BENI,school,13.2428637,-6.1696997
École Berthela,school,13.4583895,-5.9565531
COLLEGE communautaire DES FILLES,school,13.446394,-6.266918
COLLEGE communautaire DES FILLES LOBBO TRAORE,school,13.446394,-6.266918
DAROUL COURAN WAL HADISS [1er C],school,13.430786,-6.256267
DAROUL ISLAM,school,13.448567,-6.26114
DARSALAM [1er C] B,school,13.4364576,-6.2586922
DARSALAM [2ème C],school,13.4392071,-6.2564329
DARSALAM/A,school,13.4385378,-6.2599052
DEMBANYUMAN,school,13.437768,-6.2779982
DEMBAW JIGI,school,13.4275824,-6.2618997
DEMBAYUMAN,school,13.4379193,-6.2780545
DIADO,school,13.315598,-6.4715359
DIADO,school,13.316057,-6.4726547
École Diakon,school,13.4814704,-6.4450896
DIOFORONGO,school,13.1122204,-6.4973513
DIONI,school,13.1951077,-6.432284
École de Tonzougou,school,13.3110969,-6.769519
École fondamentale de GOUENDO [1er C],school,12.7975649,-6.3217468
École privée ICHIAKA DOUCOURE,school,13.428492,-6.290779
École privée CHEICK M. DIARRA [1er C],school,13.429824,-6.273524
École privée CHEICK M. DIARRA [2ème C],school,13.4297891,-6.2736237
École privée HADJA ASSETOU DIARRA,school,13.435054,-6.2376774
ECOM DOUGABOUGOU,school,13.386474,-6.195106
ECOM TOMI,school,13.0083758,-6.4226998
EL ANOUAR EL ISLAMIA [1er C],school,13.432209,-6.253095
EL ANOUAR EL ISLAMIA [2ème C],school,13.432067,-6.253247
EL HADJ OUMAR TALL,school,13.430935,-6.2173757
EPBIK NAOMIE II,school,13.441684,-6.27077
GARNA,school,13.3309367,-6.7927797
GOURELI WERE,school,13.2441142,-6.5263235
GROUPE I/A,school,13.446904,-6.264042
GROUPE I/B,school,13.447033,-6.26378
GUANGUE,school,13.390859,-6.81452
GUIMBALA,school,12.7770674,-6.7637587
HAMDALLAYE,school,13.439721,-6.2557521
HAMDALLAYE II/A,school,13.4394722,-6.2509583
HAMDALLAYE II/B,school,13.4394975,-6.2523186
HAMDALLAYE II/C,school,13.4396684,-6.2535487
École de Kondia,school,13.3071497,-5.9480903
KONDOGOLA,school,13.2453262,-5.9850518
KONOBOUGOU [2ème C]ycle,school,12.92,-6.757
KONODIMINI [2ème C],school,13.3200052,-6.4230027
KONODIMINI/A,school,13.3200052,-6.4230027
KONODIMINI/B,school,13.3200052,-6.4230027
KOUKOUN,school,13.47,-6.209
KOUMANTIEBOUGOU,school,13.38,-5.517
KOUNANDI,school,13.4309,-6.255797
KOUNANDI,school,13.4309,-6.255797
KOURALE [2ème C],school,12.7467051,-6.4664649
École Mamouroula,school,13.4110979,-6.5479453
ZANGONIBOUGOU,school,13.4066377,-5.8466874
NASSEGUELA,school,13.057102,-6.2500261
MAMY NIMAGA de FONI,school,13.351323,-6.8893612
MAYE COULIBALY (DINGOLA),school,13.2820422,-5.7057811
SABILOU RACHAAD B,school,13.3212333,-5.640301
MANTANA,school,13.0964528,-6.1410619
MASSALA [1er C],school,13.28,-6.502
MASSALA [2ème C],school,13.28,-6.502
MEDERSA BASSIDIALANDOUGOU,school,13.2967285,-6.8931378
MEDERSA C. ANçaR-DINE [1er C],school,13.43279,-6.254403
MEDERSA C. ANçaR-DINE [2ème C],school,13.432855,-6.254249
MEDERSA COM. SEMEBOUGOU DIAWANDO,school,13.428257,-6.183864
MEDERSA communautaire (LPI) GOUENDO,school,12.7954191,-6.3229752
Medersa DIOFORONGO,school,13.10736,-6.4961977
MISSIRA [2ème C],school,13.4231563,-6.2663007
MOABOUGOU publique,school,12.9,-6.657
École Mogola,school,13.4765587,-6.7401118
MOHAMADIYATOUL ISLAMIYATI [1er C],school,13.445249,-6.245607
MOHAMADIYATOUL ISLAMIYATI [2ème C],school,13.445422,-6.245528
MORIBOUGOU II,school,13.1102765,-6.3432571
MORIBOUGOU III,school,12.9044536,-6.3592703
MOULAYE DEMBELE KIDA,school,13.420759,-6.310163
M'PEBA,school,13.483926,-6.190611
M'PEBOUGOU,school,12.8946579,-6.5007293
M'PELLA,school,12.9343193,-6.5147148
M'PERIDIOLA,school,12.8133068,-6.4697709
NAHAROUN NAJAHI [1er C],school,13.429574,-6.219378
NAHAROUN NAJAHI [2ème C],school,13.429622,-6.219422
NAJAH WAL-FALAH [1er C],school,13.429271,-6.262068
SEGOU C.C./A1,school,13.447012,-6.263249
SEGOU C.C./A2,school,13.447216,-6.263331
SEGOU C.C./B,school,13.4464267,-6.2635887
SEGOU CC [2ème C],school,13.446385,-6.2637167
SEGUELA [2ème C],school,13.2548278,-6.994874
SIDABOUGOU,school,13.2989559,-6.4548028
SIDI MAHAMANE TOURE [1er C],school,13.431634,-6.234651
SIDI MAHAMANE TOURE [2ème C],school,13.431634,-6.234651
SIDO SONINKOURA B,school,13.4253667,-6.2461812
SIDO-SONINKOURA [1er C]ycle A,school,13.4253667,-6.2461812
SIDO-SONINKOURA [2ème C],school,13.4253667,-6.2461812
SINIMBOUGOU,school,12.92,-6.368
SIRAKOROBOUGOU,school,13.0753854,-6.4186374
École Siratiguibougou,school,13.4497717,-6.5793278
SOIGNEBOUGOU,school,13.217146,-6.3531263
SOLIKO SACKO,school,12.9078225,-6.9607211
SOMONODOUGOUNI,school,13.3396975,-6.4374993
École Son,school,13.4126889,-6.6971628
SONINKOURA,school,13.446862,-6.246674
SONINKOURA [1er C]/B,school,13.447032,-6.245789
SONINKOURA [1er C]/C,school,13.447451,-6.246352
SONINKOURA [1er C]/D,school,13.447436,-6.245903
SONINKOURA [2ème C] / A,school,13.446711,-6.246602
SONINKOURA [2ème C]ycle B,school,13.446719,-6.245967
SOUBA,school,13.4145189,-6.5915412
SOUBA [1er C],school,13.4146157,-6.5911051
SOUMEiYA EL ISLAMIYA ([2ème C]),school,13.4273262,-6.2589867
SOUMEÎYA EL ISLAMYA [1er C],school,13.4271442,-6.2588979
T.H. KONTAO /A,school,13.437157,-6.288489
T.H. KONTAO /B,school,13.436632,-6.288692
T.H. KONTAO /C,school,13.436873,-6.288255
T.H. KONTAO [2ème C],school,13.437246,-6.288975
T.KOULIBALY [1er C]/A,school,13.438068,-6.250546
T.KOULIBALY [1er C]/B,school,13.437514,-6.250541
T.KOULIBALY [1er C]/C,school,13.437545,-6.250182
T.KOULIBALY [2ème C]/A,school,13.4378,-6.250299
TAFALAN,school,13.16,-6.799
TAMANI [1er C],school,13.3389429,-6.8309626
TAMANI [2ème C],school,13.3389375,-6.8306815
TARBIATOUL HOUDA [1er C],school,13.4329969,-6.214984
TARBIATOUL HOUDA [2ème C],school,13.4330295,-6.2151919
TIEBLENA,school,13.2417369,-6.265553
TIECOURA COULIBALI SANANDO [2ème C],school,12.9677296,-6.4034576
TIECOURA KOULIBALY [2ème C]/C,school,13.436873,-6.288255
TIEKOURA KOULIBALY [2ème C]ycle B,school,13.437894,-6.250908
TIOÏNA SOFA,school,13.005691,-6.3181219
TISSALA,school,12.9480501,-6.3741851
TORIQOU NAJATI [1er C],school,13.424136,-6.225418
TORIQOU NAJATI [2ème C],school,13.424136,-6.225418
UMAV,school,13.4346875,-6.257981
UNE CHANCE POUR TOUS,school,13.4229995,-6.2252369
UNE CHANCE POUR TOUS,school,13.4231094,-6.2250992
WOLOKORO,school,12.9665137,-6.4905087
WOLOKORO,school,13.3495362,-6.5426602
WONDOBOUGOU,school,12.833544,-6.6534556
WULADJAMBOUGOU,school,13.468799,-6.032978
École Yanti Dembele (Sogobia),school,13.4961847,-6.3487747
ZANFINA,school,12.8878336,-6.9118347
ZINGUELA,school,13.1945486,-6.3043136
ZOGOFINA,school,13.38,-6.279
École 1 er cycle Koulala,school,13.0173227,-6.9262145
École Warsala,school,12.7587053,-7.0248261
École Sabougou,school,13.4043714,-7.8066956
École Fondamentale Banankoroni,school,13.346678,-6.3867215
École Tioribougou [1er C] A,school,13.3841077,-7.994955
École fondamentale Ouolodo [1er C] A,school,13.2058073,-7.9302423
École Kagnan,school,13.2254517,-4.4983017
Ecole communautaire Dio Gare [1er C],school,12.8078999,-8.2431878
École Soungola,school,13.2886371,-6.8472856
École primaire de Siè,school,13.1548022,-6.990124
École primaire de Mallé,school,13.2833464,-6.9327782
École Fondamentale Sanekuy [1er C],school,13.0676585,-4.6136302
DEBERE,school,13.03091,-4.6843064
LES ELUS de LA RENAISSANCE,school,12.6019833,-8.0222167
KOROFINA SUD [2ème C],school,12.6528519,-7.9572751
DJIGUIYA,school,12.60172,-8.00623
DJIGUIYA,school,12.60172,-8.00623
DJIGUIYA,school,12.60172,-8.00623
JIGIYA [2ème C],school,12.6017667,-8.0061833
LA PAIX [2ème C],school,12.6147113,-7.9926984
A.E.CO.DA [2ème C],school,12.6102282,-7.9804329
AKC DIT CABRAL [1er C],school,12.6203667,-7.99025
EFET [2ème C],school,12.6041,-8.0029333
JIGIYA [1er C],school,12.6017667,-8.0061833
LE MAIRE MAMADOU SIDIBE [1er C],school,12.6104039,-7.9975167
LA PAIX [1er C],school,12.6148852,-7.9928126
École privée FODE KANTE,school,12.60263,-8.01314
A.E.CO.DA [1er C],school,12.6102736,-7.9804307
ABO-ONO [2ème C],school,12.6007295,-7.9893585
AKC DIT CABRAL [2ème C],school,12.6202,-7.99065
École privée FODE KANTE,school,12.60263,-8.01314
EFET [1er C],school,12.6041,-8.0029333
EL MOHAMEDIYA [1er C],school,12.6124167,-8.0018833
EL MOHAMEDIYA [2ème C],school,12.6124167,-8.0018833
ESPOIR [1er C],school,12.6000707,-7.9961504
ESPOIR [2ème C],school,12.6000531,-7.99615
INSTITUT SACRE COEUR [1er C],school,12.6008333,-8.0262833
INSTITUT SACRE COEUR [2ème C],school,12.6008333,-8.0262833
KESSE,school,12.60204,-7.99745
LE MAIRE MAMADOU SIDIBE [2ème C],school,12.610379,-7.9975158
LE NIGER [1er C],school,12.6151333,-8.0027333
LE NIGER [2ème C],school,12.6151333,-8.0027333
LES CASTORS [1er C],school,12.6106278,-7.9965163
LES CASTORS [2ème C],school,12.6106047,-7.9965167
LES ELUS de LA RENAISSANCE,school,12.6019833,-8.0222167
LES MARTYRS [1er C],school,12.6199923,-7.9961984
ASKIA MOHAMED,school,12.6779,-7.9152667
ASKIA MOHAMED,school,12.6779,-7.9152667
BAHABEN SANTARA A,school,12.66785,-7.9548833
BAHABEN SANTARA B,school,12.66785,-7.9548833
BAHABEN SANTARA C,school,12.66785,-7.9548833
BAHABEN SANTARA D,school,12.66785,-7.9548833
BANAMBAISE [1er C],school,12.6871167,-7.9364167
BANAMBAISE [2ème C],school,12.6871167,-7.9364167
BOULKASSOUMBOUGOU [2ème C] I,school,12.67738,-7.92713
BOULKASSOUMBOUGOU [2ème C] II,school,12.67738,-7.92713
BOULKASSOUMBOUGOU [2ème C] III,school,12.67738,-7.92713
BOULKASSOUMBOUGOU [2ème C] IV,school,12.67738,-7.92713
BOULKASSOUMBOUGOU A,school,12.67738,-7.92713
BOULKASSOUMBOUGOU B,school,12.67738,-7.92713
BOULKASSOUMBOUGOU C,school,12.67738,-7.92713
BOULKASSOUMBOUGOU D,school,12.67738,-7.92713
BOULKASSOUMBOUGOU E,school,12.67738,-7.92713
BOULKASSOUMBOUGOU F,school,12.67738,-7.92713
BOULKASSOUMBOUGOU V,school,12.67738,-7.92713
COLLEGE AHMED BABA,school,12.67724,-7.95375
COLLEGE HORIZON,school,12.6631761,-7.9527802
COLLEGE HORIZON,school,12.663475,-7.952804
COLLEGE École privée KOULOUFA I [1er C],school,12.674395,-7.92812
COLLEGE École privée KOULOUFA I [2ème C],school,12.674395,-7.92812
DEMESO,school,12.67383,-7.92051
DEMESO,school,12.67383,-7.92051
DIOUMANZANA F,school,12.6793067,-7.9426607
DIOUMANZANA D,school,12.679362,-7.9425848
DIOUMANZANA E,school,12.6793156,-7.9425807
DIOUMANZANA G,school,12.6791961,-7.942552
DONISO [1er C],school,12.67537,-7.92245
DONISO [2ème C],school,12.67537,-7.92245
École privée LA FRATERNITE,school,12.6798458,-7.9421128
EL SHALOM,school,12.6788,-7.93655
EL SHALON,school,12.67879,-7.93655
ESPERANGE [1er C],school,12.6705292,-7.9467992
ESPERANGE [2ème C],school,12.67051,-7.9468
FADJIGUILA [2ème C] I,school,12.6729458,-7.9494321
FADJIGUILA [2ème C] II,school,12.67298,-7.9493064
FADJIGUILA A,school,12.6728532,-7.949475
SAMBA KONARE [1er C],school,12.6075333,-7.9992167
SAMBA KONARE [2ème C],school,12.6075333,-7.9992167
FADJIGUILA B,school,12.672867,-7.949408
FADJIGUILA C,school,12.6728985,-7.9492647
FADJIGUILA D,school,12.6728455,-7.9493096
Faya,school,12.6529447,-7.9577949
GROUPE SCOLAIRE AWA SIMPARA [1er C],school,12.679805,-7.9421509
GROUPE SCOLAIRE AWA SIMPARA [2ème C],school,12.67979,-7.94216
GUIDIMAGAN,school,12.67015,-7.93174
GUIDIMAGAN,school,12.67015,-7.93174
I.F.P.T [1er C],school,12.67603,-7.92445
I.F.P.T [2ème C],school,12.67603,-7.92445
INTEGRATION [1er C],school,12.67864,-7.91755
INTEGRATION [2ème C],school,12.67864,-7.91755
JIGISO,school,12.67355,-7.92386
KALANKADI,school,12.68504,-7.94257
KALANSO.E.E [1er C],school,12.6707027,-7.9464039
KALANSO.E.E [2ème C],school,12.67072,-7.9464
KANI [1er C],school,12.68622,-7.93796
KANI [2ème C],school,12.6863168,-7.9377856
Kariba Boïte [1er C],school,12.67119,-7.9516
KARIBA BOÏTE [2ème C],school,12.6711754,-7.9516
KLEVIRE,school,12.6862,-7.93797
LA N.E.SIDI [1er C],school,12.66914,-7.9304
LA SAGESSE [1er C],school,12.6713903,-7.9489341
LA SAGESSE [2ème C],school,12.6714333,-7.9489333
LES FARANDOLES,school,12.6663333,-7.95785
LES JASMINS,school,12.67136,-7.94322
MAHAD AL COURANE [1er C],school,12.6716352,-7.9349659
MAHAD AL COURANE [2ème C],school,12.6716667,-7.9349667
MAHAD AL OULOUM [1er C],school,12.6704,-7.94682
MAHAD AL OULOUM [2ème C],school,12.67041,-7.94682
MORIBOUGOU [1er C],school,12.6820667,-7.9318167
MORIBOUGOU [2ème C],school,12.6820667,-7.9318167
NELSON MANDELA [2ème C] I,school,12.6664805,-7.9679687
NELSON MANDELA [2ème C] II,school,12.6663026,-7.968768
OUMAR BOUN ABDOUL AZIZ [1er C],school,12.6729333,-7.9550833
OUMAR BOUN ABDOUL AZIZ [2ème C],school,12.6729333,-7.9550833
École privée OUMOU SIDIBE,school,12.67097,-7.92086
Privée AMITIE [1er C],school,12.6803,-7.91735
Privée AMITIE [2ème C],school,12.6803,-7.91735
Renaissance [1er C],school,12.67529,-7.936666
BAMAFELE [1er C],school,13.2680333,-10.5079
BAMAFELE [2ème C],school,13.2680333,-10.5079
BERETHE KOUNDA,school,13.33065,-10.54875
DIOKELI [1er C],school,13.3136167,-10.5507167
DIOKELI [2ème C],school,13.3136167,-10.5507167
KENIEBA BAFING [2ème C],school,13.3011333,-10.5695833
KENIEBA-BAFING,school,13.3011333,-10.5695833
Keniekenieko Bafing,school,13.2749333,-10.5601
SOLLO,school,13.3463667,-10.5631167
Ecole fondamentale Abdoulaye Diarra de Djicoroni para,school,12.6166733,-8.0371583
Lamine Diarra,school,12.6132,-8.04129
Lycée Ahmed Baba,school,12.6122,-8.04813
Lycée Moderne Colombe,school,12.6177,-8.04776
Collège Ba-Nassou,school,12.6293904,-8.0362415
Lycée El Madani Dravé,school,12.6305,-8.04082
Complexe scolaire sekou cisse,school,12.6126734,-7.9792598
Groupe scolaire le progrès,school,12.6000957,-7.9879745
Groupe scolaire de donsonbougou,school,12.6074407,-7.9851787
école coranique,school,12.6081572,-7.9826276
NIALAKALAN,school,12.9729483,-9.5746472
TOUMOUDOTO,school,13.0056738,-9.5527667
BARAGNA,school,12.9675897,-9.5883492
GANFARAGUE MOURDIAH,school,13.172205,-9.6735568
KARAYA MEDERSA,school,13.1128704,-9.3675747
KARAYA-KOFOULABE,school,13.1031665,-9.3776338
MADILA,school,12.9636073,-9.6431424
MADILA KONKOU KOUTOUBA,school,12.9617985,-9.6437432
DALABALA SABIL NADJAHO,school,11.6401031,-8.1786984
BADOUGOU PU,school,11.2653667,-8.3200667
BAMBADALA ECOM,school,11.4878,-8.4607
BAMBALA,school,11.4011167,-8.31195
DOMO YORO SIDIBE 1ER C (MAKANDIANA [1er C]ycle),school,11.3556167,-8.3293167
DALABALA [1er C],school,11.6401031,-8.1786984
BEREKO PU,school,10.9768167,-8.0551333
BADA,school,10.6648,-8.0662333
BEREBOGOLA I ECOM,school,10.6175833,-8.2108333
KALANA [1er C] C,school,10.7842833,-8.1933667
DIALAKORO KELEYA,school,11.7955836,-7.8588183
DIONKALA,school,11.4552167,-7.8404167
BLENDIO [2ème C],school,10.8541029,-6.4668126
GOUANKELE ECOM,school,11.8821,-6.9235667
KENIERELA PU,school,11.5855333,-6.6010667
DJOMBOUGOU,school,10.6539167,-6.59995
DARSARYA NIESSOUMALA,school,10.6003,-8.2082333
FERELA Publique,school,10.7246833,-7.8613167
BOUGOULA SIONDOUGOU,school,11.36115,-6.6505833
KOLE,school,10.5093667,-7.0862333
École de Banko (Kade B. Doumbia),school,11.9445501,-7.4890046
DANI,school,11.9368033,-7.6945592
École communitaire de Dialakoroni,school,11.9047094,-7.4734774
École sécondaire de Dogo,school,11.8887208,-7.3327446
École de Faradie Dogo,school,11.991249,-7.4993029
École communitaire de Fiana,school,11.9094276,-7.3984847
GANALE ECOM,school,11.9119333,-7.6648667
DAR HADITH LEMOUROUTOUMOU,school,10.4970667,-7.5331333
BANANKELE,school,10.6068333,-7.5257
BERELE ECOM,school,10.9768167,-8.0551333
BERIAN,school,11.4205844,-7.9347306
FARABALAYE DIAKITE [1er C],school,10.724,-8.026
École SIRABA MANSA de TOURAKORO,school,11.4213359,-7.9982772
École de Diban,school,11.9661447,-7.2941538
DJIDIE,school,11.94605,-6.9921167
DIANDIANA,school,10.8628526,-6.925529
BADJANBOUGOU,school,10.9528833,-6.32775
BANCOUMANA,school,11.1525,-7.1616
BENOGOBOUGOU,school,11.1780167,-6.5587
BAFAGA ECOM,school,11.7701167,-6.8506333
BLA [2ème C],school,11.7677667,-6.90175
DIERO ECOM,school,11.9448833,-7.0567667
FALABADA-SIOBOUGOU,school,11.85675,-6.9136
BAFAGA [2ème C],school,11.3751245,-7.0932117
FARAFING,school,10.68085,-6.8654833
DAROUL HADISS GUELEBA,school,11.6211002,-8.3149041
DIONKALA MEDERSA,school,11.4552167,-7.8404167
KALANA MEDERSA - DARTAWHID,school,10.7842833,-8.1933667
KOFLATIE MEDERSA,school,11.24865,-8.0911
KOIN ECOM,school,10.8523167,-7.3339667
NAHAR SANKRAN KONDJIGUILA,school,11.6344667,-8.2421167
NOHI [1er C],school,11.62365,-7.9466833
ADAMA SANGARE de DEGNE [1er C],school,11.2237399,-7.4841979
École Adama Touré de Nèrèkoro Tian,school,11.8216811,-7.4618169
AL MOHAMED de SANSOLA,school,11.2510333,-7.4634333
ALDJILANI de BALAMA,school,11.5873333,-8.2977667
ALHADIYATI de SINDO,school,11.2714833,-8.2321167
ALICE WUTSCHEL M'PIESSANA,school,10.5737,-7.0312167
ALMOUHAMADIYATOU de SITIN,school,11.0491667,-6.944
ARACHADE de NIARAKO,school,11.253654,-7.729054
BABILENA,school,11.3922833,-6.9639833
BABOUGOU [1er C],school,11.4237667,-8.0629667
BADOGO [2ème C]YCLE,school,11.0325833,-8.2144333
BAFAGA [1er C],school,11.3752665,-7.0931098
BALANFINA [2ème C],school,11.0644,-7.8876167
BALENA COURA ECOM,school,11.2333333,-7.9289667
BALENA-KORO ECOM,school,11.1548667,-7.8996833
BAMBA,school,10.37655,-7.1515833
BAMBALA [2ème C],school,11.4011167,-8.31195
BANANKORO,school,11.2343,-6.6051833
Banco,school,11.4067167,-6.7987167
BANCOUMANA PU,school,11.3099,-8.2771167
BANDIOUGOUFARA [1er C]ycle,school,11.2207167,-8.3583667
BANKO,school,11.0923,-7.4182382
BANZANA,school,10.5267667,-7.25025
BANZANA [2ème C]ycle,school,10.5267667,-7.25025
BARILA ECOM,school,11.1261167,-8.40545
BARILA MEDERSA,school,11.1261167,-8.40545
BARILA PU,school,11.1261167,-8.40545
BASSA ECOM,school,11.8936486,-7.7589259
BAYA SIEKOROLE,school,11.6433333,-8.2465
Beko Sokoro-Medersa,school,11.3123333,-7.3506167
BEKO-BOUGOUDA,school,11.287228,-7.3783236
Ecole de Beko- Sokoro,school,11.3164836,-7.3528269
BEKO-TOGODA,school,11.2335667,-7.3239833
Belekoloni,school,11.3461167,-7.1870667
BEMBOUGOU ECOM,school,11.0631167,-7.83525
BEREBOGOLA II ECOM,school,11.4038333,-8.2227167
BEREKO MEDERSA,school,10.9768167,-8.0551333
BERELA,school,11.4735333,-6.7025667
BESSINA,school,10.9738667,-6.7698667
BICKO,school,11.8973,-7.63635
BIDABA ECOM,school,11.5136167,-8.3929167
Bilaba,school,11.38352,-7.02077
École de Bindiougoula,school,11.9322122,-7.2123421
BINKO [1er C],school,11.6399167,-8.2447667
BINKO [2ème C],school,11.6399167,-8.2447667
BIRILA ECOM,school,11.4382092,-7.4146833
BLA,school,11.7677667,-6.90175
BLADIE PC,school,10.9266333,-7.3253
BLADIE TIEMALA [2ème C]ycle,school,10.9266333,-7.3253
BLADIE ZANA,school,11.0781,-7.16715
BLADIENI,school,10.88815,-7.00575
BLAKALA,school,10.9901667,-6.8663333
École de Blembala,school,11.9838584,-7.3841114
BLENDIO [1er C],school,10.8542387,-6.4672263
BOGO ECOM,school,11.1098667,-7.53525
BOGODOUGOU,school,11.0694167,-7.10305
BOHI [1er C] PUB,school,11.3235333,-7.0807
BOHI [2ème C],school,11.3233624,-7.0806759
BOKORO ECOM,school,11.8230333,-7.60815
BOLOKORO ECOM,school,11.1679,-7.7536833
BOLOKORO MEDERSA,school,11.1679,-7.7536833
Ecole fondamentale de Bombala,school,11.1730208,-7.4007174
BONTOLA,school,11.5808667,-6.72085
BORO FADIALA de SAGALA,school,11.6709167,-7.7403
BOROMBA,school,11.1862667,-6.6683333
BOUGOUDALE [1er C],school,11.26035,-8.4537667
BOUGOUDALE [2ème C]YCLE,school,11.26035,-8.4537667
Bougoula,school,11.41275,-7.1852833
BOUGOULA,school,10.7759333,-6.9165833
BOUGOULA,school,11.5422374,-7.8420523
BOUGOULA [2ème C],school,10.7759333,-6.9165833
BOUGOULABA,school,10.4851,-7.7453333
BOUGOULAFARA,school,11.71035,-7.60015
Bougoula-Mamissa,school,11.4867,-7.2407833
Boumou,school,11.4789,-6.7853667
Boundio,school,11.4115167,-7.2901333
BOUNDIOBA,school,11.0412167,-6.9835167
BOUNDIOBA ECOM,school,11.0412167,-6.9835167
BOUNOUKO [1er C] Public,school,11.1899,-8.03145
BOUNOUNKO ECOM,school,11.1899,-8.03145
BOURAKALA II ECOM,school,11.0306667,-7.75885
BOUROUKOULA,school,11.7021333,-7.8146167
BOUSSALA,school,11.2544333,-6.7483
CARRIERE ECOM,school,11.6212,-8.1920667
CARRIERE PUBLIC,school,11.6212,-8.1920667
École Chambale Keïta de Diran,school,11.7036035,-7.3487826
CHAMBOUGOU LINGUEKORO,school,11.5973539,-7.9702715
CHANCHOUDINE BINKO,school,11.6399167,-8.2447667
CHOKORO,school,11.2017333,-6.5803167
DABARAN [1er C],school,10.6981167,-8.1049833
DADJOUGOUBALA ECOM,school,10.6759,-8.2024667
Dahawatou Islamiya Toufouga,school,11.5599167,-6.6921333
DALABA ECOM,school,11.6501667,-8.2000667
DALABALA ECOM,school,11.6401031,-8.1786984
DALABANI ECOM,school,11.38565,-7.4595667
DALAGOUE,school,10.7212167,-8.2434833
DALAKAN ECOM,school,11.117,-8.171799
DAMANA,school,11.6619833,-7.4269833
DANGOUE ECOM,school,10.5616833,-8.1066
DANI,school,10.44455,-6.7652
Daolila [1er C],school,10.7569043,-8.2420343
DAR - ALDISS GUELELINKORO,school,11.1480833,-8.5212667
DAR EL HADIS SOCOURANI,school,10.4487333,-6.9296167
DAR EL COURANE (KOLONDIEBA),school,11.0887287,-6.8923667
DAR EL HADIHS (DIAKA),school,11.16405,-7.13365
DAR EL HADIS (N'TIOBALA),school,11.1110833,-7.1366333
DAR EL HADIS (N'TOUNTOUROULA),school,11.2079,-7.0620333
DAR EL HADIS FAKOLA,school,10.4948333,-6.8629833
DAR EL HADITH - KOLOGO,school,11.2231425,-7.4916393
DAR EL HADITH (FAKOLA),school,10.4948333,-6.8629833
DAR EL HADITH [2ème C] de YANFOLILA,school,11.1773535,-8.1593071
DAR EL HADITH GOUANAMERILA,school,10.9740667,-8.0969
DAR EL RICHAD NAREMBOUGOU,school,10.6507333,-7.5568333
DAR EL RICHAD SIRAKOUROUNG;SIRAKOUROUNG,school,10.7000194,-7.4960085
DAR HADIH TODOUGOU KOLONDIE,school,11.2195,-7.2792
DAR HADIS de DIARRANI,school,11.2692667,-8.2934667
DAR HADISS GOUARAN,school,11.237,-6.9450833
DAR HADITH BANKO,school,11.0925,-7.4182167
DAR HADITH de N'TENTOU,school,11.3489667,-7.72465
DAR HADITH N'KEMENE,school,11.2658167,-7.8795
Dar Taouhid Bladiè,school,10.9266333,-7.3253
D'ARO-HADISS MEDERSA SOLOBA,school,11.2022833,-8.4522167
DAROU EL HOUDA (BAFAGA),school,11.3759186,-7.088432
DAROU ALISTIKAMATE TAGAN,school,11.4687333,-8.33135
DAROU KOURANE de BANANTOUMOU,school,11.7390543,-7.6942976
DAROU SALAM (MAFELE),school,10.5560667,-7.5306333
DAROUL HADISS (GOUROKO),school,10.8167667,-6.99925
DEBELA,school,10.5163,-7.1857333
DEBELIN,school,11.55285,-6.9910833
DEBELIN [2ème C],school,11.5528093,-6.9910873
DEBENA,school,10.7125833,-6.5535833
DEFINA [1er C],school,11.0102,-7.1606167
DEFINA [2ème C],school,11.0101276,-7.1606073
DEGNE [2ème C],school,11.2237162,-7.4841926
DEMBASSO,school,10.5565333,-6.84795
DENDIELA ECOM,school,11.7673833,-7.5698
DENGOUALA,school,11.37825,-6.6221333
DIABA MOUSSA DIAKITE de DJERILA,school,11.42173,-7.47983
DIABALA ECOM,school,10.8001333,-8.1495667
DIAFERELA ECOM,school,11.0021333,-8.2616667
DIAKA [1er C],school,11.1707428,-7.1317205
DIAKA [2ème C],school,11.1704496,-7.1321866
DIALAFARA ECOM,school,11.1736,-8.3033833
DIALAKORO,school,11.6007667,-6.9604667
DIALAKORO SIONDOUGOU,school,11.3656333,-6.65545
DIALAKORO [2ème C],school,11.7958066,-7.8590747
DIALAKORO ECOM (GARALO),school,10.9081333,-7.48605
DIALAKORO ECOM (NANGALASSO),school,10.971165,-6.4158215
DIALAKORO YOROBADOUGOU,school,10.9,-6.929
Dialakoroba,school,11.3594343,-6.9577747
DIALAKORONI,school,11.1190833,-7.0956
DIALANIKORO,school,11.2813579,-7.0989387
DIALANIKORO [2ème C]YCLE,school,11.4171805,-7.480664
DIALANIKORO [1er C]ycle,school,11.4171667,-7.4806667
DIALLAN PU,school,11.6461833,-6.6425
DIAMAKOLE,school,11.6778,-6.7263833
DIAMOGO,school,10.6075333,-6.8947833
DIARANI-DJING,school,11.34275,-8.2167333
DIARRALA (KOUMANTOU),school,11.3473167,-6.7182
DIARRALA Yiridougou,school,10.8451167,-7.0611333
DIASSA,school,10.44,-6.914
DIASSOLA ECOM,school,11.1073333,-7.7709833
DIE,school,11.2194132,-7.2791785
DIEBA,school,11.4404667,-7.93035
DIEDIEBA-ECOM,school,10.9379667,-6.7374333
DIEDIENI,school,11.10925,-6.5068
DIENDIO,school,10.7480667,-6.6187833
DIENDIO,school,10.5896667,-7.3788
DIESSOU,school,11.2291167,-6.48165
DIGAN,school,10.8384,-6.8125833
DIHAN ECOM,school,11.0218667,-7.1248833
DIODIA,school,11.1992333,-6.4697667
DIOMANA,school,11.2626,-6.92895
DIOMON,school,11.1013,-7.2081167
DIONDIALA,school,10.4699333,-7.2268333
DIONKALA,school,11.77125,-6.7172167
DIONKALA [2ème C],school,11.4552167,-7.8404167
DIONKELE SOKOURA,school,11.17585,-7.28885
DIONKELE-SOKORO,school,11.1920167,-7.24865
DIONKONI,school,10.51975,-6.9878833
DIOSSAN,school,10.6311667,-7.4656833
DISSAN M'PANA CHEICK FANTA MADY,school,11.60265,-7.5159
DJAMBALA ECOM,school,11.3503333,-7.4358333
DJAMBALA MEDERSA,school,11.3503333,-7.4358333
DJAMIATOU ISLAMIATOU BOUGOULA,school,10.7759333,-6.9165833
DJEGUENINA [2ème C],school,11.2146833,-7.9796333
DJEKABOUGOU ECOM,school,11.7331,-7.5407833
DJELE,school,11.7474167,-6.5776833
Djerebougou Ecom,school,11.3491667,-6.9234667
DJERILA KOUROULAMINI [1er C],school,11.5602167,-7.6733333
DJESSOU DIEBY SIDIBE de GUELELINKORO [1er C],school,11.1480833,-8.5212667
DJIBLENA,school,11.0785333,-6.57665
DJIESSOU DIEDI SIDIBE de GUELELINKORO [2ème C],school,11.1480833,-8.5212667
DJILENFING ECOM,school,11.1901833,-8.24995
DJIMBALA [1er C]ycle,school,11.18195,-8.3361333
DJIMBALA [2ème C]YCLE,school,11.18195,-8.3361333
DJINATOUMANINA ECOM,school,10.9566333,-7.80715
DJINE[1er cycle],school,11.136642,-7.3891244
DJINE [2ème C],school,11.1359183,-7.3888803
Dissan[1er C],school,11.3217168,-6.678415
Djissan [2ème C],school,11.3219167,-6.6783667
Djobo Kouma,school,11.4968777,-6.9764785
DJOSSEBOUGOU,school,11.48685,-6.89385
DJOUTIEBOUGOU,school,11.4498333,-7.4476167
DOGOBALA,school,11.223807,-7.4841993
DOMBA [2ème C],school,11.73025,-6.8881667
DOMBA[1er C],school,11.7299125,-6.8858079
DONFANABA,school,10.79265,-6.5922
DONFANANI,school,11.05095,-6.7832667
DONKELENA,school,10.9725667,-7.1984667
DONKERILA,school,10.9821833,-6.3604167
Jardin d'enfants ABC,kindergarten,12.5963629,-7.9875179
Jardin d'enfants les lionceaux,kindergarten,12.5902049,-7.9874273
DONSOSSO [1er C] PU,school,11.1775,-8.3666
DONSOSSO Medersa,school,11.1775,-8.3666
DONTEREKE,school,10.5354333,-6.76525
DOSSOLA [1er C]ycle (MANSA BOURAMA),school,11.53085,-8.0883833
DOSSOLA [2ème C] MANSA BOURAMA,school,11.53085,-8.0883833
DOUBASSO,school,10.8876833,-6.4337667
DOUGO LAMINE SIDIBE [1er C] A (Siékorolé),school,11.3229,-8.26025
DOUGO LAMINE SIDIBE [1er C] B (Siékorolé),school,11.3229,-8.26025
DOUGOUFING [1er C],school,10.7695,-7.90865
DOUGOUFING MEDERSA,school,10.7695,-7.90865
DOUGOUNINA,school,11.4198833,-7.4791833
DOUGOUNINA [2ème C],school,11.4198938,-7.4791833
DOUSSOUDIANA [1er C],school,11.1492,-7.8061833
DOUSSOUDIANA [2ème C],school,11.1492,-7.8061833
DOUSSOUDIANA MEDERSA,school,11.1492,-7.8061833
École fondamentale de DIALAKORO TIEMALA,school,11.30825,-7.5268333
École fondamentale de KEGNE,school,11.2236,-7.6009333
École fondamentale de OUROU-OUROU,school,11.09295,-8.1281
École fondamentale KOLONI [1er C]ycle,school,11.0390333,-7.7616167
ECOM SOCOURANI,school,10.4487333,-6.9296167
ECOM BANCOUMANA,school,11.3099,-8.2771167
ECOM BANDIALA,school,10.6829333,-8.2389833
ECOM BOKARIBOUGOU,school,11.5511333,-7.4309167
ECOM BY DOUMBIA de BONGO,school,11.1870833,-7.5787167
École communitaire de Borombila,school,11.8336157,-7.3613042
ECOM de DJIDIE,school,11.1779333,-7.51695
ECOM de FARANI,school,11.57565,-7.9182667
ECOM de FOLONA,school,11.8926333,-7.74575
ECOM de MENA,school,11.4718833,-7.6110333
ECOM de SIRAKORO,school,10.8726833,-7.2316
ECOM KOLENA,school,11.4378833,-8.39105
ECOM KORONI,school,11.15215,-7.0288833
École communitaire de Tabakoro,school,11.8492416,-7.5277012
ECOM TEKELENDOUGOU,school,11.1722,-8.49445
École El Hadji Boua Diarra de Diban,school,11.9654908,-7.2938368
ESPOIR de KALANA,school,10.7842833,-8.1933667
FABOUGOU ECOM,school,11.4718833,-7.6110333
FABOULA [1er C],school,10.8271333,-8.2166167
FABOULA ECOM,school,10.8271333,-8.2166167
FADIAN-KEKORO,school,10.8768,-7.0538667
FADIE ECOM,school,11.3615333,-7.3038833
FADIMA DIAWARA de MADINA [2ème C],school,11.3474833,-7.6818667
FAKALA KEITA [2ème C] B de Kalana,school,10.7842833,-8.1933667
FAKALA KEITA KALANA A [1er C] A,school,10.7842833,-8.1933667
WOLONI,school,13.159725,-5.465163
WOROKOUMA,school,13.2566665,-4.390257
WOROKOUMA [2ème C],school,13.2570381,-4.389165
YABARA,school,13.2286007,-4.3182109
YANGASSO [2ème C] I,school,13.0700007,-5.3230007
YANGASSO [2ème C] II,school,13.07,-5.323
YASSO [1er C],school,13.1346483,-4.6752237
YASSO [2ème C],school,13.1347632,-4.6756314
École Yere,school,13.2771797,-4.211939
YERENI,school,13.3272601,-4.1702543
ZANELA,school,13.1414314,-5.7805172
ZANGOUNA,school,12.8443934,-5.9504613
ZIESSO,school,12.75,-5.455
B.BOUARE [1er C] /A,school,13.442593,-6.266794
B.BOUARE [1er C]/C,school,13.442402,-6.266265
B.BOUARE [1er C]/D,school,13.442716,-6.266245
Ecole de Bachiembougou,school,13.4395501,-6.0459069
BAGADADJI [2ème C],school,13.4279097,-6.2891823
BAGUINI,school,12.7232236,-6.503465
BANANKORO [1er C],school,12.9107482,-5.6701224
École Blombadougou,school,13.4531018,-5.7672185
BOIDIE [1er C],school,13.2127055,-6.8716278
BOUGOUBALA,school,13.2041528,-6.7730717
BOUNDO-WERE,school,13.2844726,-6.547879
BOUNOU,school,13.1712421,-6.3949078
BREHIMA OULALE [1er C]A,school,13.4184352,-6.2187319
BREHIMA OULALE [1er C]/B,school,13.4184665,-6.2191557
BREHIMA OULALE [2ème C]ycle /B,school,13.4185552,-6.2189733
BREIHIMA OULALE [2ème C]ycle A,school,13.4182943,-6.2189975
CENTRE D'EDUCATION ISLAMIQUE [1er C],school,13.438567,-6.266363
CENTRE D'EDUCATION ISLAMIQUE [2ème C],school,13.438746,-6.266511
CINZANA [1er C]/A,school,13.249448,-5.9646337
CINZANA [1er C]/B,school,13.2496651,-5.9643093
CINZANA [2ème C],school,13.2492177,-5.9639038
DIOUNA,school,13.43,-5.821
DIOUNA [2ème C],school,13.43,-5.821
DJENI,school,13.0009997,-7.0082153
DJIGO,school,13.449119,-6.1418434
École Dongoni,school,13.4049309,-6.563193
DOTEMBOUGOU,school,13.2065407,-6.7967302
DOUGA,school,13.3023256,-6.1913687
DOUGA,school,13.3023587,-6.1908237
DOUGASSO,school,13.126173,-6.2687142
DOUGOUFE [1er C],school,13.3133453,-6.630903
DOUGOUFE [2ème C],school,13.3169499,-6.6256736
DOUGOUTIGUI TANGARA [1er C],school,13.440444,-6.260134
DRAMANE DIARRA,school,13.447657,-6.2510349
École communautaire de KEMENA,school,13.1231797,-6.9127715
EPBIK NAOMIE III,school,13.441684,-6.27077
FA KEÏTA B,school,13.427787,-6.212744
FA KEÏTA [2ème C],school,13.427463,-6.213141
FA KEÏTA A [1er C],school,13.427659,-6.212941
FA KEITA C [1er C],school,13.427917,-6.21264
FABALE,school,13.127823,-6.3594739
École Famana,school,13.3469403,-5.4658673
École Fantabougou-Bambara,school,13.4921621,-6.6261022
FANZANA,school,13.3687315,-6.1445916
FAOUZOU DARAYNI [1er C],school,13.42559,-6.274067
FAOUZOU DARAYNI [2ème C],school,13.425547,-6.274363
FARISSOUMA,school,13.1085429,-6.1272038
FAZONGON,school,13.3714288,-6.6165108
HAYATOUL ISLAM [1er C],school,13.43449,-6.218314
HAYATOUL ISLAM [2ème C],school,13.434464,-6.21842
ISLAWO ISLAMYA de KENIE MARKA,school,13.271538,-6.6609443
École Kalabougou,school,13.4413076,-6.3328523
KALAKE [1er C],school,12.968082,-6.8561078
KALAKE [2ème C]ycle,school,12.968082,-6.8561078
KALALA-BAMBARA,school,12.9563908,-6.8542978
École Kalan,school,13.4292489,-5.6279291
KATIENA [1er C],school,13.3256504,-5.6439627
KATIENA [2ème C],school,13.3252896,-5.6437629
KENIE-MARKA,school,13.2647306,-6.6625422
KOKRIBOUGOU,school,13.191379,-6.7075397
École Koliko,school,13.0785318,-7.0440897
KOLOMI,school,13.0856158,-5.9779416
KOYAN [1er C] c,school,12.9378703,-6.3905877
KOYAN [2ème C],school,12.9379284,-6.3907069
KOYAN SANANDO,school,12.9418604,-6.3907381
Les Disciples III,school,13.4278235,-6.2204232
LES ALLIES,school,13.436619,-6.26149
LES DISCIPLES,school,13.4309238,-6.2453943
LES SAVOIRS,school,13.433792,-6.2401807
M.C DOUGOUNIKORO,school,13.1510317,-6.4120246
M.C KOYAN (Taribiatou slamiya),school,12.9410952,-6.3937587
M.C. BOIDIE [1er C],school,13.2195096,-6.8675627
M.C. BOIDIE [2ème C],school,13.2194635,-6.8678736
M.C.D.C.W.H PELENGANA [1er C],school,13.4269333,-6.21655
M.C.D.C.W.H PELENGANA [2ème C],school,13.4269333,-6.21655
M.COM SABILOUL RICHADI BOUSSIN,school,13.4273381,-6.2482142
M.COM SABILOUL SAADATY SOUBA,school,13.4141225,-6.5948927
MEDERSA MAGNABOUGOU,school,13.2643443,-6.6226799
Medersa M'Pebougou,school,12.900728,-6.498735
MEDERSA NOUR AL ISLAM KALAKE [1er C],school,12.9664421,-6.8542028
MEDERSA NOUR AL ISLAM KALAKE [2ème C],school,12.9665118,-6.8542082
MEDERSA NOUR KOTA,school,13.2986551,-6.7207468
Medersa SABIL HIDAYA (Moabougou),school,13.0099261,-6.6133351
MEDERSA TAHAZIB ISLAMIQUE [1er C],school,13.444551,-6.253662
MEDERSA TAHAZIB ISLAMIQUE [2ème C],school,13.444578,-6.253504
MEDERSA XOUCOUMI ADDINIYATI,school,13.444578,-6.253504
MEDERSATOUL OULOUMI DINYATI,school,13.444578,-6.253504
MERDERSA communautaire (LPI)GOUENDO,school,12.7965563,-6.3234634
MIGNON,school,13.36242,-6.7024615
École Mimana,school,13.4079789,-6.4590292
MISSIRA [1er C] A,school,13.423157,-6.2663007
MISSIRA [1er C] B,school,13.4231556,-6.2663
NANGO,school,13.2392132,-6.5837091
NELSON MANDELA [1er C],school,13.435253,-6.245489
NELSON MANDELA [2ème C],school,13.435449,-6.245407
NERENINKORO École communautaire,school,12.874516,-6.3434598
École N'Gakoro,school,13.33739,-5.859331
N'GAMA,school,13.3063268,-6.5978911
N'GARA [1er C],school,13.310518,-6.50106
N'GARA [2ème C],school,13.310339,-6.501389
N'GASSOLA,school,13.0817973,-6.206325
N'GASSOLA [2ème C],school,13.0818269,-6.206129
École N'Gola,school,13.2609078,-5.807283
École Nianzana,school,13.0945961,-7.0008965
NOUKOULA,school,12.96,-6.791
N'TOMIKOROBOUGOU,school,12.8497803,-6.2818605
PELENGANA MARCHE [1er C],school,13.4200339,-6.2169785
PELENGANA MARCHE [2ème C],school,13.4199491,-6.2169356
PELENGANA NORD [2ème C],school,13.4199817,-6.2169785
PELENGANA-WEREBA,school,13.4143851,-6.231365
École privée WALTA [1er C],school,13.444578,-6.253504
Q. ADMINISTRATIF/A,school,13.4366076,-6.2764505
Q. ADMINISTRATIF/B,school,13.4366076,-6.2764505
RAYATIL ISLAM DOTEMBOUGOU [1er C],school,13.2066983,-6.7959613
RAYATIL ISLAM DOTEMBOUGOU [2ème C],school,13.2066983,-6.7959613
SA DOSI WA SA KEMENA,school,13.1254435,-6.912498
SAADAT EL KOUBRA,school,13.432982,-6.238566
SABIL EL ISLAMIA NASSORIATY [1er C],school,13.4420837,-6.2187398
SABIL EL ISLAMIA NASSORIATY [2ème C],school,13.4423944,-6.2190276
SABIL EL RICHADI [1er C],school,13.4270813,-6.2492999
SABIL EL RICHADI [2ème C],school,13.4277362,-6.2488455
Sabil Hidaya (Moabougou) [2ème C],school,13.0095472,-6.6133431
SABILOU SAADATI [1er C],school,13.4493516,-6.2615704
École Sagni,school,13.4204733,-6.6400138
SAINT JOSEPH,school,13.439661,-6.271238
SALLA SIDIBE,school,13.4191751,-6.2181485
SAMENE [1er C],school,13.13,-6.082
SAMENE [2ème C],school,13.13,-6.082
SEBESO [1er C],school,13.423997,-6.261224
SEBIL EL FALAH/A [1er C],school,13.441687,-6.253197
SEBIL EL FALAH/A [2ème C],school,13.441586,-6.253233
SEBIL EL FALAH/C [1er C],school,13.441701,-6.253431
SEBIL EL FALAH/C [2ème C],school,13.441666,-6.253411
SEBIL EL FALAH/SV [1er C],school,13.441701,-6.253431
SEBIL EL FALAH/SV [2ème C],school,13.441666,-6.253411
FAKOLA [2ème C],school,10.4948333,-6.8629833
FALABA,school,10.7970667,-6.5718
Falaba,school,11.3742667,-7.1456333
FALA-I,school,10.61535,-6.4171333
Falani,school,11.7151833,-6.78195
FALANI ''KOLOSSO'',school,11.0978667,-6.5895833
FALANI SIONDOUGOU,school,11.2612833,-6.2436333
FALANI-K,school,11.3206167,-7.00395
FALIKO ECOM,school,11.2137667,-8.2925667
FALLA II,school,11.0477333,-6.39605
FAMANA [1er C],school,11.8712167,-7.8282
FAMOGOLA,school,11.2723,-6.83075
FAMORILA,school,10.98405,-6.9470333
FANA,school,10.9124,-7.0493667
FANDALA PU,school,11.7577833,-6.6561
FANGALA,school,10.4664833,-7.5441
FANGOUAN,school,10.7219,-7.0958167
FANGOUAN (TOUL ISLAMIYATOUL KALIFA),school,10.7219,-7.0958167
Fara Ecom,school,11.0622,-7.5107
FARABA [1er C] C,school,10.820157,-5.6133376
FARABA [2ème C],school,10.8199304,-5.6133805
FARABA A,school,10.82002,-5.61352
FARABA B,school,10.8201596,-5.6135656
FARABA CORO ECOM,school,11.5961,-8.33555
FARABA COURA DOUGOUKORO ECOM,school,11.6434167,-8.2511667
FARABA COURA MEDERSA,school,11.6434167,-8.2511667
FARABA FARADIELE,school,11.3478167,-7.6377
FARABA PU,school,11.3834333,-8.3116667
FARABA SIDO,school,11.7871333,-7.5520833
FARABABOUGOU,school,11.7693167,-7.59655
FARABACOURA ECOM,school,11.6434167,-8.2511667
FARABALE,school,10.499,-7.1628667
FARABALE-ZENA,school,10.7551833,-7.2639333
Farabani,school,11.3180833,-7.38815
FARADIE [1er C],school,11.2616667,-7.54835
FARADIE BAMARO,school,11.6662667,-7.8815833
FARADIE KELEYA [1er C],school,11.7965962,-7.7301028
FARAFING,school,10.4361833,-7.1345833
FARAGOUARAN [2ème C],school,11.3131588,-7.7774738
FARAKO [1er C],school,10.8301667,-6.8472
FARAKO [2ème C],school,10.8301667,-6.8472
FARAKO BAYA,school,11.36235,-6.58005
FATOU,school,10.7696333,-6.7398167
FELEFELE ECOM,school,11.0071667,-7.20215
FIELA ECOM,school,11.6084333,-6.9995
FINDIALA,school,11.0597167,-6.7324167
FINIKO,school,10.7071167,-6.67115
Finkoua,school,11.6807932,-6.9321759
FIRIKORO SOUMAORO de Kalana [2ème C] A,school,10.7842833,-8.1933667
FLABOUGOULA [2ème C],school,10.9616333,-8.1279
FLABOUGOULA MEDERSA,school,10.9616333,-8.1279
Flokolon,school,11.4883833,-7.3055167
FOFO,school,11.1652667,-6.9135333
FOGOBA,school,11.03545,-6.5158333
fondamentale SADIOULOU SIDIBE - BALANFINA [1er C],school,11.0644,-7.8876167
FOUGAMANA ECOM,school,11.0993,-8.3130833
FOUGANI ECOM,school,11.4781333,-7.5629333
FOUGATIE ECOM,school,11.1286,-8.3682833
FOUGATIE [2ème C],school,11.1286,-8.3682833
FOUGATIE MEDERSA,school,11.1286,-8.3682833
FOULABOULA [2ème C],school,11.3791188,-7.5556614
FOULABOULA PC,school,11.3789544,-7.5560054
FOULALABA,school,10.6913667,-7.3643
FOURALA ECOM,school,11.82275,-6.8729833
FOUTIERE,school,10.6507667,-6.6929167
franco-arabe DAR EL HADITH de BOUGOUDALE,school,11.26035,-8.4537667
franco-arabe de TOURAKORO,school,11.4212491,-7.9982665
François Xavier du REAU [2ème C],school,11.23055,-8.2336667
François Xavier du REAU GOUALALA,school,11.23055,-8.2336667
FREDA HENRI WHITE FARADIELE,school,11.3478167,-7.6377
GALAMINA [1er C],school,11.3614281,-7.9642873
GALAMINA [2ème C],school,11.3614859,-7.9642833
GNIMISSILA,school,11.1735,-7.5746667
GOMI,school,11.92975,-7.0985833
GOMOGO ECOM,school,10.91725,-7.2331
GONKORO,school,10.6601167,-6.4976333
GONKORO PUBLIC,school,10.6601167,-6.4976333
GONKORONI,school,10.8932167,-6.82765
GOUALAFARA ECOM,school,11.2224167,-8.2388
GOUANA,school,10.7141,-7.2587333
GOUANTOU,school,11.1017333,-7.2524167
GOUARAN,school,11.237,-6.9450833
GOUENSO PU,school,11.28665,-8.0855333
GOUNA ECOM,school,10.8876,-7.8556833
GOUROKO [1er C],school,10.8169506,-6.99911
GOUROKO [2ème C],school,10.8166956,-6.9990413
GREGREMAKO ECOM,school,11.4438167,-8.4572333
GUELEBA I ECOM,school,11.6211413,-8.3149114
GUELEBA II,school,11.6184997,-8.3176
GUELEKETIGUILA PU,school,10.7892,-7.8413833
GUEREKELE,school,11.4330667,-6.7466667
GUEREKELE,school,11.4330667,-6.7466667
HADJILA ECOM,school,10.5492333,-8.1807
HADJILAMININA,school,10.6684833,-8.257
HENRY FREDA WHITE de FARADIELE [2ème C],school,11.3452455,-7.6352594
HEREMAKONO NORD,school,11.4215266,-7.4903219
HEREMAKONO NORD [2ème C],school,11.4215035,-7.4903219
HOUDA ISLAMIA MENA,school,11.4718833,-7.6110333
Ihiyahou sounanousabili Sanso,school,11.7120267,-6.8567291
IMANE MALICK DJEGUENINA,school,11.2146833,-7.9796333
École primaire Issa Traore de Nani,school,11.7503918,-7.3639583
École sécondaire Issa Traore de Nani,school,11.7506511,-7.3638312
ITIHADOU SANANKOUROUNI,school,10.5985833,-7.4803
IZOUBOULAYE NIAMALA,school,11.5185854,-6.7000563
JACKIE TRUJILLO de N'TENTOU [2ème C],school,11.3489667,-7.72465
KABADIE,school,10.3232,-7.1404667
KABASSELA,school,11.6281333,-7.72525
KABAYA [1er C],school,11.1144,-8.5567167
KABAYA [2ème C],school,11.1144,-8.5567167
KADIANA [1er C],school,10.752,-6.504
KADIANA [2ème C],school,10.752,-6.504
KAH,school,10.7366333,-6.8255
KAKOLI,school,10.57665,-6.4256167
KALAKAN,school,11.1628833,-6.78915
KALAKO,school,10.8123,-8.1470167
KALANA [1er C]ycle B,school,10.7842833,-8.1933667
KALANA EXCELLENCE,school,10.7842833,-8.1933667
KAMACHO,school,10.9087333,-6.34585
KANDJIMAMOUROULA ECOM,school,10.67835,-7.9024833
KANDJIMAMOUROULA MEDERSA,school,10.67835,-7.9024833
KANDJIRILA,school,10.8884,-7.9089667
Kangaré,school,11.64585,-8.1938833
KANGARE [2ème C],school,11.64585,-8.1938833
KANIBOUGOULA PU,school,10.7877,-7.7965833
KANKELA,school,10.8263833,-6.6715667
KANKELENA,school,11.40445,-7.8570333
Kankou Moussa Koumantou [1er C],school,11.4082432,-6.8488072
Kankou Moussa Koumantou [2ème C],school,11.4083826,-6.8487965
KANKOU MOUSSA ZANTIEBOUGOU,school,11.3841145,-7.2553979
KARA,school,11.2997577,-6.707094
KARAKARA ECOM,school,11.6127333,-7.4061833
KATIOLA,school,11.26765,-6.6717
KEBILA [1er C] ''A'',school,11.2747612,-7.0430699
KEBILA [1er C] B,school,11.2747026,-7.0427518
KEBILA [2ème C],school,11.2741629,-7.0431497
KEIKORO,school,11.8418667,-7.01705
KELEKELE [1er C],school,11.0553,-6.6886167
KELEKELE [2ème C]YCLE,school,11.0553,-6.6886167
KELEYA [1er C],school,11.828,-7.7917333
KELEYA [2ème C],school,11.828,-7.7917333
KEMISSALA I,school,11.2675944,-7.8460239
KEMISSALA II,school,11.267622,-7.8460212
KEREKOUMALA,school,10.9707167,-7.3925
KIGNAN,school,11.349789,-6.5465193
KIGNANA,school,11.1637833,-6.9648167
KIMY,school,11.4431833,-7.1667667
KISSA,school,10.9193333,-6.8926
KLEN BOUGOUDA,school,11.3155333,-7.4360167
KLEN-SOKORO,school,11.3161833,-7.4358
KOCOUNA,school,10.85685,-6.5195667
KODIALAN,school,11.6490333,-6.9440167
KODIOUGOU,school,10.8479333,-7.3565167
KODOUGOU ECOM,school,11.46955,-7.3948333
École de Kodougouni,school,11.7083132,-7.3826994
KODOUNOU,school,10.3651167,-7.3315
KOFLATIE ECOM,school,11.2485777,-8.091108
KOKO [2ème C]YCLE,school,11.0901013,-6.8930744
Kokodio,school,11.4430602,-6.8703168
KOKOUN ECOM,school,10.7424333,-7.8722833
KOKOUN MEDERSA,school,10.7424333,-7.8722833
KOKOUNA ECOM (DEBELIN),school,11.59475,-7.0089333
KOKOUNA ECOM(KTOU),school,11.4256667,-6.7930167
KOKOUN-NIAMALA,school,11.7644,-6.9645
KOLA,school,10.99525,-6.96005
KOLA,school,11.4248599,-7.4444526
Kola [2ème C],school,11.5663667,-6.8869833
KOLA [2ème C],school,11.4248651,-7.4444714
École communitaire de Kola Dogo,school,11.9443905,-7.3478263
KOLA ECOM,school,11.42485,-7.4444667
Kola,school,11.5665612,-6.8868814
KOLOGO,school,11.1338667,-6.8411667
KOLOGO [2ème C],school,11.2230465,-7.4916621
KOLOMBA,school,11.19475,-6.8219667
KOLONA,school,11.1377833,-6.6258667
KOLONDA,school,11.7985167,-7.6994
KOLONDIEBA [1er C],school,11.0887145,-6.8923678
KOLONDIEBA [1er C] ''B'',school,11.0886632,-6.8923673
LONTOLA [2ème C],school,11.0699167,-8.0567167
MAFELENI [2ème C]YCLE,school,11.5834167,-8.0245333
THYAN ECOM,school,10.7340667,-7.94305
THYAN MEDERSA,school,10.7340667,-7.94305
MEDERSA de CHIAMBOUGOU LINGUEKORO,school,11.5973413,-7.9702674
SAMA,school,10.4011333,-6.7207333
NGOROLA ECOM,school,10.5135833,-7.4726167
SIRADJOUBA ECOM,school,10.97615,-8.6603333
MEDERSA de DIEBA,school,11.3614833,-7.93035
MORIFINA ECOM,school,11.0951333,-7.9346833
NAHAR DJOLIBA BERIAN,school,11.42075,-7.9347333
NIEME PUBLIC,school,10.9221833,-7.9219333
MEDERSA communautaire de TOURAKORO,school,11.4212163,-7.9982732
KOMOGOLA,school,11.7941167,-6.8635333
KOTING,school,11.8087833,-6.9311167
MORKE,school,10.6310333,-6.5602833
N'Tjila-Hameau,school,10.6265333,-7.2443667
NEGUEPIE,school,10.66755,-6.7615
KOLONDIEBA [1er C] ''C'',school,11.0886512,-6.8923673
KOLONDIEBA [1er C] ''D'',school,11.0886381,-6.8923689
KOLONDIEBA [2ème C] ''A'',school,11.0887009,-6.8923678
KOLONDIEBA [2ème C] ''B'',school,11.0886883,-6.8923678
KOLONDIEBA [2ème C]YCLE,school,11.0886769,-6.8923667
KOLONDIEBA KOKO,school,11.0902316,-6.8933178
KOLONI [2ème C],school,11.0390333,-7.7616167
KOLONI BOUNDIO,school,11.0513,-6.9638667
KOLONI FOULALA [1er C],school,11.15495,-6.8474333
KOLONI FOULALA [2ème C],school,11.15495,-6.8474333
KOLONZAN,school,10.6112333,-6.8010333
KOLOSSO [1er C],school,11.1157937,-6.5475513
KOLOSSO [2ème C],school,11.1156667,-6.54755
KOMANA ECOM,school,11.2190333,-8.4615667
KOMASSALA ECOM,school,11.1263167,-7.7448
Kombre,school,11.5776667,-7.1829167
KOMINA,school,10.6174167,-7.1570167
KOMISSANA,school,11.0660833,-8.61345
KOMISSANA MEDERSA,school,11.0660833,-8.61345
KONA -BADANI (ECOM),school,10.2609167,-7.0158333
KONA ECOM(GARALO),school,10.8103,-7.36275
KONA MEDERSA,school,11.2471833,-8.3545667
KONA PU,school,11.2471833,-8.3545667
KONDJI,school,11.4987667,-6.738
KONDJIGUILA ECOM,school,11.6344667,-8.2421167
KONE KORO SIDIBE [1er C] Soloba,school,11.2022833,-8.4522167
KONFRA ECOM,school,10.4949333,-8.2148833
KONGO,school,11.2011333,-7.1779333
KONI [1er C],school,10.9308667,-6.39345
KONI [2ème C],school,10.9311827,-6.3934876
KONNA,school,11.11175,-7.09445
KONNA,school,10.2327667,-7.1022833
KONOKO BOUGOUMBALA,school,11.5880667,-7.6392333
KONZA,school,11.4572833,-7.0030667
KONZA [2ème C],school,11.4569994,-7.0029916
KORA ECOM,school,10.73235,-7.3851667
KOROBALA,school,11.3252833,-6.9371333
KOROFERELA,school,11.5937667,-6.7378167
KOROKORO,school,11.3942833,-6.6425167
KORONI,school,11.15215,-7.0288833
KOROSSINA,school,11.38795,-6.5708667
KOROSSO,school,11.4783167,-7.3425833
KOSSIALA ECOM,school,10.6014167,-8.2365667
KOTIE ECOM,school,11.0472833,-7.3916667
KOTING ECOM,school,11.8087833,-6.9311167
KOTLA,school,10.4770333,-6.8062667
Kouale,school,11.401878,-7.0217431
Kouale [2ème C],school,11.4020095,-7.0216921
KOUEN,school,11.0231,-6.74135
KOUMA DJOBO,school,11.4972667,-6.9765
Koumantou [1er C] A,school,11.4081828,-6.8488394
Koumantou [1er C] B,school,11.4085509,-6.8487536
Koumantou [1er C] C,school,11.4083366,-6.8488327
Koumantou[2ème C] A,school,11.4082893,-6.848822
Koumantou [2ème C] B,school,11.4081381,-6.8488555
Koumantou [2ème C] C,school,11.4084536,-6.8487697
KOUMBALA ECOM,school,10.7122333,-8.1992667
KOUNTIO,school,10.7488833,-6.5840333
KOUROUKO,school,10.4456333,-7.32695
Koury,school,11.3419,-7.2370167
LAICORO ECOM,school,10.98925,-8.2580833
LAMININA (ECOM),school,11.2019833,-7.774
LAMININA MEDERSA,school,11.2019833,-7.774
École de Lasso,school,11.9029171,-7.4235617
LEKORO-MADINA,school,10.4944167,-7.5826333
LEMOUROUTOUMOU,school,10.4970667,-7.5331333
LENA [1er C],school,11.6225,-8.0924
LINFRA ECOM,school,10.9595833,-7.7769667
LONTOLA,school,11.0699167,-8.0567167
MAAHAD IMAM MALICK KALANA [1er C],school,10.7842833,-8.1933667
MADINA DIASSA [2ème C],school,10.82245,-7.7373
MADINACOUN,school,11.4358,-8.4316167
MADINADIOU ECOM,school,11.4358167,-8.4876667
École Madouba Traore de Kondo,school,11.7769119,-7.4244628
MAFELE,school,11.0254,-7.0215833
MAFELE,school,10.5560667,-7.5306333
MAFELE [2ème C],school,10.5560667,-7.5306333
Mafèlè ECOM,school,10.9382833,-7.1491167
MAFELENI [1er C],school,11.5834167,-8.0245333
MAGADALA ECOM,school,11.1252833,-7.90035
MAGNAMBALA MEDERSA,school,11.23309,-7.70562
MAKANA,school,11.6707,-7.7769333
MAKANA,school,11.1979,-6.7205333
Mamissa,school,11.4866106,-7.2407592
MAMISSALA ECOM,school,11.5997167,-7.4667667
École primaire de Manankoro,school,10.4605176,-7.4477607
École secondaire de Manankoro,school,10.460453,-7.4476091
MANDE SIDIBE Djéguénina [1er C],school,11.2146833,-7.9796333
MANDEBALA ECOM,school,10.6926333,-8.2547
MANTAGALA,school,11.1939,-7.0262333
MARIBOUGOU [1er C],school,10.9361333,-6.2902333
MARKEZOU ISLAM BALANFINA,school,11.0644,-7.8876167
MASSABLA [1er C],school,11.488071,-7.4449332
MASSABLACOURA [1er C] A,school,11.42195,-7.4702
MASSABLACOURA [2ème C] C,school,11.4219592,-7.4701886
MASSABLACOURA [1er C] B,school,11.4219625,-7.470202
MASSAKOROBOUGOU,school,11.68715,-7.8618333
MASSALA [1er C],school,11.2308833,-6.9681667
MASSALA [2ème C],school,11.2308833,-6.9681667
MASSAMAKANA [1er C],school,11.1030833,-7.0520833
MASSAMAKANA [2ème C],school,11.1030833,-7.0520833
MAYALA [1er C],school,11.1873667,-7.4412833
MED. COM. N'PAGNALA,school,10.7962167,-7.3316
Meders Djélé,school,11.7474167,-6.5776833
MEDERSA BADA,school,10.6648,-8.0662333
MEDERSA BADOGO,school,11.0325833,-8.2144333
MEDERSA BALENA-COURA,school,11.2333333,-7.9289667
MEDERSA BANDIOUGOUFARA,school,11.2207167,-8.3583667
MEDERSA BEMBOUGOU,school,11.0631167,-7.83525
MEDERSA BOUGOULA,school,11.5422501,-7.8421523
MEDERSA BOUNA TIEFALA,school,11.4458944,-6.6571427
MEDERSA BOUNOUKO,school,11.1899,-8.03145
MEDERSA BOURAKALA II,school,11.0306667,-7.75885
Medersa Bozola,school,11.6386333,-8.1959333
MEDERSA CHECK MOUHAMED TOURE KOLONI,school,11.0390333,-7.7616167
MEDERSA COM TIEFALA,school,11.4459285,-6.6570984
Medersa Communautaire de Kola,school,11.5660829,-6.8869511
MEDERSA communautaire ZANTOGOLA,school,11.6183616,-7.1860431
MEDERSA DABARAN,school,10.6981167,-8.1049833
MEDERSA DALAGOUE,school,10.7212167,-8.2434833
MEDERSA DAOLILA,school,10.7569043,-8.2419511
MEDERSA DAOUDA KOUYATE de SOLO,school,11.7094279,-7.6936419
MEDERSA DAOUDA KOUYATE de SOLO,school,11.7094167,-7.69365
MEDERSA DAR EL HADISS de GOUNA,school,10.8876,-7.8556833
MEDERSA DAR HADIS BANCOUMANA,school,11.3099,-8.2771167
MEDERSA DAR HADISS de BOMBALA,school,11.1873667,-7.4412833
MEDERSA de BAMBALA,school,11.4011167,-8.31195
MEDERSA de BOUGOULA TIEMALA,school,11.1523,-7.4966
MEDERSA de GNIMISSILA,school,11.1735,-7.5746667
Medersa de Nani,school,11.7523468,-7.3619297
MEDERSA de NIAKARAKO,school,11.0325833,-8.2144333
MEDERSA de SEKOU,school,11.1391,-8.3134
MEDERSA DIALAFARA,school,11.1736,-8.3033833
MEDERSA DIALANIKORO,school,11.2815184,-7.0988957
MEDERSA DOGOBALA,school,11.2774333,-7.4395667
MEDERSA FABOULA,school,10.8271333,-8.2166167
MEDERSA FALAHATOU BOUNDIOBA,school,11.0412167,-6.9835167
MEDERSA FANA,school,10.9124,-7.0493667
MEDERSA FARABA-KORO,school,11.5961,-8.33555
MEDERSA FARADIE TIEMALA,school,11.2775859,-7.4395533
MEDERSA FARAGOUARAN,school,11.3133377,-7.7774899
MEDERSA FERELA,school,10.7246833,-7.8613167
MEDERSA FOUGAMANA,school,11.0993,-8.3130833
MEDERSA GOUALALA,school,11.2999167,-8.1647167
MEDERSA GOUAMA-TIEFINA,school,10.7252,-8.0269
MEDERSA GOUENSO,school,11.2999167,-8.1647167
MEDERSA GUELEKETIGUILA,school,10.7892,-7.8413833
MEDERSA IRFANE TIEKOUMALA,school,10.8851833,-7.3824833
MEDERSA KABAYA DJING,school,11.1144,-8.5567167
MEDERSA KABAYA KÔKÔ,school,11.1144,-8.5567167
MEDERSA KANDJIRILA,school,10.8884,-7.9089667
MEDERSA KANKELENA,school,11.40445,-7.8570333
MEDERSA KANKOU MOUSA de DEGNE,school,11.2774333,-7.4395667
MEDERSA KOLOGO,school,11.1338667,-6.8411667
MEDERSA NAHADJOU FALAHI de FLOLA,school,11.4201333,-7.64265
MEDERSA NALLA,school,10.7726167,-8.0514167
MEDERSA N'GANALA,school,11.34415,-7.5198167
MEDERSA NIAZANA,school,11.54441,-7.39962
MEDERSA NOURLI HAYATI WALFALAHI de Sido,school,11.6680812,-7.599182
MEDERSA SABIL HOUDAYA de LENA,school,11.6225,-8.0924
Medersa Sabili Nouri Al Islamique Irimana,school,11.0920158,-7.605706
Medersa sabilou Nadjahi Finkoua,school,11.6809114,-6.9322215
MEDERSA SIRAKORO,school,11.0183167,-8.6435833
MEDERSA TABACO,school,10.9822167,-8.0083833
MEDERSA TAOUHID OUAKORO,school,10.9098333,-6.7196667
MEDERSA TEKELINDOUGOU,school,11.1722,-8.49445
MEDERSA TENKO,school,11.551334,-6.7824902
Medersa_ Toul Falahi Kouale,school,11.4016098,-7.0217672
MEDERSA TOUL ISLAMIA MAFELE,school,11.2953333,-7.9442167
MEDERSA WASSADA,school,11.0565667,-8.08975
MEDERSA ZAMANA,school,10.9257167,-8.1202833
MEDERSA ZAN,school,10.9094167,-7.02005
MEDINE [2ème C] A,school,11.4195467,-7.4842625
MEDINE [2ème C] B,school,11.4195303,-7.4842853
MEDINE A,school,11.4195566,-7.4843034
MEDINE B,school,11.4195395,-7.4843061
MEDINE [1er C] C,school,11.4195658,-7.4842652
MENA,school,11.4017492,-7.0217618
MENA [1er C],school,11.2518833,-6.7859
MENA [2ème C],school,11.2518833,-6.7859
MESERSA DAROUL HADIS (FARAKO),school,10.8301667,-6.8472
MEZANGA,school,10.4743667,-7.2582667
MGR LUC AUGUSTE SANGARE BANANTOUMOU [1er C],school,11.7390333,-7.6943
MGR LUC AUGUSTE SANGARE BANANTOUMOU [2ème C],school,11.7390193,-7.6942972
MIDIA DIARRA de NIARAKO,school,11.254063,-7.7294228
MINOGOBOUGOU,school,11.0005833,-6.6861833
MISSALA (N'Golodiana),school,11.0293333,-7.1034667
MISSALA ECOM,school,11.2308833,-6.9681667
MISSILAN GOUNA ECOM,school,10.4612667,-7.6576
École Mohamed Balla Niambele de Dogo,school,11.8886309,-7.3321795
MONZONDOUGOU-KOLONI,school,11.2986979,-7.1899704
MORIBALA ECOM,school,11.3391667,-8.2302333
École communitaire de Moribougou,school,11.7713994,-7.5048903
MORIFINA MEDERSA,school,11.0951333,-7.9346833
Morifing Sangaré de Kologo [1er C],school,11.0923132,-7.6057677
MORILA ECOM,school,11.6569167,-6.8588667
Morobougou,school,11.0920256,-7.6054072
MOROLA ECOM,school,10.9455667,-8.0758
École Moussa Blen Traore de Niako,school,11.8237704,-7.4984571
École Moussa Mah Niambele de Tintala,school,11.8276505,-7.3108329
MOUSSA SAMAKE de MAGNAMBALA,school,11.2330121,-7.7052014
MOUSSA SAMAKE MAGNAMBALA CLASSIQUE,school,11.23309,-7.70562
M'PIAKALA [1er C],school,11.2693333,-7.36905
MPIEBOUGOULA,school,11.60725,-6.8383333
MPIEDIANA,school,11.13,-6.849
MPIEDOUGOULA,school,11.2361167,-6.7716833
M'PIENA ECOM,school,11.2549667,-7.4404333
NAAKORO SAMAKE de SANSOLA,school,11.2510333,-7.4634333
NALLA PUBLIC,school,10.7726167,-8.0514167
NANGALASSO [1er C],school,10.8746,-6.3189
NANGALASSO [2ème C],school,10.8746,-6.3189
NANSALA [1er C],school,11.6577167,-7.8746667
NAOUENA,school,10.47875,-7.1390333
NAREMBOUGOU,school,10.6507333,-7.5568333
NEGUELA,school,11.2540333,-6.4978333
Neguela Ecom,school,11.2487167,-7.3007667
NENEDIANA [1er C],school,10.4878,-8.0983
NEREKORO,school,11.61115,-6.7815667
NERIKO,school,11.18595,-6.9241833
N'GANALA ECOM,school,11.34415,-7.5198167
N'GODIARALA,school,10.7639833,-7.0255
NGOKILA,school,10.7452,-6.9937833
NGOLA,school,11.65775,-6.9071333
NGOLA,school,11.1648167,-7.0671667
N'GOLOBALA,school,10.6480167,-7.29855
N'GOLOBALA,school,11.1411667,-6.9222167
N'GOLOLA,school,11.0564333,-6.5873667
N'Gouako Ecom,school,11.0910483,-7.4941333
N'GOUFIEN,school,10.71045,-6.3228167
NIAGALE ECOM,school,11.0513,-7.2296833
NIAKARAKO ECOM,school,11.0970333,-8.2787333
NIAKOBOUGOU [1er C],school,11.71535,-7.5435667
NIAKONI PU,school,11.18795,-7.8027833
NIAKONI ECOM,school,11.18795,-7.8027833
NIAKONI MEDERSA,school,11.18795,-7.8027833
Niakourazana [1er C],school,11.2472167,-6.6609833
Niakourazana[2ème C],school,11.2472904,-6.6609753
NIALA,school,10.8276,-6.3106
NIALEBOUGOU,school,10.97345,-6.3051167
NIAMALA,school,11.5189192,-6.6999598
NIAMALA (FARAKO),school,10.8,-6.954
NIAMALA (KOLONDIEBA),school,11.1558333,-6.9988
NIAMALA [2ème C],school,11.5187563,-6.6999866
NIAMOU,school,10.9524833,-7.0380167
NIANZANA,school,11.2510333,-7.4634333
NIEME MEDERSA,school,10.9221833,-7.9219333
NIESSOUMALA [1er C],school,10.6003,-8.2082333
NIESSOUMALA [2ème C],school,10.6003,-8.2082333
NIKAMALA,school,10.67365,-7.2085167
NIOGUEBOUGOULA PU,school,10.77865,-7.9319667
NIOMASSALA ECOM,school,11.02995,-7.7614833
NKEMENE ECOM,school,11.265768,-7.8795
N'KEMENE MEDERSA,school,11.2658917,-7.8794946
N'KREFIANA,school,11.2666667,-7.1163667
NOUNFRA,school,10.8699333,-8.2207
NOUR AL IMANNE YORONTIENA,school,10.8734333,-8.0009333
NOUR BOHI,school,11.3236727,-7.080692
NOUR FAKOLA,school,10.4948333,-6.8629833
NOUSSAMNA PU,school,11.1568,-8.2621667
N'TENA [1er C],school,11.7984167,-7.8189
N'TENA MEDERSA,school,11.7984167,-7.8189
N'TENKELENI ECOM,school,11.6481667,-7.9582
N'TENKOLE [1er C],school,11.6611333,-7.5276
NTENTOU,school,11.3489667,-7.72465
École de N'Tibabougou,school,11.9903351,-7.4560922
N'TIOBALA ECOM,school,11.1110833,-7.1366333
N'TIOBALA PUBLIC,school,11.1110833,-7.1366333
NTIOFINA,school,10.9382833,-7.1491167
N'TIOLA,school,11.8254667,-6.9802833
N'TIONDOUGOU KOLONI,school,11.0513,-7.2296833
N'TIONSALA ECOM,school,11.5136,-6.5878
N'tiotiebougou,school,11.5172667,-7.102
NTJIBALA ECOM,school,11.7074,-6.6303833
N'TJIKOUABOUGOU,school,10.9612,-6.31245
N'TJIKOUNA,school,11.0684833,-6.5447667
N'TJILA SANSO,school,11.7897167,-6.8233
N'tjila-Maro,school,11.53625,-6.6247
N'TJININA [1er C],school,11.1658167,-6.7238
NTOMINA,school,11.1483,-6.9656167
NTOMOGOLA ECOM,school,11.0928,-7.8448167
N'TOUNTOUROULA,school,11.2079,-7.0620333
OUAKORO,school,10.9098333,-6.7196667
OUARAKANA,school,10.97865,-6.4960667
OUENA-SOKORO,school,11.0334667,-7.3227333
OUOBLE [1er C],school,10.8702375,-6.3718779
OUOBLE [2ème C],school,10.8705588,-6.3718887
OURE [1er C],school,11.8813833,-7.7096167
OURE [2ème C],school,11.8813833,-7.7096167
OUROUMPANA [2ème C],school,10.8801833,-7.1561833
OUROUN [1er C],school,11.70755,-7.9167833
OUROUN [2ème C],school,11.70755,-7.9167833
PAGNALA ECOM,school,10.7962167,-7.3316
École privée LE PROGRES de YANFOLILA,school,11.177222,-8.1593124
SABIL FALAHA 'TENKO',school,11.1074833,-7.0151
SABIL HOUDA de DALABALA,school,11.6401031,-8.1786984
SABIL HOUDAH (KEBILA),school,11.2743572,-7.0427421
SABIL NADJAH KISSA,school,10.9193333,-6.8926
SABIL RACHAD MASSAMAKANA,school,11.1030833,-7.0520833
SABIL SALAM NIOGUEBOUGOULA,school,10.77865,-7.9319667
SABILOUL HOUDA de SIEKOROLE,school,11.3229,-8.26025
SADJOUROULA ECOM,school,10.6322167,-8.22785
SAGOUANA ECOM,school,11.7566167,-7.5137833
SAKAFATOU AL ISLAMIA TABACORO,school,11.4283833,-6.7823
SALAM KARA,school,11.2997833,-6.7071
SAMAKO,school,11.1018,-6.6561333
SAMBA,school,11.3030333,-7.0255167
SAMERILA ECOM,school,10.6086833,-8.2635833
SANANA ECOM,school,11.09255,-7.95625
SANANA MEDERSA,school,11.09255,-7.95625
SANANKORO,school,10.9600833,-6.7207333
SANANKOROBA ECOM,school,11.4354667,-8.22375
SANANKOUROUNI,school,10.5985833,-7.4803
SANANKOUROUNI [2ème C]ycle,school,10.5985833,-7.4803
SANGAREDJING MEDERSA,school,11.4149362,-8.3664211
SANGAREDJING PU,school,11.41491,-8.36642
Sanso [1er C],school,11.712137,-6.856756
Sanso [2ème C]ycle,school,11.712221,-6.8567694
SANTIENI,school,10.62855,-7.0519167
SASSILA,school,10.9513333,-6.6361333
SATIGUILA ECOM,school,10.7724333,-8.2889333
SEBETOMO,school,11.3492667,-7.8811833
SEBLE,school,10.8893667,-6.4600833
SEDOUGOU-TJILA,school,11.50005,-6.8759
SEDYIDINA BILAL OURE,school,11.3638056,-7.3412352
SEKANA,school,11.28,-6.88205
SEKOU [1er C]ycle,school,11.1391,-8.3134
SELINGUE [1er C] A,school,11.6419232,-8.243447
SELINGUE [1er C] B,school,11.6419232,-8.243447
SELINGUE [1er C] C,school,11.6419232,-8.243447
SENA,school,10.9868667,-7.3305167
École communitaire de Sena,school,11.9676386,-7.3790224
SERIBA BAGAYOKO de DIADOUBALA,school,11.4404667,-7.9523667
SERIBA SOULEY SIDIBE DIARRANI [2ème C] PU,school,11.2692667,-8.2934667
SERIBADIAMBOUGOU,school,11.4471167,-7.8665333
SIALA,school,10.8001667,-6.5014
SIANA ECOM,school,10.6902333,-6.91245
SIBIRILA ECOM,school,11.4265081,-7.7701487
SIBIRILA MEDERSA,school,11.4264305,-7.7698505
Sidio Ecom,school,11.4786167,-7.1492833
SIDIOLE ECOM,school,11.2878,-7.5681333
SIEKOROLE [2ème C],school,11.3229,-8.26025
SIELE,school,10.5214,-7.5890833
SIELE MANFOUALA ECOM,school,10.5214,-7.5890833
SIEMBOUGOU,school,11.8292261,-7.7206686
SIENRE,school,10.97275,-7.526
Sienrou,school,11.05925,-7.4647667
SIKORO,school,10.7837,-6.56535
SILAMANA,school,11.6226833,-6.7414167
SIMI BOA,school,10.5741,-7.7141167
SIMPIA,school,10.8674333,-7.1469333
SINDO ECOM,school,11.2714833,-8.2321167
SINSIMBA,school,11.3360845,-7.1337681
Sinsin Pc,school,11.6800333,-6.7645
SINZENI,school,11.0680667,-7.0452833
SIOBOUGOU,school,11.45285,-6.7053667
École communitaire de Siokoro,school,11.8665401,-7.4280187
SIOLA,school,11.5956,-6.6620333
SIRAKORO ECOM,school,10.2818667,-7.1320667
SIRAKORO PU,school,10.8181333,-8.0614667
SIRAKOROBLE,school,10.7985167,-7.4388333
École Siraman Niambele de Manankorola,school,11.8765833,-7.3494251
SIRANTJILA,school,11.1441413,-7.4541873
Siratogo,school,11.583198,-7.538894
SIRIMANA ECOM,school,11.2878,-7.5681333
SITIN,school,11.0491667,-6.944
SOCOURANI (TIONGUI),school,10.7565833,-6.4300333
SOCOURANI ECOM (FAKOLA),school,10.4487333,-6.9296167
SOCOURANI PUBLIC,school,10.4487333,-6.9296167
SODALA ECOM,school,11.3414167,-8.1330833
Sodioula,school,11.3175167,-6.7242667
SOGOLA,school,11.3652333,-7.5821167
SOGOLA [2ème C],school,11.3652333,-7.5821167
SOKELA,school,11.6347833,-6.9090833
SOKOLO,school,10.9357167,-6.9795
SOKOLONDIE,school,11.0167833,-6.5973833
SOKONI ECOM,school,11.6130167,-7.4275333
SOLA-BOUGOUDA,school,10.7440167,-7.5766667
Ecole de Sola,school,11.3073889,-7.3222537
SOLE,school,11.7903833,-6.9011833
SOLENKORO [1er C]ycle,school,11.3703,-8.23165
SOLIBA ECOM,school,10.4739667,-7.3806
SOLINKORO ECOM,school,11.3703,-8.23165
SOLO [1er C],school,11.58315,-7.5389
SOLOBA [2ème C],school,11.2022833,-8.4522167
SOLOMANINA [1er C],school,10.7034167,-8.20295
SOLOMANINA [2ème C]YCLE,school,10.7034167,-8.20295
SOLOMANINA MEDERSA,school,10.7034167,-8.20295
SOLONA [1er C] Public,school,11.3414167,-8.1330833
SOLONA ECOM,school,11.3414167,-8.1330833
SOROMANA,school,10.71063,-6.42993
SOROMBA,school,10.67365,-7.2085167
SORON [1er C],school,11.26705,-7.8183333
SORON TIEMALA,school,11.26915,-7.5926167
SORONA,school,11.4267167,-7.0469667
SORONA (GARALO),school,10.9146167,-7.4776667
SORONI,school,10.8537167,-7.2112167
SORONKO,school,10.66215,-6.8065
SORONNI ECOM,school,11.26915,-7.5926167
SOULOUBA,school,11.7792833,-7.75165
SOUMANDIECORO TRAORE de SEMANA,school,11.8494667,-7.5927333
SOUMAYA,school,11.7787586,-7.9651542
SOUMBA,school,11.00665,-6.4459333
SOUNKALA,school,10.8663667,-7.2737833
SOUNSOUNKORO II,school,11.8173667,-6.8424
Sountoun,school,11.2980167,-7.2309167
SOUROUKOU,school,10.7676167,-6.3248167
Taawoune Islamiyati Wogona,school,10.3165667,-7.3168833
TABACO ECOM,school,10.9822167,-8.0083833
TABACO [1er C],school,10.9822167,-8.0083833
TABACORO ECOM (DOMBA),school,11.9652667,-7.0248667
TABAKOROLE,school,10.8384167,-7.4158333
TAGAN,school,11.4687333,-8.33135
TAHFIZATOU ISLAMIATOU TIEGOUE COUROUNI,school,11.51665,-8.33725
TAIBA BANZANA,school,10.5267667,-7.25025
TAMASSE ECOM,school,10.9620333,-7.28235
TAN-HALA,school,10.9167667,-7.40585
TARBIATOU ISLAMIA de DJIMBALA,school,11.18195,-8.3361333
Tarbiyatou Sanso,school,11.7121737,-6.856764
TEBEZANA ECOM,school,11.4247,-6.7092
École de Téguéla,school,11.8546241,-7.3359833
TENEMAKANA,school,11.1105448,-6.9280789
TENINTOUMANINA ECOM,school,10.6597,-8.14135
TENKENI,school,11.5773833,-7.0868333
TENKO,school,11.1074833,-7.0151
TENKO,school,11.5512,-6.78245
THIE,school,10.7783167,-6.6429333
TIAKAMOU KOLON DIARRA de DIERA,school,11.6409667,-7.4316833
TIAMPA,school,10.8353833,-6.3734333
TIEDIOUGOUBOUGOU,school,10.8565,-6.25135
TIEDJIGUINELA,school,11.3618833,-7.8797833
TIEFAGALA,school,11.4114833,-7.6575833
TIEFALA [1er C],school,11.4458076,-6.6571668
TIEFALA [2ème C],school,11.4458595,-6.6571741
TIEFINA ECOM,school,10.7232953,-8.0260807
TIEGOUECOUROUNI ECOM,school,11.51665,-8.33725
TIEKOUMALA,school,10.8851833,-7.3824833
Tièkoumala Medersa,school,10.8851833,-7.3824833
TIEMBA MEDERSA SAAD ZIWAAZA,school,11.27255,-8.4308167
TIEMBA PU,school,11.27255,-8.4308167
TIENDAGA,school,11.0542333,-6.8447333
TIENI PU,school,11.07355,-7.8416333
TIENKAN ECOM,school,11.1665833,-8.54065
TIENKO,school,11.6398333,-7.9506333
TIENKO ECOM,school,10.93575,-7.4900667
TIENKOUA,school,10.9973667,-6.5716
TIENKOUNGO,school,11.1593667,-6.45415
TIENKOUNGOBA,school,11.4621833,-6.5761
TIENKOUNGOBA [2ème C],school,11.4621892,-6.5760778
École de Tienra,school,11.8614061,-7.3342903
TIEOULENA [1er C],school,11.1308667,-7.9507833
TIEROU [1er C],school,11.6279333,-7.7985167
TIESSANA ECOM,school,11.7968656,-7.6614871
TIGUIYA,school,11.18,-6.964
TINANKOLOMBA,school,11.6255833,-6.6931
TINTIRI,school,10.8626,-6.9663333
TINTIRI ECOM,school,10.8626,-6.9663333
TIOGOLE,school,10.79415,-6.27995
TIONGUI [1er C],school,10.7575667,-6.3841167
TIONGUI [2ème C],school,10.7575667,-6.3841167
Titiena,school,11.2847,-6.5723
TODOUGOU-KOLONDIE (PC),school,11.2196394,-7.2791973
TOGODABA,school,10.43,-6.908
TOGOYA,school,11.2115333,-6.87315
TOKOUMALA,school,10.93679,-7.00853
TOMBA [1er C],school,11.64305,-7.3892167
Tonfa-Sokoura,school,11.4063197,-7.1218812
MEDERSA de SINA,school,11.9264707,-5.3196054
ECOM LONGOROLA [1er C],school,11.36248,-5.65727
FINKOLO-ZANSO,school,11.3753833,-5.41215
BALA,school,11.9040333,-8.62725
Ecole de Bougouba,school,11.9515667,-8.12685
BALACOUNGO,school,11.9738,-8.3031333
BALANDOUGOU II,school,11.9863,-8.5136833
ECOM BAYABA,school,11.76185,-8.05295
Ecole,school,11.9641769,-7.9320729
BAKORONIDOUGOU,school,11.3930333,-5.2975667
BOUGORO,school,11.92985,-5.4339167
FILIMA,school,11.9855,-5.4264833
GOUAN,school,11.9776333,-5.3866167
KENDE ECOM,school,11.9309833,-5.3797333
KOKOSSO,school,11.9990046,-5.5001562
SERIBILA [2ème C]YCLE,school,11.9282931,-6.5314955
FAJIROUL DIADIDOU,school,11.9684511,-6.7945183
TIONTALA,school,11.9425142,-6.7433579
ZANA,school,11.8032539,-6.6040761
SAADATI [1er C],school,11.965844,-6.6537613
DIOGO,school,11.9805586,-6.5364952
KAFIGUEDENI,school,10.2180667,-6.02635
FIGUIRA - CORO [2ème C],school,11.9408927,-8.2618981
KANGABA [2ème C] B,school,11.9388833,-8.4139
KOURE,school,11.97905,-8.3353167
MEDERSA de KANGABA,school,11.9388833,-8.4139
ECOM GNINASSO,school,10.5403333,-5.70445
TORA-DIALANIKORO,school,11.3978925,-8.0547471
SANKAMA,school,11.8489333,-8.03635
TOURAKORO [2ème C],school,11.4212899,-7.998237
ECOM NIEROUANI,school,10.8328,-5.6324333
ZEGUESSO DIOURADOUGOU-KAFO,school,11.9674,-5.4718
DJIRIGOROLA,school,11.8216667,-5.6741
DIANGARELA,school,11.935417,-6.411574
KOCOUN-SEREME,school,11.8797129,-6.4668221
ECOM N'GOLOPEREBOUGOU,school,11.3467667,-6.0710833
BOUKARILA,school,11.9988448,-6.1189938
BAYARBOUGOU,school,10.9717333,-5.4920833
KAMBO ECOM,school,10.62525,-5.7983167
BANKONI,school,11.28565,-5.6629333
HAMDALLAYE A,school,11.3076752,-5.7002904
HAMDALLAYE B,school,11.3076575,-5.7003588
ECOM de ZERELA,school,11.9953333,-5.1224
BANDIERESSO ECOM,school,11.3724667,-5.3349833
BIRAMABOUGOU ECOM,school,11.2731333,-5.3118
TONFA-SOKOURA,school,11.40625,-7.1219
TORA TOMONI ECOM,school,11.3713333,-8.0408667
TORAKABOUGOU [1er C] A,school,11.4215062,-7.4903669
TORAKABOUGOU [1er C] B,school,11.4215496,-7.4903642
TORAKABOUGOU [1er C] C,school,11.4214904,-7.4903823
TORAKABOUGOU [2ème C] I,school,11.4215588,-7.4903252
TORAKABOUGOU [2ème C] II,school,11.4215259,-7.4903823
TOROKORO,school,10.7933667,-6.4697167
TOROLA,school,10.5482667,-7.16335
TORPA,school,10.6204,-6.5329167
TOUBA KONE de KOYENA,school,11.6747833,-7.4875167
TOULOMADIO,school,11.23075,-7.1155833
TOULOULA,school,11.08295,-6.4429833
TOULOUMIELA,school,11.5955,-6.87365
TOUMANI OULENA ECOM,school,10.8280833,-7.8066167
TOUMANI SIDIBE de Badogo [1er C],school,11.0325833,-8.2144333
Tuonfouga (PUBLIC),school,11.5598168,-6.692136
TOUSSEGUELA [1er C],school,11.0658501,-6.6317761
TOUSSEGUELA [2ème C],school,11.0658355,-6.6312793
TOUTIALA [1er C],school,10.9693333,-7.1014833
TOUTIALA [2ème C],school,10.9693333,-7.1014833
École primaire Tyan Zoumana Traore de Toba,school,11.8652635,-7.4565505
École sécondaire Tyan Zoumana Traore de Toba,school,11.864317,-7.4584502
WAKORO [1er C],school,10.9098333,-6.7196667
WAKORO [2ème C],school,10.9098333,-6.7196667
WARA DOUMBIA SIDO [1er C],school,11.6680845,-7.5992068
WARA DOUMBIA SIDO [2ème C],school,11.6680667,-7.5991833
WASSADA,school,11.0565667,-8.08975
WEGNAN,school,11.6046167,-6.8878667
Winkala,school,11.3182833,-6.7940667
WOLA,school,11.7372167,-6.67205
WOLA [2ème C]ycle,school,11.7372167,-6.67205
WOROGNAN,school,11.4078,-6.5873667
WOROMPANA,school,10.8284667,-6.7208167
YADJI KONE de OUROUMPANA,school,10.8801833,-7.1561833
YADJIBOUGOU ECOM,school,11.2510333,-7.4634333
YAFOLA,school,11.0197167,-6.9178167
YANFOLILA [1er C] B,school,11.1772904,-8.1593071
YANFOLILA [1er C]ycle A,school,11.1771272,-8.1593124
YANFOLILA [2ème C],school,11.1774167,-8.1592373
YEDJERY SIDIBE de FOUGATIE,school,11.1286,-8.3682833
YEKENOUMOU SAMAKE de KOKELE [2ème C],school,11.528931,-7.5365894
YEKENOUMOU SAMAKE KOKELE,school,11.5294642,-7.5366157
Yeni Ecom,school,11.7212667,-6.9277
YEREFOUNELA [1er C],school,11.73235,-7.8558667
YOROBOUGOULA [1er C],school,10.9155833,-8.0028
YOROBOUGOULA [2ème C],school,10.9155833,-8.0028
YOROLA MEDERSA,school,11.3880167,-8.2456
YORONTIENA [1er C],school,10.8734333,-8.0009333
YORONTIENA ECOM,school,10.8734333,-8.0009333
ZAMANA PU,school,10.9257167,-8.1202833
Zambala,school,11.5841,-6.79955
ZAMBOUGOU,school,11.7613,-6.8122333
ZANA,school,11.5281333,-7.0375667
ZANA,school,11.1371833,-6.5365667
ZANABALA,school,10.7570833,-7.2151333
ZANDIOUGOULA,school,11.0111833,-7.0084167
ZANDJANKORO de MAFELE,school,11.2421904,-7.916792
Zanfina,school,11.4067476,-6.798714
ZANGOUALA,school,11.14845,-6.4951333
ZANGOUNA,school,10.95945,-6.8783333
ZANINA,school,11.1776167,-6.6206167
ZANSO (ECOM),school,10.3992,-7.0004833
ZANTIEBOUGOU [1er C] A,school,11.38415,-7.2554167
ZANTIEBOUGOU [1er C] B,school,11.3840632,-7.2553832
ZANTIEBOUGOU [2ème C],school,11.3842315,-7.255414
ZANTOGOLA,school,11.6184667,-7.1860833
ZANTOUMALA,school,10.8233667,-6.8821833
ZEGUERE [1er C],school,10.5883167,-6.7343
ZEGUERE [2ème C],school,10.5883167,-6.7343
ZENA,school,10.9488833,-7.06405
Zerebougou,school,11.5690667,-6.9301243
ZIASSO,school,10.98,-6.11
ZOHA,school,10.7089833,-6.9441167
ALWAYE EL ISLAM [1er C],school,11.8609536,-6.7676158
ALWAYE EL ISLAM [2ème C],school,11.8609911,-6.7675299
ANçARDINE de MASSIGUI,school,11.8618923,-6.7722667
BABA,school,11.8139183,-6.6251636
BALANDOUGOU I,school,11.6941333,-8.3809667
BALANZAN,school,11.8319,-8.55545
BALANZAN [2ème C],school,11.8319,-8.55545
BANANCORO [1er C],school,11.717234,-8.6743477
BENECO,school,11.9558833,-7.7918333
BENECO [2ème C],school,11.9558833,-7.7918333
BIBA,school,11.8739194,-6.6871495
communautaire de MANALO,school,11.9773907,-8.6255701
DAMBALA,school,11.9368667,-8.4051333
DANGA ([1er C]),school,11.6891659,-8.6944032
DANGA [2ème C],school,11.6892651,-8.6940292
DANGA-CORO,school,11.83905,-8.4217667
DEGUELA,school,11.9871333,-8.39795
DEGUELA [2ème C]YCLE,school,11.9871333,-8.39795
DEGUELA MEDERSA,school,11.9871333,-8.39795
Dioulafoundo,school,11.6423379,-8.7518515
DJOUGOUNA,school,11.9455612,-6.5686602
École fondamentale de BENECO,school,11.9558833,-7.7918333
ECOM BAGAYOGOBOUGOU,school,11.9776,-7.7526833
ECOM BOMBOYA,school,11.9219167,-7.9514333
ECOM CONZE,school,11.8889505,-6.9810177
ECOM DAGABO,school,11.9664,-8.0549
ECOM DENFARA,school,11.9871,-7.8213167
ECOM DIANIKORO DJITOUMOU,school,11.9644333,-7.7121167
ECOM DJEMENE,school,11.8490333,-7.9332833
ECOM FARANI DJITOUMOU,school,11.9429333,-7.7498
ECOM GOUANDIAN,school,11.9995333,-7.6393333
ECOM KAMANEGUELA,school,11.7134015,-8.1233469
ECOM KINIEDA,school,11.8391833,-8.5007167
ECOM KOLENA,school,11.96345,-7.7781667
ECOM MANIAKA,school,11.7433678,-8.1206012
ECOM NENEKO,school,11.7749333,-8.0974333
ECOM OUELESSEBOUGOU,school,11.9890833,-7.918
ECOM SANKAMA,school,11.8489333,-8.03635
ECOM SIMAN,school,11.8433,-8.1487833
ECOM SIRAMANA,school,11.7758667,-8.1244833
ECOM SOTIGUILA-BOUGOUNI,school,11.9654833,-7.6293
FALLA,school,11.867997,-6.7255373
FALLA MEDERSA,school,11.8695044,-6.7146743
FANZAN,school,11.7084833,-8.2313333
FARADA,school,11.85185,-8.5662333
FARAGOUAGNA,school,11.79275,-8.4848667
FARAKO,school,11.9011331,-6.8352503
FATIHOUDINE de KANTELABOUGOU,school,11.9684511,-6.7945183
Ecole de Ferekoroba,school,11.9535333,-7.8645
FIGUIRA - TOMO [2ème C],school,11.9318,-8.3576333
FIGUIRA-CORO [1er C]ycle,school,11.9408964,-8.2618931
FIGUIRA-TOMO,school,11.9318,-8.3576333
FISSABA,school,11.9230628,-6.7027868
SERIBILA,school,11.9282931,-6.5314955
SERIMAMBOUGOU,school,11.8840527,-6.8002046
SERIMAMBOUGOU,school,11.9726159,-7.6963135
SIRAMANA [2ème C],school,11.7758667,-8.1244833
SOMBO,school,11.7687167,-8.6425
SOUNSOUNKORO,school,11.9300667,-7.9041167
Ecole,school,11.9291802,-7.9013278
TAMBALA,school,11.8647035,-8.6075903
TEGUE MEDERSA,school,11.79485,-8.5951833
TIAKADOUGOU DIALAKORO,school,11.7141333,-8.1614667
TIAKADOUGOU DIALAKORO [2ème C],school,11.7141333,-8.1614667
TIAKADOUGOU-FARABA [2ème C],school,11.9045167,-8.1474667
TIEMOKOLA,school,11.9566833,-8.1407667
TINFARA,school,11.9854667,-8.576
MIZONSO,school,11.87825,-5.3014167
SAO,school,11.9452667,-5.4137
SINA,school,11.9261164,-5.319608
SINA MAGNONA,school,11.92635,-5.3196
TIÈRÈ,school,11.8994424,-5.4059973
TIERE [2ème C],school,11.8993124,-5.406004
ASSALAM ZAMIASSO [1er C],school,11.5954497,-6.2102101
ASSALAM ZAMIASSO [2ème C],school,11.5954059,-6.2101968
Babemba,school,11.3332667,-5.6983346
BADABALA,school,11.3184,-5.75383
BADIANA,school,11.2334833,-6.3083333
BAMADOUGOU,school,11.4253667,-5.5693833
BAMBOUGOU [1er C],school,11.4828,-5.3340333
BILASSO,school,10.9276,-5.5819833
BLENDIO [1er C],school,11.6143997,-6.3464752
BLENDIO [2ème C],school,11.614384,-6.3464752
BLENDIONI,school,11.8607333,-6.2122333
BOLIBANA ECOM,school,11.7515,-5.4246833
BORIONI,school,10.71145,-5.72495
BORO,school,11.71015,-6.0072
BOROKOBA,school,10.6886167,-5.7578333
BOUASSA,school,11.3769667,-6.3484
BOUGOULA HAMEAU,school,11.3448,-5.77238
BOUGOULA HAMEAU,school,11.3448,-5.77238
BOUGOULABA,school,11.5539794,-6.508582
BOUNA,school,11.7043333,-5.4540667
CAMP TIEBA,school,11.31293,-5.7032236
ECOM NIANGASSONI,school,11.37964,-5.70161
ECOM NIELEPEBOUGOU,school,11.011,-5.5311
ECOM POUROU,school,10.5744667,-5.7158333
ECOM SOKOURANI,school,10.5188,-5.6925833
ECOM ZANGABOUGOU,school,11.0187667,-5.5132167
ECOM ZANKOUNDOUGOU,school,10.56915,-5.8861
EL HILAL ZEGOUA,school,10.4889851,-5.6528454
FACHORIBOUGOU,school,11.1261333,-5.6094
FACOCOUROU,school,10.6755167,-5.5473167
FADABOUGOU,school,11.79365,-6.2041
FAMA I B,school,11.5247833,-5.6915667
FAMA I PC A,school,11.5247833,-5.6915667
FAMA II,school,11.5247833,-5.6915667
Unnamed School,school,10.6026,-5.6249333
FANIDIAMA [2ème C]YCLE,school,10.6026,-5.6249333
Faniena,school,11.6356333,-6.0129167
FEKOUNA,school,11.0449667,-6.1854667
Fenabougou,school,11.4528667,-6.43895
FIMA,school,10.7105833,-5.87465
FINIMBOUGOU,school,11.1953167,-5.5077
FINKOLO,school,10.5730667,-6.1352
FINKOLO GANA [1er C],school,11.22845,-6.1997
FINKOLO GANA [1er C],school,11.22845,-6.1997
FINKOLO GANADOUGOU [2ème C],school,11.22845,-6.1997
FINKOLO-SIKASSO [2ème C],school,11.2657333,-5.5164333
FLANZAMBOUGOU,school,11.27276,-5.57356
FLANZAMBOUGOU [2ème C],school,11.27276,-5.57356
FOKOGNOUMA DIASSA,school,11.26482,-5.27005
fondamentale de KAFELA,school,11.3366782,-5.7173102
FOUGANI,school,11.54535,-6.5601
FOUGUELE,school,10.5403833,-6.0738167
FOUNTERE DIASSA,school,11.2753167,-5.7913667
FOUROU 'A',school,10.7435574,-6.1441788
FOUROU [1er C]. C,school,10.7437498,-6.1443022
FOUROU [2ème C] A,school,10.7436799,-6.1442874
FOUROU 'B',school,10.7436035,-6.1442163
franco-arabe KOUGNAN,school,11.6116667,-6.5169333
FRATERNITE,school,10.5575107,-5.7576985
FRATERNITE KADIOLO,school,10.5572695,-5.7578165
GAGNEBOUGOU,school,11.1701333,-5.5663667
GALAMAKOUROU,school,10.6758333,-6.1512167
GANADIASSA ECOM,school,11.34,-5.37
GLADIE,school,11.1120333,-6.3012
GONA,school,11.8228667,-6.3904333
GOUENE,school,10.67085,-5.9802667
HAMDALLAYE [2ème C] II,school,11.3075772,-5.7003601
HAMDALLAYE [2ème C] I,school,11.3076345,-5.7003159
HAMDALLAYE C,school,11.307616,-5.7003373
KABALAN,school,11.74445,-6.2120833
KABALAN MEDERSA,school,11.74445,-6.2120833
KABALE ECOM,school,11.7181667,-5.3038167
KADIAMBOUGOU ECOM,school,10.8920833,-5.4565833
KADIOLO [2ème C] 'A',school,10.5574132,-5.7576783
KADIOLO [2ème C] B,school,10.557342,-5.7577709
KADJILLA,school,11.0336333,-6.28245
KAFANA [1er C],school,11.5112833,-6.1372333
KAFANA [2ème C] A,school,11.5112833,-6.1372333
KAFANA [2ème C] B,school,11.5112833,-6.1372333
KAFIGUEBA,school,10.4312,-6.1161167
KAFOUZIELA,school,11.4279333,-5.6127667
KAÏ,school,10.9684167,-5.6958
KAÏ [2ème C],school,10.9684167,-5.6958
KALE,school,10.3758167,-5.90955
KALIBENE,school,10.64745,-5.6110333
KALIFABOUGOU,school,11.2769167,-6.2348833
KAMBERGUE,school,10.62645,-6.06305
KANKARANA,school,11.4517667,-6.1339167
KANKONOMA I,school,10.70015,-5.6797
KANKONOMA II,school,10.70015,-5.6797
KANKROUGOU ECOM,school,10.4547957,-5.7595473
KAPAGA,school,10.4752,-5.58896
KAPALA [1er C],school,11.1178,-5.7204833
KAPALA [2ème C],school,11.1178,-5.7204833
KAPELEGUE,school,10.3113167,-6.0285167
KARAGOUAN,school,10.42115,-5.87395
KARANGASSO [1er C],school,11.46185,-6.2658333
KARANGASSO [2ème C]ycle,school,11.46185,-6.2658333
KARDIASSO,school,10.9743833,-5.7467
KASSOUMBOUGOU,school,11.5467167,-6.3457167
KATELE,school,10.63155,-5.6166833
KATIELE,school,10.2641,-6.0234
KATIOLONI,school,10.4811667,-5.71555
KATOGOLA,school,10.87435,-5.5911833
KATOGOTA,school,10.90005,-5.55945
KATON,school,10.59955,-5.90825
KEBENI,school,10.6852167,-5.5504333
KEBENI [2ème C],school,10.6852167,-5.5504333
KEBENI-MISSENI,school,10.2597667,-6.1231667
KEMOGOLA,school,11.6657667,-6.4528
KEREMEKORO,school,11.8071,-6.0328333
KEREMENA,school,11.49485,-6.1453333
KIGNAN [2ème C],school,11.8526833,-6.0135333
KIGNAN I A,school,11.8526833,-6.0135333
KIGNAN I B,school,11.8526833,-6.0135333
KOBINA,school,11.1875833,-6.4072333
KODIALANIDA,school,11.4234333,-5.7268167
KOGODONI,school,11.0908167,-5.53975
KOKOUNA,school,11.2239,-6.26955
KOMORO,school,10.78785,-5.6828833
KONA,school,11.6205833,-6.2853167
KONI ECOM,school,11.4744,-5.26425
KONONA,school,11.7618167,-6.3283167
KONTAMBOUGOU,school,11.1786667,-5.6728667
KONY,school,11.8027333,-5.4111167
KONZANSO DIOULA,school,11.35477,-5.64215
KOREDOUGOU,school,10.5064833,-5.5843333
KOROKOUNDOUGOU,school,10.5541,-5.9891167
KOROLA [1er C],school,11.7170667,-6.42525
KOUGNAN,school,11.6116667,-6.5169333
KOULOU,school,11.6222,-6.4589
KOULOUPENEBOUGOU ECOM,school,11.7445,-6.1277333
KOULOUSSONDOUGOU,school,11.38822,-5.65548
KOUMBALA,school,11.94005,-5.6141167
KOUMBALA ECOM A,school,11.7154167,-5.4223333
KOUNGOBA MEDERSA DARO ADIS,school,11.6043533,-6.435151
KOUNTJILLA,school,11.4905,-6.3745167
KOURA,school,10.7371667,-5.4782
KOUROUMASSO,school,11.5283833,-5.6114167
KOUTIENEBOUGOU,school,11.3187167,-6.1869333
L.F.ZIASSO,school,10.9840667,-6.10985
SANOUBOUGOU [1er C],school,11.3077,-5.6593667
MEDERSA DAROUCHA FAKATI WALIMAN de MISSENI,school,10.3164333,-6.0767833
SIEME,school,10.2815833,-5.9882667
NIMBOUGOU [2ème C],school,10.8566,-5.5057667
N'GOLOPEREBOUGOU,school,11.3467667,-6.0710833
SIRAKORO (ROUTE BOUAKE),school,11.34599,-5.56444
ZANTON-ZIASSO,school,11.36747,-5.59567
LAFIABOUGOU [1er C] SKO,school,11.2991731,-5.6841468
LAFIABOUGOU [2ème C] SKO,school,11.2999096,-5.684297
LAMINIBOUGOU,school,11.48835,-5.614
LANFIALA,school,10.8184667,-5.7075
LASSEREBOUGOU,school,10.8324748,-6.1768852
LAURENT FOURNIER ZIASSO [2ème C],school,10.9842694,-6.1098098
LEBENTOULA,school,11.5991333,-6.0896833
LERASSO ECOM,school,11.5127167,-5.4732
LOFIGUE [1er C] 'A',school,10.6399667,-5.7033333
LOFIGUE [1er C] B,school,10.6398797,-5.7033709
LOFIGUE [2ème C],school,10.6400642,-5.703336
Lofine (1er cycle),school,10.6409754,-5.8381364
LOFINE [2ème C]ycle,school,10.64125,-5.8382333
LOLLE,school,10.755971,-6.2113647
LOUGUELE,school,10.7969502,-6.1489243
LOULOUNI [2ème C] A,school,10.8921,-5.6050833
LOULOUNI A,school,10.8921,-5.6050833
LOULOUNI B,school,10.8921,-5.6050833
LOUTANA [1er C]YCLE,school,11.626551,-5.6536891
MACHOGO,school,10.3053,-6.1090833
MACHOGO PLACER,school,10.2937667,-6.1942333
MADOUBOUGOU,school,11.0256333,-5.5344333
MAH,school,11.22305,-5.54365
MAISON de HADISSE BOUGOULABA,school,11.554057,-6.508582
MAKONO ECOM,school,11.9162667,-5.70785
MAMABOUGOU,school,11.3012167,-5.4288167
MAMABOUGOU SIKASSO,school,11.3104865,-5.6788651
MAMARASSO,school,11.7609,-5.4932333
MAMASSONI [2ème C] I,school,11.3479667,-5.6651333
MAMASSONI [2ème C]YCLE II,school,11.3479667,-5.6651333
MAMASSONI OUEST [1er C]ycle,school,11.3479667,-5.6651333
MANCOURANI [1er C] B,school,11.30925,-5.6718667
MANCOURANI [2ème C] II,school,11.30925,-5.6718667
MANCOURANI [2ème C] I,school,11.30925,-5.6718667
MANCOURANI A,school,11.31566,-5.73915
MANCOURANI C,school,11.31566,-5.73915
MANDELA [1er C],school,11.1594833,-5.5270833
MANDELA [2ème C]YCLE,school,11.1594833,-5.5270833
MANDIELA,school,11.1839,-6.26975
MARIBOUGOU,school,11.26535,-6.3361833
MARO,school,11.6100167,-5.5753
MEBOUGOU,school,11.7309,-6.2743833
MED COM MANDIELA,school,11.1839,-6.26975
MED COM Mémissala,school,11.797981,-6.3766933
MED COM N'PENETJILLA,school,11.5586333,-6.2863167
MED COM SABENIBOUGOU,school,11.4850012,-5.5819435
MED TIEBALA [2ème C],school,11.5620681,-6.248507
MEDERSA BAKARIBOUGOU,school,11.0592167,-6.2284833
MEDERSA BANANKORO,school,10.9214672,-5.6046492
MEDERSA BLENDIO,school,11.6144168,-6.3464765
MEDERSA COM. NOUMOULA,school,11.2896667,-6.37735
MEDERSA communautaire de FEFELA,school,11.55685,-6.3587667
MEDERSA communautaire de MANDELA,school,11.1594833,-5.5270833
MEDERSA communautaire de ZOLOKO,school,11.4751167,-5.6736667
MEDERSA communautaire FOUROUMA,school,11.7301333,-5.5382833
MEDERSA communautaire LOUTANA,school,11.6266807,-5.6536997
MEDERSA communautaire TARBIATOU ISLAMIA KEBENI,school,10.6852167,-5.5504333
MEDERSA de BOGOTIERE,school,11.40865,-5.5908167
MEDERSA de DONIENA,school,11.1721921,-5.6258247
MEDERSA de DOUGOUKOLOBOUGOU,school,11.4465667,-6.49245
MEDERSA de KAFELA,school,11.3366421,-5.7176238
MEDERSA de KAPALA,school,11.1178,-5.7204833
MEDERSA de KOBINA,school,11.1875833,-6.4072333
MEDERSA de LAMINIBOUGOU,school,11.488237,-5.6139973
MEDERSA de NIANGASSOBA,school,11.0889263,-5.7336694
MEDERSA de OUAHIBERA,school,11.0674992,-5.660515
MEDERSA FAMA,school,11.5247833,-5.6915667
MEDERSA FANIDIAMA,school,10.4847944,-5.5709427
MEDERSA GLADIE,school,11.1120333,-6.3012
MEDERSA KESSANA,school,11.6942,-6.2473333
MEDERSA KOUGNAN,school,11.6116667,-6.5169333
MEDERSA MARO,school,11.6100167,-5.5753
MEDERSA MEBOUGOU,school,11.7309269,-6.274392
MEDERSA MINIKO,school,11.1749,-6.3352667
Medersa Mononomon,school,11.556838,-6.4942345
MEDERSA NOUR FATEGUELA,school,11.76355,-6.0617333
MEDERSA OUARASSO,school,11.6557667,-5.4800833
MEDERSA PITIANGOMA MISSENI,school,10.2441167,-6.0666
MEDERSA SAD OUMAR SOUGOULA,school,11.9103,-5.6995
MEDERSA SEGUIN,school,11.6397764,-6.2368825
MEDERSA SOUCHIENA,school,11.5312127,-6.2521546
MEDERSA TARBIATOU ISLAM FACOCOUROU,school,10.6755167,-5.5473167
MEDERSA TARIBIA AL ISLAMIA LOUTANA,school,11.6267663,-5.6536838
MEDERSA TENINA-MIMA,school,11.86915,-6.1139167
MEDERSA TIEBALA,school,11.5620615,-6.2485053
MEDERSA TONJILLA,school,11.3112333,-6.3278833
Medersa Yiringasso,school,11.7097085,-6.087664
MEDERSA ZANGARADOUGOU,school,11.3866333,-5.5986167
MEDINE [1er C] C,school,11.3168639,-5.6907745
MEDINE [1er C]ycle B,school,11.3167929,-5.6907638
MEDINE [2ème C]ycle I,school,11.316793,-5.6908281
MEDINE [2ème C] II,school,11.3168508,-5.6909059
MEDINE[1er C]ycle A,school,11.316864,-5.6908362
École de Mémissala,school,11.7978614,-6.3772233
MIAMBOUGOU,school,11.54845,-6.4707
MINIKO [1er C],school,11.1735667,-6.3333
MINIKO [2ème C],school,11.1735667,-6.3333
MISSALA,school,11.9602,-6.02405
MISSENI [1er C],school,10.3164333,-6.0767833
MISSIDOUGOU [1er C]ycle,school,11.27472,-5.38694
MISSIRIKORO,school,11.2653167,-5.7560833
MISSIRIKORO [2ème C],school,11.2653167,-5.7560833
Mononomon,school,11.5570167,-6.4942667
MONPIELA,school,11.3646667,-6.3878833
MORILA FANSEBOUGOU,school,11.9046333,-6.1431333
Mounkonkoro,school,11.44775,-6.06745
MOURASSO,school,11.6212833,-6.14905
NABAGA KONE NAKOMO,school,10.4908833,-5.7641667
NAFEGUE,school,10.49205,-5.97135
Nagnassoni,school,11.5238667,-5.6568
NAMINASSO,school,11.5845833,-5.5580833
NAMPALA,school,11.1669667,-6.2270667
NAMPASSO ECOM,school,11.45365,-5.23095
NANKOLA,school,11.33735,-6.2794833
NANTOUMANA ECOM,school,11.7678833,-5.65355
NANZANADOUGOU ECOM,school,11.5265833,-5.4331
NASSIROU DINI de MARIBOUGOU,school,11.26535,-6.3361833
NASSOULOU,school,10.4526333,-5.6977167
NDALLE,school,11.0475833,-5.5392167
N'DALLE [2ème C],school,11.0475833,-5.5392167
FAKOLA [1er C],school,10.4948333,-6.8629833
FONGNOMBOUGOU,school,11.8547845,-6.5928001
FOUH,school,11.8728167,-8.3761333
FOUH [2ème C]YCLE,school,11.8728167,-8.3761333
GOLOMBI,school,11.98075,-8.4440667
Gouala,school,11.967775,-8.2183771
Gouala [2ème C],school,11.9680136,-8.2180942
IBRAHIMIYATOU DEGNEKORO,school,11.9065404,-6.6860015
IMAMOU MOUSTAPHA,school,11.8592584,-6.7620046
KANGABA [1er C] A,school,11.9388833,-8.4139
KANGABA [1er C] B,school,11.9388833,-8.4139
KANGABA [1er C] C,school,11.9388833,-8.4139
KANGABA [2ème C] C,school,11.9388833,-8.4139
KANGABA [2ème C] A,school,11.9388833,-8.4139
KANTELA,school,11.8814188,-6.642421
KATHA,school,11.9606833,-8.4989167
KELA,school,11.8908,-8.4479833
KELA [2ème C],school,11.8908,-8.4479833
KENIEGOUE [1er C],school,11.767,-8.6207
KENIEGOUE [2ème C],school,11.767,-8.6207
KENIEGOUE-MEDERSA,school,11.767,-8.6207
KENIELE,school,11.96705,-8.3984333
KENIKELA,school,11.8335468,-6.6871549
KEREKERELO,school,11.9882167,-8.5517333
KOFLATIE,school,11.7952333,-8.7150667
KOKA,school,11.8141168,-6.4762957
KOKOYO,school,11.69485,-8.7374167
KOLENA,school,11.8175167,-8.2532167
KOLONDJIGUE,school,11.753524,-8.2078094
KOMBO,school,11.8589833,-8.3230167
KOMOBOUGOU,school,11.9752157,-6.5787882
KOUANTOU,school,11.8608463,-6.5244306
LAÏC LE BRUN de FISSABA,school,11.9207,-6.6976167
LINGUELENKORO,school,11.8846167,-8.60905
MAKONONI,school,11.83755,-8.58325
MANAR DINE ISLAM [1er C],school,11.9227302,-6.5310503
MANSARA,school,11.8444794,-6.8255729
MANSAYA,school,11.9567167,-8.6106
MANSAYA BAGAYOGOLA,school,11.9567167,-8.6106
MASSIGUI B [2ème C],school,11.8584537,-6.7644883
MASSIGUI A [1er C],school,11.8562275,-6.7731143
MASSIGUI A [2ème C],school,11.8563724,-6.7728568
MASSIGUI B [1er C],school,11.8588775,-6.7647726
MASSIGUI C [1er C],school,11.8657762,-6.7732162
MASSIGUI C [2ème C],school,11.8657762,-6.7732162
MEDERSA SANANKORO,school,11.8593203,-6.7702178
MEDERSA SELEFOUGOU,school,11.7449639,-8.3376185
MEDERSA FIQUIRA- CORO,school,11.9409444,-8.261881
MEDERSA franco-arabe de FOUH,school,11.8728167,-8.3761333
MEDERSA TIAKADOUGOU-FARABA [1er C],school,11.9045167,-8.1474667
MOLODJEBOUGOU,school,11.7846167,-8.19935
MOMINA,school,11.8992167,-6.6148167
MPIEBOUGOU,school,11.9827,-8.0138667
Ecole de M'Piebougou[2ème C],school,11.9827,-8.0138667
N'DJISSEMBOUGOU,school,11.8401396,-6.7738653
NIAMAKORO,school,11.8764406,-6.5584678
NIAMAZANA,school,11.9788527,-6.9624461
NIANTJILA [1er C],school,11.8002015,-6.5486134
NIANTJILA [2ème C],school,11.8001801,-6.5482486
Niouleni,school,11.602512,-8.6007322
NINASSAGO,school,11.9522833,-8.54745
NOUROULAHI,school,11.7733151,-6.5183473
OUELESSEBOUGOU [1er C] A,school,11.9890833,-7.918
OUELESSEBOUGOU [1er C] B,school,11.9890833,-7.918
OUELESSEBOUGOU [2ème C] A,school,11.9890833,-7.918
OUELESSEBOUGOU C,school,11.9890833,-7.918
SACORO,school,11.98925,-8.6004833
SAKOLENDA,school,11.9092667,-8.5646333
SALAMALE,school,11.8729333,-8.52615
SALAMALE [2ème C]YCLE,school,11.8729333,-8.52615
Samaya,school,11.6797129,-8.6561987
SANANCORO,school,11.7275333,-8.4266333
SANANDIO,school,11.9891121,-6.5987056
SANANKORO,school,11.9937224,-6.7075626
SEGUESSONA [1er C],school,11.9689333,-7.9012333
SEGUESSONA [2ème C],school,11.9689333,-7.9012333
SELEFOUGOU,school,11.7449768,-8.337619
SELEFOUGOU [2ème C],school,11.7449893,-8.3376208
Ecole Fonadamentale Lamine CAMARA de Tombola,school,11.6783546,-8.7139625
TOUKORO,school,11.9340652,-6.9203086
École Fondamentale de Touna [2ème C],school,11.9627328,-6.6538667
TOUNA [2ème C],school,11.9624126,-6.6539418
Ecole de Tounoufou,school,11.9250667,-8.0649333
WOLOKORO,school,11.9247955,-6.4954842
ZAMBOUGOU DJITOUMOU,school,11.9132667,-7.8552833
ZELABOUGOU,school,11.9089167,-7.7980667
ECOM OUHO,school,11.9582333,-5.1903833
LOÏKINA,school,11.9222,-5.36555
MEDERSA MIZONSO,school,11.8779508,-5.3013631
MEDERSA TIERE,school,11.8993833,-5.406
BAMBOUGOU [2ème C],school,11.4828,-5.3340333
BANAKORO II,school,10.9221835,-5.6048262
BANANKORO,school,10.9219886,-5.6047833
BANCONI B SIKASSO,school,11.28565,-5.6629333
BANGARIBOUGOU,school,11.5407667,-6.43465
BANKONI [2ème C] SKO,school,11.28565,-5.6629333
BANKOROBOUGOU,school,11.1770667,-6.1950833
BANZANA,school,11.3207079,-6.2431467
BANZANA [2ème C],school,11.3208868,-6.2431574
BEMABOUGOU,school,11.04215,-5.5956667
BEZANSO,school,11.5365333,-5.2708
CAMP TIEBA B,school,11.3135199,-5.7033115
CAMP-TIEBA [2ème C],school,11.3138497,-5.7032569
CISSIME,school,10.3385833,-5.9722167
COULIBALYBOUGOU,school,11.1762833,-5.6436167
DADOUMANBOUGOU,school,11.1025167,-5.6066167
DANDERESSO [2ème C]ycle,school,11.4864,-5.4805167
DANDERESSO [1er C],school,11.4864,-5.4805167
DAOULASSO,school,10.9172333,-5.7049333
DAR EL HADIS de KOROLA,school,11.7170667,-6.42525
DAR EL HADIS WARANA,school,11.2218167,-6.4370833
Darabougou,school,11.4275309,-6.4341989
DELEOU,school,10.23575,-5.9895333
DEMBELA [1er C],school,11.7256333,-6.3600667
DEMBELA [2ème C],school,11.7256333,-6.3600667
DEZEBELA,school,11.1595833,-6.15925
DIAKELE,school,11.7268,-6.4596833
Diambougou,school,11.3892,-6.5091667
DIARADOUGOU ECOM,school,11.6163667,-5.3970333
DIASSABA ECOM,school,11.7737,-5.3499167
DIASSADENI,school,11.4722333,-5.74755
DIASSADIE,school,11.0286333,-5.59355
DIEGUI,school,11.5748833,-6.54985
DIEOU,school,10.7322333,-6.0339833
Dingasso,school,11.6552167,-6.1267667
DIOMANA,school,11.3319833,-6.45635
DIOMATENE,school,11.41655,-5.6558667
DIOU [1er C],school,10.58845,-5.9695167
DIOU [2ème C],school,10.58845,-5.9695167
DIOUKASSO,school,10.8760333,-5.8192
DIOUMATENE [1er C],school,10.527051,-5.8978887
DIOUMATENE [2ème C],school,10.5269191,-5.897894
DIOURAKALA,school,11.6814667,-6.38495
DJENENI,school,11.4503333,-6.2258333
Djiguenisso,school,11.452,-6.0791167
DONIENA,school,11.17235,-5.6258167
DOUGOUKOLOBOUGOU [1er C],school,11.4465825,-6.4924493
DOUGOUKOLOBOUGOU [2ème C],school,11.4465687,-6.4924399
DOUGOUKOURANI,school,10.9503833,-5.5286167
DOUGOUPEREBOUGOU,school,11.5570333,-6.12655
DOUMANANI [1er C],school,11.6749257,-6.1724891
DOUMANANI [2ème C],school,11.6748627,-6.1724328
DOVONG,school,10.30255,-5.9328833
École communautaire de KATIORNI,school,10.6687333,-6.0617333
École communautaire KANY;KANY ECOM,school,11.85115,-5.4967833
NIAFINGOLODOUGOU,school,10.64175,-5.7596833
NIAGANSONI,school,10.7552333,-5.6643667
NIAMAKOUNA,school,11.5780167,-6.3872333
NIAMPOUNA ECOM,school,11.7081333,-5.4767667
NIANGASSOBA,school,11.0888,-5.7336667
École fondamentale BABA BAMBA M'PEGNESSO,school,11.4703957,-5.6409054
École NAMBAKA DIABATE KATIORNIBA,school,10.7885167,-5.61095
ECOM BOUNOU,school,10.7565,-5.52195
ECOM de BALLABOUGOU,school,11.5449833,-6.3810833
ECOM de DERBASSO,school,10.9174667,-5.7751333
ECOM de DIALAKOROSSO,school,10.6026,-5.6249333
ECOM de SIRANIKORONI,school,10.9374167,-5.6460167
ECOM GLAMBERE,school,10.7767667,-6.0219667
NGOLONINA,school,11.1236167,-6.3774333
N'Golotiorola,school,11.4636,-6.5077167
N'GORODOUGOU,school,11.3621,-5.5705667
NGOUINSO,school,10.7233167,-5.5185167
NOUGOUME MEDERSA,school,11.3159,-6.2919
NOUMOULA,school,11.2896667,-6.37735
NOUMOUSSO,school,11.8247333,-6.2546
NOUREDINE (MEDINE),school,11.3167772,-5.6908871
NOUREDINE BAMADOUGOU,school,11.4253667,-5.5693833
N'Pankourou,school,11.47135,-6.5459167
NTIOBOUGOU,school,11.6732,-6.3407667
NTJICOUNA,school,11.1249833,-6.2381667
N'tjicounani,school,11.5302167,-6.0288
N'TJIKOUNA [2ème C],school,11.1249833,-6.2381667
OUAHIBERA,school,11.0672833,-5.6604667
OUAHIBERA [2ème C],school,11.0672833,-5.6604667
PIMPERNA,school,11.43175,-5.7551167
PIMPERNA [2ème C],school,11.43175,-5.7551167
PITIANGOMA,school,10.2441167,-6.0666
POUNA ECOM,school,11.42155,-5.252
SABENEBOUGOU,school,11.4852167,-5.5819167
SAMOGOSSONI,school,11.39345,-5.62295
SANAKOROBA,school,11.5628667,-6.3182
SANAKORONI,school,11.6863333,-6.3233167
SANANKORO,school,11.0763667,-5.57965
SANASSO,school,11.12995,-5.6567167
SANOUBOUGOU I [2ème C] I,school,11.3077,-5.6593667
SANOUBOUGOU I [2ème C] II,school,11.3077,-5.6593667
SANOUBOUGOU II [2ème C],school,11.3064667,-5.6613167
SEGUENENI,school,11.7636667,-6.0047833
SEGUIN,school,11.6397667,-6.2368833
SIRANIKOROBA,school,10.7803667,-5.49295
SIRANIKORONI,school,10.9374167,-5.6460167
SIRIKASSO,school,10.8108167,-5.4557167
SOKOROLA,school,11.69185,-6.3999667
SOROBLE,school,10.9641833,-5.5740833
SOTIAN,school,10.9857,-6.1974667
SOUCHIENA,school,11.5315333,-6.2522833
SOUGOULA,school,11.9103,-5.6995
SYAMA,school,10.7709833,-6.0690333
TANGABOUGOU,school,11.7996833,-6.2396167
Taperela,school,11.4818451,-6.0807889
Taperela [2ème C],school,11.4799833,-6.0771333
TARAKASSO,school,11.18395,-5.7303167
TARBIA (COULIBALYBOUGOU),school,11.1762833,-5.6436167
TELLA [1er C],school,11.78225,-6.2495333
TIEBA [2ème C] III,school,11.3196406,-5.6784729
TIEBA [2ème C] IV,school,11.319682,-5.6759137
TIEBALA,school,11.5620667,-6.2485
TIEBIZIEDOUGOU,school,10.6112667,-5.65635
Tiecourala,school,11.3934833,-6.4408667
TIEKOROBOUGOU,school,11.4403,-6.1306167
WATENINDIASSA,school,11.4267167,-5.5483
WETTO,school,11.5772833,-6.4189
WOLOKORO,school,11.51815,-6.3061
WORONI [1er C],school,10.787263,-5.5895913
WORONI [2ème C],school,10.7874,-5.5895833
WOTOBALA,school,11.3461167,-6.3957833
YABAN,school,11.8247,-5.6156333
YELEKELA,school,11.8037167,-6.1179833
YERELONZIERA,school,11.361245,-5.7184191
Yiringasso [1er C],school,11.7093224,-6.0876318
Yiringasso [2ème C]ycle,school,11.7095326,-6.0876613
YOGOLA,school,11.5169167,-6.27235
ZANIENA [2ème C],school,11.2691833,-6.4230333
ZANIKODOUGOU,school,11.45795,-5.7120333
ZANKOROBOUGOU,school,11.3484,-6.3351333
ZANTIGUILA,school,11.5987167,-5.3345667
ZERILA,school,11.1977667,-5.7768333
Zibangolola,school,11.6424,-6.11485
ZIDIANGOLODOUGOU,school,10.5817833,-5.63435
ZIEKORODOUGOU,school,11.14575,-5.3933167
ZIGNASSO,school,11.5454574,-8.0378374
Zoumana Diassa,school,11.5539,-5.6414
ZOUMAYERE ECOM,school,11.5010861,-5.5488659
SAMOU SAMAKE de ZAMBOUGOU,school,11.3143501,-7.7277794
Ecole Coranique Madersa,school,11.3148222,-7.7272363
Koran et Hadis-Samako,school,12.2617971,-8.2861524
DANGASSA [2ème C],school,12.1497804,-8.2089055
DANGASSA [1er C]ycle;DANGASSA MEDERSA,school,12.1500804,-8.2086285
DANGASSA MEDERSA,school,12.1508771,-8.2068935
École Dogo-Ley,school,14.1286698,-3.6790005
École Joseph Yaro A [1er C],school,14.0787102,-3.5151679
Medersa de Ogodire,school,14.03,-3.555
PEL KANDA,school,14.4,-3.644
BIRGA- DOGON,school,14.04,-3.261
École Adounakambe,school,14.2086063,-3.0288176
BIRGA-PEULH,school,14.0344446,-3.2611729
DJIGUIBOMBO [2ème C],school,14.188922,-3.5943395
Baragnogole Medersa,school,14.0001249,-3.2474377
PEL PU II,school,14.0826925,-3.2707738
École Joseph Yaro B [2ème C],school,14.07915,-3.51392
OTEKANA,school,14.0007599,-3.3862641
École Sadia-Dogon,school,14.0818419,-3.6019937
École Tomboguina,school,14.0186087,-3.3397425
BANIKANI-MEDERSA,school,14.342772,-3.0789228
DIOUNGANI [1er C],school,14.31,-2.741
École Joseph Yaro A [2ème C],school,14.0791889,-3.5151572
École Sonley,school,14.0002046,-3.6186936
École Tanganboye,school,14.0846789,-3.5146871
DOUCOMBO,school,14.35,-3.658
ANSAMBA YANOGUE de GORO,school,14.3022861,-3.2870918
Berely Medersa,school,14.2707729,-3.219675
DOMONI MEDERSA,school,14.2798752,-2.9937447
DOUNA-PEN [2ème C],school,14.34,-2.805
École Dimbal [2ème C],school,14.0319151,-3.6161704
BONO II,school,14.1300727,-3.0104819
AKOUMBOURO,school,14.47,-2.148
AL TAOUNIL ISLAMIATOU-BONGO,school,14.4722981,-3.2914931
AMANI,school,14.4119712,-3.3296668
AMANI [2ème C]YCLE,school,14.4126969,-3.3295731
ANAGADIA,school,14.35,-2.937
École Anakaga,school,14.0031022,-3.2975472
Anakanda,school,14.3332818,-3.1712434
ANAKANDA,school,14.22,-3.611
École Andiama,school,14.0543029,-3.4008293
ANOUMA,school,14.38,-2.644
École Bagourou,school,14.2038658,-3.5077029
BANANI,school,14.4588312,-3.2914743
BANANI KOKORO,school,14.4625067,-3.2869526
BANDIOUGOU,school,14.49,-3.906
École Banikani,school,14.3439229,-3.0801533
Baragnogole,school,14.0019571,-3.2464077
École Barthelemy Togo,school,14.2283522,-2.9784923
Begne-Na,school,14.1632605,-3.3860485
BEGNOUMA-HAÏRE,school,14.24,-3.473
BEGNOUMA-HAIRE [2ème C]YCLE,school,14.24,-3.473
BEME,school,14.34,-2.904
BENDIELY,school,14.47,-3.588
BENDIELY [2ème C]YCLE,school,14.4700364,-3.5879772
Berely,school,14.2704323,-3.2211078
BODEWAL,school,14.45,-2.876
BODIO,school,14.25,-3.691
BODIO [2ème C],school,14.25,-3.691
BOLIMBA [2ème C]YCLE,school,14.2409307,-3.8753061
BONGO,school,14.4698324,-3.2935061
BONGO [2ème C] (SANGHA DU BAS),school,14.4701923,-3.2929412
BONO,school,14.1295892,-3.010736
BORE,school,14.38,-3.002
Boundou-Samba,school,14.0446837,-3.5788239
Daga Terely,school,14.3798129,-3.344706
DAÏDOUROU,school,14.41,-2.699
DANADOUNGOUROU [2ème C],school,14.1888142,-3.0626611
École Dana-Na,school,14.1571431,-3.027883
DANDOLI,school,14.4,-3.546
DANDOLY[2ème C]YCLE,school,14.4,-3.546
DAWATIL ISLAMIQUE KOMODIGUILY,school,14.4267552,-3.4127432
École Derou,school,14.2570502,-3.2886419
DIANWELY,school,14.33344,-3.48969
DIANWELY,school,14.33344,-3.48969
DIENGUENI-HABE,school,14.08,-3.955
École Dimbal [1er C],school,14.031555,-3.6161194
Dim-Na,school,14.0233217,-2.973711
DINANGOUROU,school,14.45,-2.245
DINANGOUROU II,school,14.45,-2.245
DIOMBOLO,school,14.3,-3.602
DIOUNDIOUROU,school,14.238545,-3.4799
DIOUNGANI II,school,14.31,-2.741
DJIBRIL BARRY,school,14.06496,-3.0758
DJIBRIL BARRY [2ème C],school,14.06496,-3.0758
DJIGUI BOMBO [1er C],school,14.1881896,-3.59433
DJOMBO-DJENENKE,school,14.42,-3.653
DOBOLO,school,14.289844,-3.5354421
DOBOLO [2ème C]YCLE,school,14.2894698,-3.5352168
DOLOGOU [2ème C]YCLE,school,14.46,-3.491
DOMA,school,14.31,-2.861
DOMNOSSOGOU,school,14.3534814,-3.0937883
DOUNA-PEN I,school,14.34,-2.805
DOUNDIOUROU,school,14.238545,-3.4799
DOUROU [1er C],school,14.3,-3.435
DOUROU [2ème C],school,14.3,-3.435
École de GANGARABOURO,school,14.4,-3.031
École Endé [1er C],school,14.1838572,-3.5336367
École Endé [2ème C],school,14.1835316,-3.5337628
École Ene,school,14.142329,-3.0496671
ERSADIA,school,14.28,-3.516
FANGADOUGOU,school,14.3200393,-5.3895801
FICO,school,14.45,-3.9
GAMA,school,14.1323955,-3.5994171
GANGAFANI II,school,14.34,-2.038
Garou Leye,school,14.019025,-3.7388006
Gnini,school,14.0137903,-3.1362019
GOLOMBO,school,14.2691312,-3.5162292
GONDOM,school,14.33,-3.286
GOUNDAKA,school,14.4940742,-3.9426446
GOUNDAKA [2ème C],school,14.494135,-3.9427068
GOUROLI BODIO,school,14.18238,-4.0031
GOURTY,school,14.27,-2.826
GUEOUROU-DOGON,school,14.17,-3.241
GUIMINI,school,14.36592,-2.36227
GUIMINI MEDERSA,school,14.36592,-2.36227
GUINAWOLO,school,14.0075264,-3.3712875
GUINEYELEMA,school,14.4171794,-3.4554939
GUIRI,school,14.32,-2.19
GUIRI MEDERSA,school,14.32,-2.19
GURU ANAYE [2ème C],school,14.06935,-3.08205
GURU ANAYE A,school,14.06935,-3.08205
GURU ANAYE B,school,14.06935,-3.08205
HORORO (ECU),school,14.3399883,-3.9859678
IBI [1er C],school,14.4744632,-3.2667429
IBI [2ème C],school,14.4753009,-3.266094
IDIELI-DO,school,14.33,-3.394
IDIELI-NA [1er C],school,14.34,-3.391
IDIELY-NA [2ème C]YCLE,school,14.34,-3.391
INDELL [2ème C]YCLE,school,14.24,-3.483
INTEMENI,school,14.386407,-3.2290979
École Joseph Yaro B [1er C],school,14.0790355,-3.5145423
KAIRATIFIL ISLAM SOGOUROU KANDA,school,14.0359612,-3.3218784
KAKOLI,school,14.49,-3.82
KALIBOMBO,school,14.4,-3.601
KAMBA,school,14.4225267,-3.4156068
KAMBA [2ème C],school,14.4229587,-3.4147687
KAMBA BANDIE,school,14.4328369,-3.3979404
KAMILY,school,14.46,-3.491
KAMKOROU,school,14.23,-3.03
KANI - BONZON [2ème C],school,14.1344766,-3.6298196
École Kani-Bonzon [1er C],school,14.1347958,-3.6301108
KANI-KOMBOLE,school,14.15,-3.592
KARAKINDE,school,14.41,-2.905
KARAKINDE II,school,14.41,-2.905
KASSAWAN DOGNOU,school,14.39,-2.97
KASSAWAN-DA,school,14.37,-3.966
KB TOGO [2ème C] DANGATENE,school,14.23,-2.973
Kerou,school,14.0655516,-3.4416268
KINDI,school,14.22,-2.165
KOE LEYE,school,14.21,-4.052
KOKOLO,school,14.41002,-3.53947
KOMBO-KANI,school,14.35,-3.376
KONSAGOU DÔ,school,14.28,-3.463
KONSOGOU - LEYE,school,14.27,-3.456
KORI KORI [2ème C],school,14.4069969,-3.7511256
KORI-KORI [1er C],school,14.4066748,-3.7512758
KORI-MAOUNDE,school,14.45,-3.777
École Korolou,school,14.2164228,-3.3666488
KOROU,school,14.0134693,-3.9474885
KOROU [1er C],school,14.3,-3.456
KOUMBAGOUROU,school,14.24,-3.25
KOUNDOU,school,14.5,-3.257
KOUNDOUGOU [1er C]YCLE,school,14.46,-3.546
KOUNTOGORO-MEDERSA,school,14.0997247,-3.3547702
KOUTAGA,school,14.37,-2.082
KOWA,school,14.49,-3.015
École Logo,school,14.0285146,-3.6368668
LOUH,school,14.2,-2.094
MACKOU,school,14.3483986,-3.9325191
Madina,school,14.03707,-3.58101
MADOUGOU [2ème C]ylce,school,14.4002702,-3.0786848
MALOU TANOUMA-AMANI,school,14.32106,-3.23796
MAMADOU KONIPO,school,14.4944009,-3.0851751
MANDOLI [1er C]YCLE,school,14.06,-3.781
MANTEROU,school,14.45,-2.984
M'BANA,school,14.46,-2.828
MED ANAKANDA,school,14.22,-3.611
MED de DOUROU,school,14.3,-3.435
MED de GOLOMBO,school,14.2686334,-3.5169592
MED de KAMBA KOMOBIGUI DILI,school,14.4245689,-3.4132839
MED de KAMBA KOMONIGUILY [2ème C],school,14.4266374,-3.4141084
MED.AHANED YALCOUMA DJIGUIBA-KAMBA,school,14.4236972,-3.4161698
MEDERSA - DIOUNGANI [1er C],school,14.31,-2.741
MEDERSA - DIOUNGANI [2ème C],school,14.31,-2.741
MEDERSA de DOUROU,school,14.3,-3.435
MEDERSA de DOUROU [2ème C],school,14.3,-3.435
MEDERSA de KANI-KOMBOLE,school,14.1500546,-3.5920617
MEDERSA de MORY,school,14.45211,-3.429276
MEDERSA de TONGNON,school,14.3599792,-3.5659913
MEDERSA de YAWA,school,14.29,-3.424
Medersa Endé,school,14.1854149,-3.5325842
MEDERSA TAOUHID IBI [1er C],school,14.48,-3.266
MEDERSA TAOUHID IBI [2ème C],school,14.4800119,-3.2659929
MODIODIO-LEY,school,14.23,-4.035
MÔH,school,14.48,-3.419
MORY [1er C]ycle,school,14.45211,-3.429276
MORY [2ème C],school,14.45211,-3.429276
NACOMBO,school,14.38,-3.375
NAHAR DJOLIBA NINGARI [1er C],school,14.4599844,-3.7740349
NAHAR DJOLIBA NINGARI [2ème C],school,14.4599844,-3.7740349
NANDO [1er C],school,14.25,-3.925
NANDO [2ème C],school,14.25,-3.925
NANDOLY,school,14.273108,-3.913501
NANDOLY [2ème C],school,14.273108,-3.913501
NASSOLE,school,14.17,-2.137
NAYE DOGON,school,14.42,-3.043
NGAWODIE,school,14.48,-2.747
NIAGASSADIOU,school,14.38,-2.724
NIAMINA,school,14.17,-3.971
NINGARI [1er C],school,14.4599844,-3.7740349
NINGARI [2ème C],school,14.4599844,-3.7740349
NIONGONO,school,14.3,-3.952
NOMBORI,school,14.33,-3.403
NOMBORI [2ème C],school,14.33,-3.403
NOMONO,school,14.13,-3.845
NOURE ISLAME de BOUNDOU,school,14.47,-3.386
Ogodourou Koro,school,14.0098778,-3.0295385
OGODOUROU NA,school,14.217342,-3.1207664
OGOSSOGOU,school,14.1977629,-3.5811085
École Ogotene,school,14.3181356,-2.969803
École Ombo,school,14.1686061,-2.9794336
Ommon,school,14.0641886,-2.8817663
ORO,school,14.17,-3.28
OROKAMBA,school,14.4587631,-3.0939453
OROWANRAN,school,14.13,-2.869
ORTHONGO,school,14.41,-2.013
École Oualia,school,14.173089,-3.549429
OULOUM DINI ISLAM,school,14.4673357,-3.3015695
OUMAR BA LOUGOUROUCOUMBO,school,14.4121562,-3.4586201
OUO [2ème C],school,14.0876559,-3.7869705
Ourokorohin 2 cycle,school,14.0122308,-3.1796387
PAH,school,14.21,-3.869
PELOU,school,14.3456183,-3.4430267
PELOU [2ème C],school,14.3459457,-3.4432836
PIGNA,school,14.39,-3.029
École Pomorododiou [1er C],school,14.1588349,-3.1545589
École Pomorododiou II,school,14.1586203,-3.1542013
POUNDOUROU,school,14.27,-2.938
École Pouraly,school,14.3689276,-3.1146642
Saana,school,14.0615966,-2.9782423
SAMANI-DOGON,school,14.22,-3.222
École Sandiourou,school,14.073913,-3.00503
SANGANA,school,14.49,-2.408
SANGHA B,school,14.4728776,-3.308716
SANGHA [2ème C] I,school,14.4726179,-3.3082439
SANGHA [2ème C] II,school,14.4726387,-3.3086731
École Satem,school,14.241546,-3.339608
Sékou Maiga de Konsagou,school,14.0008502,-3.6319309
École Sembere,school,14.1429449,-3.2921448
École Senguebengou,school,14.1497341,-3.0806611
SIBI-SIBI,school,14.31,-3.57
SIBO,school,14.4399851,-3.7540121
SINEA,school,14.0173933,-3.7561431
SOBANE,school,14.4704303,-3.1584799
SOBANE,school,14.4686227,-3.1448757
SOBANGOUMA,school,14.18,-2.659
École Socoura,school,14.08709,-3.49359
SOGOTOU,school,14.15339,-3.49267
SOGOUDOURKOUM,school,14.1437809,-3.4686647
SOGOUROU PEIN,school,14.05,-3.366
École Sogou-Yaguem,school,14.3490265,-3.0193554
SOKOLO,school,14.32,-3.573
SOMANAGORO,school,14.2913863,-3.0833454
SONGHO,school,14.4,-3.702
SONGHO [2ème C],school,14.4,-3.702
SONINGUE,school,14.23,-3.532
SONO,school,14.2901048,-3.2675948
SOROU,school,14.21,-2.775
SOUAN,school,14.24038,-3.1134728
SOUAN MEDERSA,school,14.2392401,-3.1149192
SOYE,school,14.4925719,-3.0841193
TABARA,school,14.48,-3.44
TABITONGO,school,14.47,-3.386
TABITONGO [2ème C],school,14.47,-3.386
TANOUA IBI,school,14.34,-2.964
Tanoussagou,school,14.044494,-3.4097689
TANTOUMA,school,14.3092827,-3.9976299
TARBIATOU ISLAIMYA DINANGOUROU,school,14.45,-2.245
TEGOUROU,school,14.26,-3.612
École Telly,school,14.1599664,-3.5669949
TEMEGOLO,school,14.1356088,-3.2610641
École Teme-Na,school,14.1224788,-3.3355846
Tendely II,school,14.0937662,-3.4176568
Tendely Medersa,school,14.0920648,-3.4223744
TENDJI NENI,school,14.3655052,-3.1847286
TENDJI-IRELI,school,14.36989,-3.19493
TERELI [2ème C],school,14.3797863,-3.3447134
TERELY,school,14.3798337,-3.3446987
TINI (DIANWELY),school,14.42,-2.605
Tinto,school,14.04081,-3.52322
TOGNON,school,14.3600169,-3.565992
TONGOUROU,school,14.14,-2.68
TONGROLEGOU MED [1er C],school,14.0356623,-3.1648368
TONGROLEGOU MED [2ème C],school,14.0326022,-3.1642789
TONOU,school,14.25,-2.573
TOUGOUME,school,14.46,-3.706
TOUNEL-NEMA,school,14.2607315,-3.354271
WARADAIGA,school,14.16,-2.822
WEDIE [1er C]YCLE,school,14.3578262,-3.4783653
WOL ANSEGUE,school,14.1827874,-3.4108379
École Yabatalou,school,14.2187479,-3.4925672
YADIANGA,school,14.0679186,-3.1914935
YAHOUADINE YORO,school,14.2757648,-2.1344278
YAMSSOIGA,school,14.22783,-2.03199
YASSING,school,14.3828796,-3.155058
YAWA,school,14.29,-3.424
YORO II,school,14.2757648,-2.1344278
YORO PU,school,14.2757648,-2.1344278
YOROU-NA,school,14.2420201,-2.8843123
YOROU-PEIN,school,14.2926748,-2.9195516
YOUMTAO,school,14.17,-2.097
BENDOUGOU,school,14.4727,-10.2519833
AL ITHIAD SOUTOUCOULE,school,14.4498333,-11.4149667
BABALA,school,14.2007833,-11.5956667
BAGORE,school,14.4494167,-11.0281833
BANGASSI NANGO,school,14.4947392,-11.5077185
BANZANA,school,14.4237034,-11.4970674
DARSALAM OULOUMA,school,14.1565167,-11.5759167
DIENDIE(ECOM),school,14.31005,-11.9246
DIOUNGO,school,14.2443833,-10.9271
DIOUNGO [2ème C],school,14.2443833,-10.9271
École primaire de Diyabougou,school,14.4402667,-11.2809667
Diyalla Khasso [2ème C],school,14.46505,-11.4908833
DRAMEBOUGOU,school,14.4195833,-10.9320167
DYALLA KHASSO [1er C].,school,14.46505,-11.4908833
École franco-arabe Kouroukoula,school,14.465425,-11.2271618
EL ITHIAD SOUTOUCOULE,school,14.4498333,-11.4149667
EL MOUNAWARA DYALLA MEDERSA,school,14.46505,-11.4908833
École de Farabana,school,14.1741012,-11.9128532
G. S. PLATEAU C;G. S. PLATEAU B;PLATEAU IV;PLATEAU II;PLATEAU III;G. S. PLATEAU A;PLATEAU I,school,14.4416782,-11.4321527
GAMERA,school,14.47045,-11.1034
GAMERA [2ème C],school,14.47045,-11.1034
GOUELE,school,14.3934833,-11.853
INSTITUT ISLAMIQUE DES SCIENCES ET EDUCATIONS,school,14.4457167,-11.4265333
KANAMAKOUNOU,school,14.4476333,-11.1981167
KHASSO A,school,14.4457167,-11.4265333
KHASSO B,school,14.4457167,-11.4265333
KHASSO C,school,14.4457167,-11.4265333
KHASSO D,school,14.4457167,-11.4265333
KHASSO I,school,14.4457167,-11.4265333
KHASSO II,school,14.4457167,-11.4265333
KHASSO III,school,14.4457167,-11.4265333
KHASSO IV,school,14.4457167,-11.4265333
KHASSO V,school,14.4457167,-11.4265333
KHOULOUM,school,14.4543947,-11.36938
KHOULOUM [1er C],school,14.4540219,-11.3695959
KOSSOUMALE,school,14.4581,-11.6103833
KOULOUN [2ème C],school,14.4546103,-11.3692432
École primaire de Kroukéto,school,14.0538234,-11.7352446
École sécondaire de Kroukéto,school,14.0532419,-11.735368
Génie rural,school,14.4411531,-11.4521271
Génie rural,school,14.4412316,-11.4521969
Génie rural,school,14.4413174,-11.4522975
Génie rural,school,14.4412816,-11.4522814
LAFIABOUGOU I,school,14.4412596,-11.4522224
LAFIABOUGOU II,school,14.4412667,-11.4521667
LAFIABOUGOU IV,school,14.4412024,-11.452101
LEGAL SEGOU I;LEGAL SEGOU IV,school,14.4544594,-11.4510182
LEGAL SEGOU II,school,14.4545113,-11.4511952
LEGAL SEGOU III,school,14.4543451,-11.4512005
LIBERTE ''A'',school,14.44435,-11.4355167
LIBERTE B,school,14.44435,-11.4355167
LIBERTE I,school,14.44435,-11.4355167
LIBERTE II,school,14.44435,-11.4355167
LIBERTE III,school,14.44435,-11.4355167
MALOUM [1er C],school,14.2262539,-11.2455801
MALOUM [2ème C],school,14.2264099,-11.2450329
École de Mamassita,school,14.2741587,-11.0530098
MARCEL REY [1er C] KAKOULOU,school,14.28315,-11.26545
MARCEL REY [2ème C]. (KAKOULOU),school,14.28315,-11.26545
MEDINE [1er C]ycle,school,14.3752662,-11.3669002
MEDINE [2ème C],school,14.375199,-11.3668963
MOUSSAKONELA,school,14.2733,-11.6231833
MOUSSALA FATOLA,school,14.2869833,-10.9512667
OULOUMA [2ème C],school,14.1565167,-11.5759167
PAPARAH,school,14.4053216,-11.4150475
Sabil salam Fatola,school,14.35825,-11.3121667
SABILL IHOUDA DOUGOUBA,school,14.4023833,-11.4373333
SABILOU AL FALLAH TAKOUTALA,school,14.4529,-11.2553
SABOUCIRE [1er C],school,14.3180833,-11.2772
SABOUCIRE [2ème C],school,14.3180833,-11.2772
SABOUCIRE NDI,school,14.1986167,-11.05485
SAMBAGA (Logo),school,14.2808558,-11.3089447
SAME OUOLOF,school,14.4855667,-11.5693833
École primaire de Sangafara,school,14.0873757,-11.6725282
SEGUE,school,14.4990167,-11.3985667
SEKORA,school,14.49435,-11.0185
SOULEYMANE GUEYE [2ème C].,school,14.4855667,-11.5693833
SOUTOUCOULE [1er C].,school,14.4498333,-11.4149667
SOUTOUCOULE [2ème C],school,14.4498333,-11.4149667
TAFACIRGA [1er C].,school,14.4846167,-11.12
TAFACIRGA [2ème C].,school,14.4846167,-11.12
WAHIGOULOU,school,14.4624667,-11.2909333
École de Yiribabougou,school,14.2011897,-11.6607787
DIAKON [1er C],school,14.4733833,-10.2496
DIAKON [2ème C],school,14.4733833,-10.2496
DIAKON MEDERSA [1er C],school,14.4733833,-10.2496
DIAKON MEDERSA [2ème C],school,14.4733833,-10.2496
DIALLAN MEDERSA [1er C],school,14.2066833,-10.1616833
DIALLAN MEDERSA [2ème C],school,14.2066833,-10.1616833
Diallan [2ème C],school,14.2066833,-10.1616833
DIANGOUNTE,school,14.2986667,-10.0285333
DOUALE MEDERSA,school,14.4617333,-10.3249333
GANGONTERY,school,14.05975,-10.9276833
GUESSEBINE,school,14.3153279,-9.3274233
KABIDA,school,14.4996,-10.14515
KARANTERE MEDERSA,school,14.3253667,-10.0681167
ECU HEREMAKONO,school,14.294472,-5.885342
SIRAWOMA,school,14.279479,-5.747476
MIETAHOU SAADATIL ABADIATI B10,school,14.48247,-5.943646
SORONGOLE,school,14.1016971,-9.5978626
SELINKEGNY NOUROUL HOUDA [1er C],school,14.0911333,-10.7835167
EF TOMONA,school,14.05276,-5.0615
ISSA KALAPO [1er C],school,14.13865,-5.01883
KERA,school,14.22222,-4.99896
SOUMANA THIENTA [2ème C],school,14.137954,-5.0147711
SOFARA [2ème C] I,school,14.0099219,-4.2311127
BAMANDIOUGOU,school,14.2829186,-7.4518848
NADANI,school,14.02,-6.141
SOLIBOUGOU,school,14.0690929,-6.1455309
MAKANA NIAMANA,school,14.3535465,-7.3167981
MONIMPE-MARKALA,school,14.1432301,-5.5223638
COLLEGE G' A.T.T. [1er C],school,14.2250079,-5.9792357
MAHOUL OUMYA KIBAN M6,school,14.3287447,-6.0302461
MED KOLONI Km 26 [2ème C],school,14.2537561,-5.9916223
MARABOUGOU,school,14.0957667,-7.93015
MARENA DIARISSO,school,14.3636852,-7.8552247
N'GAY,school,14.3214297,-7.8557558
N'TOMODO,school,14.469316,-7.8615923
DJEBOUGOU,school,14.2785734,-7.6310832
GALLO,school,14.3114519,-7.6008494
GRINDINGUE,school,14.3124068,-7.65952
KANIKA,school,14.0131642,-7.59404
KEGNEBOUGOU,school,14.0082778,-7.7101944
MADINA KAGORO,school,14.377917,-7.6690096
DJEMENE,school,14.3252667,-7.90565
SELINKEGNY [1er C],school,14.0911333,-10.7835167
SELINKEGNY NOUROUL HOUDA [2ème C],school,14.0911333,-10.7835167
DIBOUGOU COURA,school,14.2564,-8.3205
DOUBALA,school,14.175,-8.2517667
IFP Industrie,school,14.4361851,-11.4529734
KOYAN COURA,school,14.2695526,-5.9347348
TIECOURA DIARRA (SARANGO B4),school,14.4086844,-5.9219444
WEREKELA [1er C],school,14.3279332,-5.9467789
ALMANY KOURESSY [1er C] B,school,14.3512531,-4.9516287
École Mamba,school,14.079426,-4.9826238
École Orthobila,school,14.0054929,-7.2524518
École Salle-Bougoula,school,14.1764618,-7.15034
SIGUIMA,school,14.1652393,-7.2259999
École Sikoro,school,14.0164368,-7.01666
École Siribila,school,14.2731744,-6.86396
KEMBE [1er C],school,14.4995833,-10.4640333
KEMBE [2ème C],school,14.4995833,-10.4640333
KEMBE MEDERSA,school,14.4995833,-10.4640333
KEROUANE,school,14.24675,-9.9353
KOMBONTE [1er C],school,14.2623,-10.1135667
KOMBONTE MEDERSA [1er C],school,14.2622075,-10.1132643
KOURI,school,14.40655,-10.2545167
MADINA MEDERSA,school,14.1925,-10.1485333
MEDERSA KOURI,school,14.40655,-10.2545167
MEDERSA KOUROUNIFING,school,14.4974167,-10.54845
MODINCANOU [1er C],school,14.3133,-10.0139667
MODINCANOU MEDERSA [1er C],school,14.3133,-10.0139667
SAMAN,school,14.20095,-10.4340333
SAWANE,school,14.2510833,-10.0294167
SELINKEGNY [2ème C],school,14.0911333,-10.7835167
SITAKOUROU,school,14.4111333,-10.1896333
Somantéré,school,14.5,-10.48
TIGANA,school,14.2636,-10.7599833
TIGANA [2ème C],school,14.2636,-10.7599833
TINTOKAN (SIDIBELA),school,14.30505,-10.8004333
TINTOKAN (DIALLAN),school,14.3256,-10.0649833
TRENTIMOU,school,14.47665,-10.1914333
TRENTIMOU MEDERSA,school,14.47665,-10.1914333
Boron [1er Cycle],school,14.010767,-7.5140836
Boron [2ème Cycle],school,14.0105358,-7.5140509
BOUABOUGOU,school,14.3769193,-8.1415666
DAMPHA [1er C],school,14.150214,-7.50151
DAMPHA [2ème C],school,14.1501787,-7.50137
DANGUERE,school,14.3486005,-7.3965026
DIARRABOUGOU A,school,14.0200513,-8.2838365
DJEDJE,school,14.102098,-7.57903
DJIGUE,school,14.4206446,-7.9403312
DOUABOUGOU,school,14.4563663,-7.4147577
École fondamentale de DJIGUE,school,14.4206446,-7.9403312
École Fanimbougou,school,14.0537397,-7.02681
GOUNGUEDE,school,14.4235897,-7.4993707
KAMISSARA,school,14.1988529,-7.56501
MARIBOUGOU - BONZI,school,14.1675385,-7.34934
MATENE KOME,school,14.4428962,-7.5347383
MED. KOIRA,school,14.44425,-7.5333833
MORIBOUGOU KOUMA,school,14.3616038,-7.2686148
MOURDIAH [1er C] B,school,14.4706303,-7.469625
MOURDIAH [1er C] A,school,14.470861,-7.4700058
MOURDIAH [2ème C] A,school,14.4706196,-7.4699576
MOURDIAH [2ème C] B,school,14.4708234,-7.4695391
NAOULENA,school,14.4872546,-7.1373744
N'GABANIKORO,school,14.0859,-8.2195667
N'GOLOBALA,school,14.3882275,-8.1627078
N'TEGUEDO,school,14.436121,-8.1007595
OUARO,school,14.1464046,-7.7413
OUOLOKORO,school,14.4494837,-7.5674343
SABILOU NADJAH [2ème C],school,14.4773046,-7.4662735
SABILOU NADJAHI [1er C],school,14.4775826,-7.4662346
SAGABALA,school,14.0862833,-8.1012
SAGABALA [2ème C],school,14.0862833,-8.1012
École Sebete,school,14.0354064,-7.14656
SEKHELO (NIAMANA),school,14.4744176,-7.7013142
SIRAKEME,school,14.0379694,-7.58321
SOBOUGOU,school,14.005345,-7.42619
TAKOUTALA,school,14.1005329,-7.67116
TALLAN,school,14.2432272,-7.7202506
TICOURA,school,14.3051,-7.7886667
TOLLA,school,14.3101001,-7.5408805
TOUMBOULA,school,14.3369758,-7.795449
ALMAMY KOUREISSI [2ème C],school,14.3478201,-4.9563015
École Barke Daga,school,14.1503939,-4.9858327
BORGHO,school,14.4660304,-4.6242031
École Diaba,school,14.0084164,-4.2021068
DIAFARABE,school,14.1415125,-5.0107008
DIAKOURI,school,14.36298,-5.07814
École Djongue Bambara,school,14.1044744,-4.1571225
DJONGUE OURO,school,14.1014103,-4.1393753
EDC -A-,school,14.0148338,-4.2290488
EDC -B-,school,14.0144038,-4.2284888
GAGNA [2ème C],school,14.0100984,-4.5113112
KIGNEY,school,14.45566,-4.84553
École Kodaga,school,14.1915637,-5.0173409
KONA MALI,school,14.4807256,-4.9301703
KOUAKOUROU [1er C],school,14.2198555,-4.491711
KOUAKOUROU [2ème C],school,14.2200041,-4.4915322
KOUBI,school,14.391321,-4.8676714
École Kouli,school,14.1332669,-5.1039571
École Kouna,school,14.2432757,-4.1439101
KOUROU,school,14.48,-4.964
LAWROU,school,14.2857749,-4.873776
MAYATAKE,school,14.3484097,-4.8986504
MOUSSAWAL,school,14.40334,-3.59887
N' GOSSIRI,school,14.3127445,-4.617781
NENEBOUGOU,school,14.4363281,-5.4094329
N'GOUREMA,school,14.4146119,-4.5448995
NIA-OURO,school,14.0099759,-4.1239873
OURO MODI [2ème C],school,14.2800139,-4.5999918
OURO-MODI,school,14.2800139,-4.5999918
École Penga,school,14.4273115,-4.8766764
PORA,school,14.2,-4.526
École Samaye,school,14.0109096,-4.7298113
École Sene-Bambara,school,14.1950563,-5.1740633
École Sene-Marka,school,14.2017942,-5.1372212
SINDE-KORBO,school,14.4986128,-4.8225137
SOFARA [2ème C] II,school,14.0098439,-4.2310188
SOFARA -C-,school,14.010039,-4.2311019
SONGHODE,school,14.2953065,-4.7260314
SOUMANA THIENTA [1er C],school,14.1381881,-5.0143473
SOYE,school,14.4943201,-3.0909438
TADA MOUNOU ISLAMI SOFARA,school,14.0099141,-4.2308927
TAHIROU CISSE B,school,14.45648,-4.91382
TELLEYE,school,14.4701732,-5.2013236
TENENKOU,school,14.46035,-4.91617
THIAL,school,14.5,-5.025
École Tjilembeya,school,14.15086,-4.98953
YONGHA,school,14.14,-4.591
BAHAMABOUGOU,school,14.4428333,-9.3963
FATAO,school,14.32655,-9.5321333
FATAO,school,14.32655,-9.5321333
ITTIHADIYA NOUMOUKOLO,school,14.33915,-9.80725
KARY,school,14.3226833,-9.6028833
LAMBIDOU 'B',school,14.3164,-9.5466667
LEKOURAGA,school,14.4198833,-10.0941167
SAGABARA-MORIBA,school,14.3087724,-9.0352898
SANGHA MADINA,school,14.3454667,-9.9791833
SANSANKIDE,school,14.4248667,-9.9610833
TINKARE,school,14.4899167,-9.1795
TINKARE MEDERSA,school,14.4899167,-9.1795
TINKARE MEDERSA [2ème C],school,14.4899167,-9.1795
AHALIYA [1er C] (FOABOUGOU),school,14.3001541,-6.0113776
AHALIYA [2ème C] (FOABOUGOU),school,14.2999643,-6.0128422
APPUI AU SAHEL,school,14.2785397,-5.9606255
B10,school,14.482658,-5.9405592
BABA TRAORE [2ème C]YCLE,school,14.0396006,-6.0638074
BABA TRAORE B,school,14.0396006,-6.0638074
BAGADADJI Km36,school,14.3359982,-6.0024146
BALLA DIARRA (MEDINA Km39),school,14.3477185,-5.9899033
BAMADA,school,14.2893903,-5.852703
BANISSIRAÎLA B2,school,14.3816338,-5.9632862
BEKAYE WERE,school,14.2843927,-6.0864834
BENGO,school,14.2056122,-5.4589288
École Bôh,school,14.0982288,-6.1177483
BOKY-WERE [1er C],school,14.009257,-5.6004974
BOKY-WERE [2ème C],school,14.009963,-5.6006797
BOLIBALA B6 [1er C],school,14.4277819,-5.927787
BOLIBANA B6 [2ème C],school,14.4282806,-5.9277333
BOUGOUNI [1er C],school,14.416083,-6.0022225
BOUGOUNI [2ème C]YCLE,school,14.4160622,-6.0022212
BOUYAGUI WERE,school,14.4830477,-6.0363472
COLLEGE G' A.T.T. [2ème C],school,14.2247671,-5.9793365
DARSALAM,school,14.461944,-5.988055
DIAKY WERE [2ème C]YCLE,school,14.4401807,-6.0029689
DIAKY-WERE [1er C],school,14.440354,-6.0035011
École Dongaly,school,14.1142042,-6.1104558
ECOM KEROUANE M 5,school,14.3049332,-6.0321608
ECOM de FLANGANI,school,14.3526596,-5.3645127
ECU TIEMABA,school,14.220266,-5.907807
EL FALAHI WARCHAD [1er C],school,14.0411395,-6.0693623
EL FALAHI WARCHAD [2ème C],school,14.0411395,-6.0693623
ELHADJ SOULEYMANE CISSOUMA (TISSANA N9),school,14.359759,-5.9131
FASSOUM,school,14.4795397,-5.9897253
FING,school,14.0663379,-5.484599
FOABOUGOU [1er C],school,14.2993289,-6.0117693
HAYATOUL [2ème C],school,14.0441825,-6.0615998
HEREMAKONO,school,14.4166661,-5.9774713
ITHADIATOU [1er C],school,14.2520795,-5.983731
ITHADIATOU [2ème C],school,14.2520795,-5.983731
KALA NAMPALA,school,14.1469261,-5.8625603
École Kama,school,14.0669818,-5.2562346
KANABOUGOU [1er C]YCLE,school,14.1288363,-6.0287039
KANABOUGOU [2ème C],school,14.1299374,-6.0295487
KANASSOKO,school,14.4447943,-5.9188697
École Kati-Coura,school,14.2590778,-6.0668375
KOKORO,school,14.3547965,-5.4898185
École Kolodougou Coro,school,14.1410664,-5.9791412
KOLONI Km26,school,14.2497756,-5.9937078
KOMARA,school,14.1199022,-5.1424771
KONOKASSI,school,14.3673867,-6.0710563
KOUE BAMANAN,school,14.2672427,-5.9095339
KOULEBOUGOU,school,14.0763539,-5.5393264
KOUYAN PEGUENA,school,14.2455236,-5.9806232
École Laminibougou,school,14.0860649,-6.0498368
MARKABOUGOU,school,14.0387008,-5.8545359
MEDARSA KM-26,school,14.2537561,-5.9916223
MEDERSA ABOUBACAR SIDIKI,school,14.0402078,-6.0634321
MEDERSA ABOUBACAR SIDIKI [2ème C],school,14.0453084,-6.0686336
MEDERSA AHALIA KANASSAKO,school,14.448088,-5.916471
MEDERSA BOUTA WERE,school,14.3159655,-6.0259698
MEDERSA BOUTA-WERE,school,14.3159706,-6.0258143
MEDERSA communautaire ND11,school,14.4730221,-5.9414104
MEDERSA DIARRAKA WERE,school,14.2116376,-6.1027393
MEDERSA ITHADIATOU B1,school,14.3712042,-5.9671541
Medersa Km39 [1er C],school,14.351909,-5.9887236
Medersa Km 39 [2ème C],school,14.3522176,-5.9887335
MEDERSA N5 TIGABOUGOU,school,14.309667,-5.9559396
MEDERSA SABIL EL FALAH [2ème C](MOLODO),school,14.2368251,-6.0185404
MEDERSA TENEGUE N10,school,14.342326,-5.9439639
MEDERSA TOUARA,school,14.0055782,-5.2101589
MEDERSAS FABA CORO,school,14.4390642,-6.0467047
MEDINA COURA B3,school,14.3952294,-5.9387102
MERDERSA SABIL EL FALAH(MOLODO) [1er C],school,14.2430231,-6.0184429
MGR LECLERC I,school,14.2515255,-5.9893234
MGR LECLERC II,school,14.2509227,-5.9898104
MOLODO [1er C] A,school,14.2377845,-6.0159873
MOLODO [1er C] B,school,14.2377845,-6.0159873
MOLODO [2ème C] A,school,14.2502682,-6.0639889
MOLODO [2ème C] B,school,14.2505158,-6.063793
MOLODO BAMANA,school,14.2456352,-6.0530765
MONIMPE,school,14.1432301,-5.5223638
MONIMPE [2ème C],school,14.1432301,-5.5223638
MOURDIAH Km17,school,14.1841089,-6.0236248
École Moussa Were,school,14.1522955,-5.9945119
MOUSSA WERE RACHIDI,school,14.1593515,-5.9984894
NANABOUGOU,school,14.1754991,-5.6452549
ND 11,school,14.4682384,-5.9374979
N'DEBOUGOU [1er C] A,school,14.3707721,-5.9804057
N'DEBOUGOU [1er C] B,school,14.3705955,-5.9804325
N'DEBOUGOU [2ème C]A,school,14.370611,-5.980218
N'DEBOUGOU [2ème C] B,school,14.37045,-5.9803467
N'DJEDOUGOU,school,14.3604611,-5.9831119
N'DJELLA,school,14.3174403,-5.8868038
N'GALAMADIAN,school,14.1452267,-6.0099155
École Niafassi Bamanan,school,14.1955225,-6.0495592
École Niaminani,school,14.2285544,-6.038414
NIEGUE Km23,school,14.229358,-5.9903238
NIOBOUGOU B1,school,14.3713611,-5.9673758
NIONO I B,school,14.25,-5.982
NIONO IV B,school,14.25,-5.982
NIONO [2ème C] A,school,14.25,-5.982
NIONO [2ème C] B,school,14.25,-5.982
NIONO I A,school,14.25,-5.982
NIONO II A,school,14.25,-5.982
NIONO II B,school,14.25,-5.982
NIONO III,school,14.25,-5.982
NIONO IV A,school,14.25,-5.982
NIONO [2ème C] C,school,14.25,-5.982
NIONO [2ème C] D,school,14.25,-5.982
École Nono,school,14.2475459,-5.406545
QUINZAMBOUGOU M2,school,14.2700459,-6.0360741
RINGANDE,school,14.4390857,-5.9777501
SAADATI ABADIATI ND5,school,14.4043055,-5.9351945
SAAdou Siwaza Sokourani,school,14.220182,-6.0510314
SAADOUZI WAZA(HEREMAKONO),school,14.414648,-5.9824265
SABIL EL ANWAR ESSAKAFIYA [2ème C],school,14.2520795,-5.983731
SABIL EL HIDAYATE [1er C],school,14.2573775,-5.9736451
SABIL EL HIDAYATE [2ème C],school,14.2500271,-5.9735701
SABILOUL ANWARESSAKAFIYA,school,14.2520795,-5.983731
SASSAGODJI N4,school,14.3094334,-5.960409
SAYONA N6,school,14.3214092,-5.9583534
SERIWALA Km30 [2ème C],school,14.286109,-6.0183073
École Siami,school,14.0004391,-5.4243401
SIBY M12,school,14.3603561,-6.0019177
SIENGO,school,14.4008995,-5.9782117
École Siguine,school,14.0994524,-5.8645248
SIRAKORO,school,14.0010704,-5.9682288
SIRIBALA [1er C] A,school,14.0402359,-6.0678631
SIRIBALA [2ème C] A,school,14.041017,-6.0677669
SIRIBALA [2ème C] B,school,14.041017,-6.0677669
SIRIWALA KM30 [1er C],school,14.2855507,-6.0178689
SOKOURANI,school,14.220182,-6.0510314
École Soumouni,school,14.1371472,-5.2337484
STATION DU SAHEL [1er C] A,school,14.2739364,-5.9614862
STATION DU SAHEL [2ème C],school,14.2734657,-5.9611532
STATION SAHEL [1er C] B,school,14.2736978,-5.9579551
TARBIATOUL ISLAMIA [1er C],school,14.2636951,-5.9638307
TARBIATOUL ISLAMIA [2ème C],school,14.2636951,-5.9638307
TENEGUE ECOM N10,school,14.339782,-5.9453632
TIEMEDELI CORO,school,14.1511657,-6.0961743
TIGABOUGOU N5,school,14.3133357,-5.9564584
TIGABOUGOU ND5,school,14.4100662,-5.9345673
TOMI,school,14.0116855,-5.5534695
TOUARA,school,14.003257,-5.2082784
TOUBA M7,school,14.3291739,-6.0247563
TOUGOU COURA ND 14,school,14.494329,-5.9475592
TOUGOUN,school,14.115949,-5.55224
École Toumakoro,school,14.0586065,-6.1806273
TOYE,school,14.08,-4.928
WEREKELA [2ème C],school,14.3261016,-5.9460125
ZITINGA,school,14.4369735,-6.0549667
Lycée Boubou Sow,school,14.4350119,-11.4336376
École Boumguel 1er C,school,14.1593449,-4.109696
École Pomorododiou-Begne,school,14.1524464,-3.1739082
École Youdiou [2ème C],school,14.2759986,-3.1739973
École Fondamentale Ogodenngou,school,14.2092415,-3.1797496
École fondamentale Youdiou,school,14.2754288,-3.1743238
École Togo-Tina,school,14.1249211,-3.2109641
École Fondamentale Oropa,school,14.1965732,-3.2626664
École Ourokoun,school,14.2539898,-3.0571532
École Timessegou,school,14.0700956,-3.3090516
Yadianga 2 cycle,school,14.0689062,-3.1982189
École Patin,school,14.2663285,-3.1063885
École Merdersa Tigabougou N5[2ème C],school,14.30974,-5.9560405
École Kolodougou-Coura,school,14.2017642,-5.9658647
Goundaka 1er C,school,14.0659695,-4.1809244
École Simerou I&II,school,14.4448562,-3.0870485
École Kountogoro 1er cycle,school,14.0953401,-3.3507947
Benibana école 1er cycle,school,14.1089588,-3.165542
Danadougourou I,school,14.1879649,-3.0624592
École Djimerou [1er C],school,14.1611418,-3.3110936
Tawanongou École [1er cycle],school,14.107715,-3.3222498
École Teme-Na II,school,14.1207799,-3.3358939
École franco-arabe publique SIDIBE,school,16.2551551,-0.1017362
BOSSALIA,school,16.9949326,-0.7637419
École Essakané II,school,15.9096122,2.4151757
BOUNTI-DAKA,school,15.2,-2.588
DALLAH [2ème C],school,15.1030077,-2.6432544
NOKARA,school,15.1737201,-2.3957908
SIGUIRI,school,15.14536,-2.45251
NANI (ECU),school,15.06,-2.535
INKADEWANE,school,16.4850312,2.1833454
INKADEWANE [2ème C],school,16.4851135,2.1838551
N'GOUMA A,school,15.63,-3.372
KERENA,school,15.03,-2.687
OUALO,school,15.48,-3.774
TIN ABAW,school,15.7413023,2.5061842
AMA,school,15.13537,-2.53625
BANCOMA,school,16.8081821,-2.0564206
BANDE,school,15.82,-3.91
BATOUMA,school,15.84,-4.024
BERIA,school,15.41,-1.719
BONI [2ème C],school,15.0713196,-2.2224746
BONI A,school,15.0702921,-2.2222983
BONI B,school,15.07,-2.223
BOULA,school,15.2100725,-2.6847908
BOUMBANKI,school,15.32,-1.86
BOUMBOUM,school,15.02,-1.724
BOUNDOUKOLY,school,15.1040394,-3.0308283
BOUNTY,school,15.199988,-2.5879933
DAGANA,school,15.1156994,-2.0597358
DAKA KOUKO,school,15.24,-1.554
DALLAH [1er C],school,15.1029961,-2.6432547
DANSA,school,15.07,-2.725
DARAWAL,school,15.17083,-1.73408
DOUNDE,school,15.68,-3.294
ENA-THIOKI,school,15.06,-3.434
GALLOU,school,15.25,-1.587
GOÏLEIL,school,15.3104619,-1.929369
GOUI,school,16.2275129,-3.2214401
GUELEWEL,school,15.8,-3.052
HOMBORI [1er C],school,15.2799996,-1.6999937
HOMBORI [2ème C],school,15.2799829,-1.699994
HOMBORI BENE,school,15.2799879,-1.7000153
KANIOUME,school,15.79,-3.156
KANTAKINE,school,15.28,-1.734
KELMI,school,15.24,-1.679
KISSIM,school,15.24,-1.722
KOBOU,school,15.12163,-1.691839
KOÏRA BERI,school,15.05,-3.193
LORO,school,15.0869925,-2.1725144
MAMARIBOUGOU,school,15.50352,-3.58014
NEMGUENE,school,15.0163316,-2.4119391
N'GOUMA B,school,15.63,-3.372
N'GOUMA [2ème C],school,15.63,-3.372
OURO N'GUEROU,school,15.1096538,-2.1613009
ROUNDE BANKALFA,school,15.58,-3.55
TABI,school,15.0289974,-2.0506402
THIN HABOU,school,15.2098991,-2.6848257
TOUNDOUROU,school,15.24,-1.704
TOUPERE,school,15.0062425,-2.0831595
WAMDERABERE,school,15.11,-1.735
YORBOU,school,15.1172052,-2.0198319
ALMOUNO DJINDO,school,16.7335819,-0.278004
ABDOULAYE A. MAÏGA (GARBAME),school,17.0079821,-1.215771
ABDOULAYE Z. MAÏGA (BOUREM III),school,16.9525162,-0.3508274
ABOUNGOULOU,school,15.3359646,3.2352591
Adarnamel,school,15.9526444,0.6341367
ADIATA,school,16.9970206,-1.4797548
AFOULANE,school,15.3657049,3.2440245
AGAMHOR,school,17.2775383,0.0266014
AGAZRAGANE,school,16.042222,3.434722
Agdilinta,school,16.2280653,0.532205
AGSAHA,school,16.2277966,0.6734287
AHINA,school,16.499166,0.653055
AKABAR,school,15.3512898,1.9939087
AKOURAYE,school,16.42,-0.1125
ALADI,school,15.861944,3.414722
ALITIHADOU AL ISLAMIA (BAGNADJI);BAGNADJI,school,16.51,-0.1229
ALJANABANDIA C,school,16.2802317,-0.0387086
ALJANABANDIA [2ème C],school,16.2808632,-0.0382982
ALJANABANDJA A,school,16.280438,-0.0385197
ALJANABANDJA B,school,16.2799535,-0.0387509
ALZANABANDIA ZABA,school,16.2806381,-0.0384513
AMASRAKAD,school,17.0813558,0.7630336
AMAYDAGAL,school,15.9444444,0.5622222
ANDERAMBOUKANE [2ème C],school,15.4210533,3.0233608
ANDERAMBOUKANE A,school,15.4210533,3.0230926
ANDERAMBOUKANE B,school,15.424394,3.019241
ANOUZAGRENE,school,15.5370848,2.4971794
ANOUZAGRENE [2ème C],school,15.53711,2.49717
ARGA BECHE,school,16.7080726,0.2093143
ARHABOU,school,16.1697335,-0.0023764
ASKIA ISLAMI LOBOU,school,16.2655583,-0.0949555
ASSEW,school,15.9090004,3.1681938
ASSOHWI ISLAM [1er C],school,16.4847222,-0.0680556
ASSOHWI ISLAM [2ème C],school,16.4847222,-0.0680556
ATTAHER MAÏGA (BARIA),school,16.8814669,-0.2987856
Lycée de Badji Gourma,school,15.7014098,0.4315725
BADJI - HAOUSSA A,school,15.6824909,0.4992754
BADJI - HAOUSSA B,school,15.6829248,0.4989535
École de Badji Gourma,school,15.7015441,0.4319212
BADJI-HAOUSSA S/C,school,15.6823257,0.4991466
Bagoundie P/C;Bagoundie S/C,school,16.2191446,-0.0193434
BAHONDO [2ème C],school,16.9856647,-1.4362451
BAMBA II,school,17.0331607,-1.4036363
BANGOU,school,15.597777,0.938055
BARA P/C B,school,15.8232238,0.314015
BARINGOUMA,school,16.3865622,-0.0853511
BARKAÏNA,school,16.9698329,-0.7211445
BATTAL,school,16.3823263,-0.0107435
BAZI,school,15.53685,0.20094
BENTIA [2ème C];BENTIA P/C,school,15.3496399,0.758397
BERRAH [1er C],school,16.3199891,-0.0221827
BERRAH [2ème C],school,16.3200109,-0.0221868
BIA [2ème C],school,16.8386596,-0.2606859
BORMO,school,17.002248,-0.892773
BORNO,school,17.0042066,-0.8887933
BOULGOUNDIE A,school,16.25908,0.3292
BOULGOUNDIE B,school,16.25908,0.3292
BOULGOUNDIE S/C,school,16.25908,0.3292
BOUREM I,school,16.9525681,-0.3515254
BOUREM II,school,16.9559167,-0.3500782
BOUREM IV,school,16.949146,-0.3422828
BOUREM PLATEAU,school,16.9577146,-0.350102
BOUREM-FOGHAS,school,16.9547703,-0.353845
BOYA S/C,school,15.8677108,0.221043
CENTRE FRANCO ARABBE TIN SAKO,school,17.0077552,-0.8026302
CENTRE franco-arabe TIN SAKO,school,17.0075194,-0.8022761
CENTRE IBN ABDOULBAKR POUR L'ENSEIGNEMENT ET LA SANTE,school,15.9132371,2.402743
CHABARIA,school,16.9194464,-0.6325796
CHEWI,school,16.9548133,-0.9726459
DAR ALHADIS,school,16.9615333,-0.3509024
DAR AL CORAN WAL HADISH (BANDJINDA),school,16.9986867,-1.5216138
DAR AL KHAÏRIA (ALJANABANDIA),school,16.2802505,-0.0383406
DAR AL KOURANE AL KARIM(BARBON),school,15.5072434,0.5707845
DAR ALHADIS GOUNGOUMARI KADJI [1er C],school,16.1923595,-0.066432
DAR ALHADIS GOUNGOUMARI KADJI [2ème C],school,16.1923182,-0.066078
DAR HADISSOU [2ème C],school,16.9603758,-0.3596554
DARL ALHADIS (KAREYBANDIA HOURAMIGNO),school,16.6411102,-0.1637773
DAROU ALHADIS-ALHARIA (KOKOROM),school,16.42,-0.1145
DAROUL ALHADISSE HAOUSSA FOULANE,school,15.9947112,0.1318434
DAROUL ARQUAN ISLAMIYAT (FAGOUNA) [1er C],school,16.55,-0.08478
DAROUL ARQUAN ISLAMIYAT (FAGOUNA) [2ème C],school,16.55,-0.08478
DAROUL FAISINE (DOUMBARIA) [1er C],school,16.5,-0.1198
DENGHA [1er C],school,16.8104493,-0.2535233
DENGHA GOURMA,school,16.8104493,-0.2535233
DENGHA S/C,school,16.810145,-0.2489228
DIOULABOUGOU PUBLIC A,school,16.2809127,-0.0479852
DIOULABOUGOU PUBLIC B,school,16.2809281,-0.0478832
DJEBOCK P/C,school,16.3438039,0.2799142
DJEBOCK S/C,school,16.3439942,0.279892
DJIDARA P/C,school,15.76,0.4046572
DONGHOÏ BANO,school,16.91,-0.6825
DOREYE,school,15.8201076,-0.4113221
DOUMBARIA,school,15.7199774,0.4106519
DOUMBARIA,school,15.72,0.4106472
EBAGAW,school,16.649057,0.2504058
École Ebandagh,school,15.8643415,2.4160775
ECHAG,school,16.237222,0.208888
École fondamentale de AZABAGBAG,school,16.2848475,-0.6568424
École fondamentale de KOÏMA [1er C],school,16.3203277,-0.0725636
École fondamentale de KOÏMA [2ème C],school,16.3203946,-0.0718448
École fondamentale de N'TILLIT S/C,school,15.5255043,-0.4758951
École fondamentale de WAS-WAS,school,16.1667631,0.6648892
ECU de AKERAWATE,school,15.5496546,-0.48374
Egaf Nanou,school,15.53085,-0.6823072
ELAWAYANE,school,17.1857985,0.9688487
EMIS-EMIS,school,16.146944,3.267222
ESSAÏLAL,school,15.804444,2.521666
ESSAÏLAL-INBAHOU,school,15.634722,2.701388
ETAMBAW,school,15.88998,3.9351214
FAFA - GOURMA,school,15.3376898,0.7178527
FAFA-HAOUSSA [1er C],school,15.3236527,0.7473744
FAFA-HAOUSSA S/C,school,15.3245426,0.7480933
FAGOUNA publique,school,16.556975,-0.0814035
FAIT,school,15.3525,3.023333
FARANDJIREYE A;FARANDJIREYE C,school,16.29,-0.0460023
FARANDJIREYE B,school,16.29,-0.046
FASANFAS,school,17.1007356,0.3882103
FASSIBIL AL HIDAYATI,school,15.9131362,2.4027527
FIA,school,16.9685717,-0.9966549
FIA II,school,16.9706124,-0.997287
FORGHO ARMA,school,15.89,0.2057609
FORGHO P/C,school,16.5068974,-0.0732181
FORGHO S/C,school,16.5068688,-0.0730459
FORGO GAINA,school,16.4822035,-0.0630764
franco-arabe de Tamkoutat,school,16.2252609,0.8824177
Franco-arabe de Garbara,school,15.8774415,0.2206279
GABAME,school,16.4697644,-0.1224327
GABERO-ZINDA [1er C]ycle,school,16.0158691,0.0799047
GABERO-ZINDA S/C,school,16.015998,0.0796355
GAÏNA,school,15.7879835,0.2740875
Unnamed School,school,16.3476386,0.1039285
GAREYGOUNGO,school,17.0409437,-1.0635077
GARGOUNA [1er C],school,15.9237269,0.2191372
École de Goléa,school,15.6059545,0.4528832
GOROM-GOROM P/C,school,16.2400642,-0.0880704
GOROM-GOROM S/C,school,16.2363228,-0.0884853
GOUNGA,school,15.4974942,0.5464354
GOURA,school,16.59,-0.1021
GOUTHINE,school,15.8304343,0.2975032
HÂ,school,16.6484494,-0.2921191
HA ZARMOU,school,16.6734112,-0.2856803
HAMAKOULADJI P/C,school,16.6142049,-0.1109611
HAMAKOULADJI S/C,school,16.6139068,-0.1109397
HAMANE KOÏRA,school,16.8041814,-0.3220042
HAMANE KOIRA [2ème C],school,16.8036792,-0.3224895
HAMGOUNDJI,school,17.0503422,-1.1258373
HAMMA ADABARA MAÏGA (KERMACHOUE),school,17.0366385,-1.4817197
HAOUSSA- FOULANE [2ème C]YCLE,school,15.991514,0.1349306
HAOUSSA- FOULANE P/C,school,15.9920709,0.1342869
HARIA,school,16.160833,2.536111
HAROUM,school,15.149444,0.344166
HASSANE NIENDOU (LELLEHOYE),school,15.5550863,0.4972995
HAWA,school,16.9858831,-0.5040608
HAWA GOURMA,school,16.9538503,-0.5043039
HINA DICKO,school,16.7326845,-0.2814795
HIYAOU OULOUMIDINE (TONDIBI),school,16.6519242,-0.2213574
HOURARA,school,15.0547112,0.6360015
IBALAGANE,school,17.379701,2.345686
IFALAW-LAWANE,school,16.4424122,0.0873883
IGADOU,school,16.0633957,3.6873615
IITTIHAD ISLAMIC de BAGNADJI,school,16.5094361,-0.1242805
IKALAFANE,school,15.3611111,3.1647222
IMAKARA,school,16.055555,3.021111
IMBOUGARETANE,school,16.3097246,2.4725948
IMENAS,school,16.3069269,0.7077772
IMISDOUNANE,school,16.684444,2.461111
IMMACH,school,15.9488132,2.3513878
INADALAB,school,16.7518583,0.1181861
INAGAD,school,16.375555,3.790277
INAGAM,school,16.140555,2.590555
INAGAR,school,16.065,2.269444
INEKAR,school,15.94871,3.1562901
INALAKAM,school,15.769166,1.168611
INARABANE,school,15.524444,1.932777
INARINKIDANE,school,15.701944,2.726111
INASSAKOK,school,16.5749994,0.1154427
INASSASSOUM,school,16.144444,3.855833
INAZOLE,school,15.874444,2.135555
INCHINANE,school,15.604444,3.379722
INEKAR OUEST,school,15.933333,1.955833
INEKAR [2ème C],school,15.9493445,3.1565047
INEKAR-TADIRIANTE,school,16.6258333,3.1483333
INFOUKARETANE,school,15.391944,2.153055
INGOUYAS,school,15.7458097,2.5198672
INHINITA,school,16.284166,2.037222
INIYISSE,school,17.1477778,0.4172222
INJAKOK,school,15.4752,3.0150889
INKIRINGUYA,school,15.7556605,2.4980593
INKOUROU,school,16.57,0.301388
Unnamed School,school,16.3710138,0.0792466
INOLAMANE,school,15.767777,2.587777
INTADEYNE,school,16.175277,2.415833
INTAGHAT,school,15.8682096,2.4100752
INTAHAKA,school,16.2015595,-0.4745056
INTIBAKATENE,school,16.1266667,0.6227778
IN-TILLIT P/C,school,15.5250885,-0.4762391
INTIMARWALENE,school,16.7628934,0.3929353
INTINAWENE,school,15.91,-2.402
INTIRIKENE,school,15.438888,2.840555
INTITALIWENE,school,15.91,-2.402
INTITALIWENE [2ème C],school,15.91,-2.402
IN-WELENE,school,16.553888,1.699166
ISSEYANGA,school,16.0572792,-0.7117455
ISSOUF OUSMANE (KARABASSANE),school,16.874304,-0.3601249
JAMEYE KOUMSOUM S/C,school,16.54,-0.07157
JAMEYE KOUNSOUM,school,16.54,-0.07157
KADJI GOUNGOUMARI,school,16.1918134,-0.0666144
KADJI P/C,school,16.1919782,-0.0669578
KADJI [2ème C],school,16.1923079,-0.0668934
KADJI TANDAGARI,school,16.1919576,-0.0661316
KALAFA (OUAGAYE),school,17.0303419,-1.350305
KARDJIME,school,15.9738736,0.1090218
KAREIBANDIA HAOUSSA S/C,school,16.6410793,-0.1641421
KAREYBANDIA GOURMA,school,16.640884,-0.1638739
KAREYBANDIA HAOUSSA,school,16.6405962,-0.1634984
KAROU,school,15.1329941,0.6775968
KERMACHOUE [2ème C],school,17.0346221,-1.4817554
KOCHIAKAREYE,school,16.4479107,-0.120358
KOÏMA S/C,school,16.3204615,-0.0721184
KOÏSSA,school,15.9398578,0.163523
KOKOROM,school,16.42,-0.1145
KOURMINA I,school,16.9477016,-0.685395
KOURMINA II,school,16.9485823,-0.6851759
LELLEHOYE [2ème C],school,15.5584129,0.4945752
LELLEHOYE-HAOUSSA,school,15.55,0.4945659
LOBOU,school,16.266059,-0.0981816
MAGNADOUE P/C,school,16.384722,-0.051388
MAGNADOUE [2ème C],school,16.384722,-0.051388
MEDERSA ALHOUDA GARGOUNA,school,15.9292349,0.2165677
MEDERSA DAROUNNAÏNI de MAGNADOUE,school,16.384722,-0.051388
MEDERSA NACHROL ISLAMI ALKAKAIRA,school,16.16,-0.06696
MEDERSA École privée de SEYNA (MOUSSAB IBN OUMAIR),school,16.3561034,-0.0203288
MEDERSA RIYDIL DJANATI de BERRAH,school,16.3425,-0.0233333
MEDERSA SADATOU de SADOU,school,16.2807151,-0.1016629
MEDERSA SALAMATOU (TIANAME),school,16.0157315,0.1254249
MEKARA,school,15.6699819,0.4501366
MENAKA I [1er C]YCLE,school,15.9249495,2.3988454
MENAKA I,school,15.9249024,2.3988239
MENAKA II,school,15.924925,2.39884
MENAKA II S/C,school,15.9248947,2.3988548
MENAKA III,school,15.9249227,2.3988719
MENAKA IV,school,15.9249308,2.3988185
MOHAMED LAMINE HAÏDARA (BIA),school,16.8366141,-0.2650033
MONZONGA P/C,school,15.55,0.4636365
MONZONGA S/C,school,15.5499755,0.4636419
MOUDAKANE,school,16.8243594,-0.2574675
NAHDATOU AL ISLAMIA (KAREYBANDIA) [1er C],school,16.6406476,-0.1640885
NAHDATOU AL ISLAMIA (KAREYBANDIA) [2ème C],school,16.6405962,-0.1637666
NOUR AL HOUDA (GOUNDJI),school,17.0193248,-1.4348002
NOUR ALHOUDA JAMEYE [1er C],school,16.53,-0.06787
NOUR ALHOUDA JAMEYE [2ème C],school,16.53,-0.06787
N'TAHAKA S/C,school,16.2049509,-0.476306
N'TAHANE,school,17.0159884,-1.4743315
SABLES SAINT EXUPERY,school,16.7299213,-0.2792103
OUATAGOUNA P/C,school,15.1826529,0.7229771
OUATAGOUNA S/C,school,15.1824458,0.7234653
OUATAGOUNA GOURMA,school,15.1814143,0.683503
OUSSADJA,school,15.8499109,-0.3148291
SABILOU N'NADJAH N'BALDE HAOUSSA,school,16.5995642,-0.1600833
SABILOU N'NADJAHA -HAMAKOULADJI,school,16.6146059,-0.1110684
SABILOUL HOUDA,school,16.2502936,-0.0552971
SABILOUL IRCHAD (MAGNADOUE) [1er C],school,16.3834174,-0.0485839
SABILOUL IRCHAD (MAGNADOUE) [2ème C],school,16.3834174,-0.0485839
SADOU,school,16.2827079,-0.0986291
SAGAYAR TOUJA TOURE (BAHONDO),school,16.9852178,-1.4360647
SAGOUBERI,school,17.0346248,-1.463676
SAHANOU ABOUBA (BOUREM DJINDO),school,16.9102139,-0.3579399
SAHENE,school,17.260833,2.991944
SAMIT,school,16.7212852,0.7692358
SAROU SOUNA (BATTAL),school,16.3820381,-0.0106469
SEYNA,school,15.609145,0.5030168
SEYNA,school,16.35,-0.0195
SEYNA-GOURMA,school,15.61,0.5031155
Seyna-Île,school,15.6203019,0.4900431
SEYNAME,school,16.35,-0.07148
SOBORI,school,17.0360343,-1.2939401
SOLIDARITE ISLAMIQUE (FORGHO) [1er C],school,16.5067456,-0.0732965
SOLIDARITE ISLAMIQUE (FORGHO) [2ème C],school,16.5068477,-0.0733761
SOSSOKOÏRA B,school,16.28,-0.04043
SOSSOKOÏRA A,school,16.28,-0.04043
SOSSOKOÏRA C,school,16.28,-0.04043
SOSSOKOIRA [2ème C],school,16.28,-0.04043
TABANGO S/C,school,15.8049634,0.3697619
TABANGO P/C,school,15.8048189,0.3701481
TABANGOUT,school,15.9663227,2.1460128
TABANGOUT I,school,15.966255,2.1459425
TABANGOUT II,school,15.9661975,2.1458686
Tabankort,school,17.8452137,0.3204781
TABANKORT I,school,16.06784,2.023079
TABORACK-TACHOTT,school,17.6314839,0.1269217
TABRICHATE,school,17.7325313,0.2060835
TACHARANE P/C,school,16.15,-0.07149
TACHARANE S/C,school,16.15,-0.07149
TADJALAT,school,16.9076685,0.5250713
Unnamed School,school,16.4259693,0.1594888
TAFIETE,school,15.825555,2.443888
TAGALALTE,school,15.4373148,2.7023684
TAGARANGABOT,school,15.76817,0.989295
TAHAGLA,school,15.530555,0.781944
TAHFIZ-ALKOURANE (GOLINGO),school,15.4866673,0.6430982
TAKALAFAT,school,16.2558939,0.3999715
TALOUMA II,school,15.40931,2.9224255
TAMAGAST (INORFANE),school,16.399722,0.515833
TAMAKAZA,school,15.174722,0.795277
TAMALAT,school,15.802663,3.719921
Tanala,school,15.414469,-0.5374371
TANDABISSANE,school,16.9717376,-0.9174275
TANKANE,school,16.9995544,-1.3884575
TANNAL,school,15.7616064,0.3451768
TARBIATOUL ISLAM KOÏMA,school,16.3203946,-0.0719628
TARINKAT,school,16.746666,2.680833
TASSIGA P/C,school,15.4784954,0.7061978
TASSIGA S/C,school,15.4789786,0.7068623
TASSIGA-GOURMA,school,15.4697605,0.6995855
TASSISRISTE,school,15.724166,2.531388
TEDJERERTE,school,16.973195,2.523581
TEMERA I,school,17.0006105,-0.9500888
TEMERA II,school,16.9980814,-0.9566495
TESKAOUT,school,16.6614958,0.6226561
N'DOSSO,school,10.8365667,-5.5527333
NEBADOUGOU ECOM,school,11.4368,-5.3683333
NGANA,school,11.8992762,-6.0532117
N'GOKO,school,10.4128667,-6.0350667
NGOLOKASSO,school,10.8149167,-5.8073333
NGOLOLA,school,11.0901833,-6.2394
N'GOLONA,school,10.4676833,-5.8304833
NIENA C,school,11.4247167,-6.3481667
NIENA D,school,11.4247167,-6.3481667
NIEZANSO [2ème C],school,11.5805667,-5.49975
NIEZANSO ECOM,school,11.5805667,-5.49975
NIGONI,school,11.3893333,-6.1850833
NIMBOUGOU [1er C],school,10.8566,-5.5057667
NKOURALA [2ème C],school,11.3591167,-6.1068833
NONGON-SOUALA [2ème C],school,11.7591667,-5.563
NONGO-SOUALA [1er C],school,11.7591667,-5.563
NOUGOULARMA,school,10.7749833,-6.1309333
NOUGOUME,school,11.3159,-6.2919
OUARASSO ECOM,school,11.6557667,-5.4800833
OUATIALI,school,10.7461167,-5.9506667
OUATIALY [2ème C]ycle,school,10.7461167,-5.9506667
OUAYEREMA [1er C]ycle I,school,11.3178167,-5.6671833
OUAYEREMA [1er C]ycle II,school,11.3187107,-5.6994688
OUAYEREMA [2ème C] I,school,11.3278269,-5.6625819
Ouekorobougou,school,11.4660167,-6.39705
OUELENI-FIEBALA,school,11.0241667,-5.717
OULOUM DINE - BAZANA,school,11.3208,-6.2431333
OUSSARA ECOM,school,11.6859333,-5.3835
PEMASSO,school,11.19685,-5.6948
PERASSO,school,10.679474,-5.6096843
PERE MIGUEL MAMASSONI,school,11.3479733,-5.6650971
PIAMA,school,10.8582667,-6.1097167
SENANI,school,11.0239,-5.8176833
SENINA,school,10.832972,-5.6611617
SEREKENI,school,10.7824898,-5.7602387
SEREKENI [2ème C]YCLE,school,10.7823897,-5.7602333
SEYDOU BOUGOU,school,11.6453333,-5.3068667
SIANI ECOM,school,11.6545333,-5.7481167
SIBIRASSO,school,10.9973,-5.6350167
Sibirifina[1er C],school,11.6474535,-6.0746833
Sibirifina [2ème C],school,11.6474833,-6.0746833
SIDARIBOUGOU,school,11.4575833,-5.7333362
SIECOURANI,school,10.7382,-5.6079667
SIEOU,school,10.7302833,-5.5586667
SINTANI,school,11.4072667,-6.0482
SINTY,school,10.6885667,-6.1824
SIRAKOROBA,school,11.31005,-6.2281167
SIRAKORONI-ZELELA,school,11.2773667,-6.34965
SOKOURANI - MISSIRIKORO,school,11.243009,-5.76039
SOKOURANI BOUGOULA,school,11.23528,-5.68357
SOKOURANI MISSIRIKORO [2ème C],school,11.2430722,-5.7607548
SOLIDARITE ENF. KAMELE SIRAKORO,school,11.2321231,-5.7267403
SOLOMANIBOUGOU,school,11.0492333,-5.55935
SONDIO [1er C],school,11.56755,-6.4435667
TELLA [2ème C],school,11.78225,-6.2495333
TENINA MIMA,school,11.86915,-6.1139167
TEREBOUGOU (ECOM),school,11.0568167,-6.1305333
TIALA,school,11.4887833,-6.4617333
TIEBA [1er C] A,school,11.31981,-5.6759412
TIEBA [1er C] B,school,11.3190439,-5.6779404
TIEBA [2ème C] I,school,11.3197438,-5.6759164
TIEBA [2ème C] II,school,11.3195952,-5.6755285
TIENI,school,10.8943167,-5.7418333
TIMPOLA,school,11.2751167,-6.3112167
TINZANADOUGOU,school,11.7816,-5.632
TIOGOLA,school,11.1006902,-5.7953325
TIOLA,school,11.3898,-6.2944167
TIORONA,school,11.58955,-6.4827167
TOFOLA [1er C]ycle,school,11.36555,-6.4858
TOFOLA [2ème C],school,11.3654997,-6.4857959
TOFOLANI,school,11.2671667,-6.2581
TONDJILA,school,11.3112333,-6.3278833
TONOKALACOURA,school,11.3303833,-6.51145
TONOKALAKORO,school,11.2103667,-6.1822667
TOROKORO,school,10.5833,-6.06145
TOROKORO [2ème C],school,10.5833,-6.06145
TOUBAN franco-arabe,school,10.5405667,-5.8310833
TOULEASSO ECOM,school,11.3984167,-5.4319333
TOURMADIE,school,11.60335,-5.6049333
TOURMADJIE,school,11.60335,-5.6049333
VAMARABOUGOU,school,11.4530333,-5.5894
VATA,school,10.52985,-5.97995
WARANA,school,11.2218167,-6.4370833
WATARASSO,school,10.7715833,-5.8033167
ZACKO,school,10.9327167,-6.1800667
ZAMBLARA,school,11.37337,-5.6539
ZAMIASSO,school,11.5954189,-6.210199
ZAMIASSO [2ème C],school,11.5954302,-6.2102035
ZAMPEDOUGOU,school,10.5268667,-5.5572167
ZANADOUGOU SIKASSO,school,11.2574362,-5.7126975
ZANDIOUGOULA,school,11.40319,-5.70216
ZANGABOUGOU,school,11.0187667,-5.5132167
ZANGARADOUGOU [2ème C],school,11.3866333,-5.5986167
ZANGARADOUGOU ECOM,school,11.3866333,-5.5986167
ZANGARADOUGOU PU,school,11.3866333,-5.5986167
ZANIENA [1er C],school,11.2691833,-6.4230333
ZANSO,school,10.8596667,-5.5992667
ZANTIGUILA [2ème C],school,11.5987167,-5.3345667
ZEGOUA [1er C] C,school,10.4887174,-5.6528172
ZEGOUA [2ème C]YCLE B,school,10.4888189,-5.6528226
ZEGOUA [2ème C] A,school,10.4888743,-5.6528387
ZEGOUA A,school,10.4887833,-5.6528333
ZEGOUA B,school,10.4887582,-5.6528279
ZEKOUN,school,10.3956333,-5.9916167
ZERELA,school,11.3051167,-5.3298
Zerelaba,school,11.3785565,-5.7734973
ZERELANI I,school,11.77845,-5.70775
ZERELANI II,school,11.77845,-5.70775
OUORONINA,school,12.0946167,-8.4007333
SAMAKO [1er C],school,12.2618,-8.28615
Samako[2e C],school,12.2617954,-8.2861495
NANKILABOUGOU,school,12.1716833,-8.2945
École Sinikuy,school,13.1995046,-4.2662541
École Kouna-Toumou,school,13.4745882,-3.9762766
PÊH,school,13.3984827,-3.9443043
DJIMDEMA,school,14.1118417,-2.9369526
EGUELA,school,14.2,-3.704
EGUELA [2ème C]YCLE,school,14.2,-3.704
ANAGADIA,school,14.35,-2.937
NIANKOROBOUGOU,school,11.0139333,-5.5571667
NIANTIORIBOUGOU,school,11.1306,-6.1577167
NIARADOUGOU ECOM,school,11.4486,-5.5482833
NIENA [2ème C] 'A',school,11.4247167,-6.3481667
NIENA [2ème C] 'B',school,11.4247167,-6.3481667
NIENA A,school,11.4247167,-6.3481667
NIENA B,school,11.4247167,-6.3481667
THIRISSORO,school,16.2968348,-0.0865545
Tessate,school,16.181944,2.515555
Tessit [1er C],school,15.22,-0.2926
TESSIT S/C,school,15.22,-0.2926
THIONVILLE CHATEAU A,school,16.2502936,-0.0552971
THIONVILLE CHATEAU B,school,16.2502936,-0.0552971
THIONVILLE CHATEAU C,school,16.2502936,-0.0552971
DIARHI,school,18.54,1.1907
DJOUNHAN,school,18.3925,1.1244444
FATA,school,16.16,-3.222
HAIBONGO [2ème C],school,16.2244897,-3.2463298
DIAWATOU,school,16.3346632,-3.417141
EF KOUBITA,school,15.37,-4.588
KARAL I,school,15.04,-5.147
M'BOUNA SASIMBA,school,15.09,-3.935
TONOMINA,school,15.21,-3.922
École mobile KEL ANTESSAR II,school,16.85,-3.443
DIAGABA,school,15.0886112,-7.4326212
MEDERSSA de NIMA BELLEBOUGOU,school,15.0644231,-7.3020835
TASSILIMA,school,15.094893,-7.2876371
Med.Djimeyni(Troungoumbé),school,15.2651333,-9.2286833
Med.Sirakoro(Troungoumbé),school,15.2651333,-9.2286833
HAMOU,school,15.0753167,-11.2680333
EL OULOUMOU CHARIYA:SAMBACANOU I [1er C],school,15.122547,-10.6978833
KOLLY,school,15.0491291,-7.5358541
BAMBAGOUMBA,school,15.1039106,-7.0124102
ANEFIF [1er C],school,18.0454724,0.5994107
ANEFIS [2ème C],school,18.045773,0.5999387
GARNATY,school,15.8231795,-3.5107625
GUEDIOU-GOURMA,school,16.1131767,-3.5278728
Akotkot,school,16.9026571,-3.2884005
ALBAKARY ALLIMAM PC,school,16.4120515,-3.6640145
ALPHAHOU,school,16.64,-3.755
HANGABERA,school,16.59,-3.726
AHEL DOKNANE,school,17.16,-2.667
THIONVILLE CHATEAU S/C,school,16.2502936,-0.0552971
Tonditihio,school,15.5105413,0.6149926
TOUHAYE,school,15.6786296,2.9579847
WADOUL ILMI AL ISLAM de TINAHEL,school,16.3078054,-0.0830249
WALET INJAGAL,school,16.644653,0.265907
WARITOUFOULOUT,school,17.355072,2.163886
WARTAKA,school,16.927222,2.928888
YOUNI,school,15.4271994,0.7423761
ZAKOYRA,school,15.7048335,0.4852085
ZAMANE,school,17.007069,-1.3002742
ZEID BIN THABIT S/C;ZEID BIN THABIT TIN HAMMA P/C;ZEID IBN THABIT,school,15.5808885,0.888657
ZINDIGA,school,16.312222,-0.041111
ASSALAHI WARASSADI TAKABA,school,15.0355833,-10.4767167
École primaire de Bafarara,school,15.3745786,-11.4762354
École sécondaire de Bafarara,school,15.3744667,-11.4764674
BANDIOUGOULA [1er C]ycle,school,15.2634,-10.5018333
BANDIOUGOULA [2ème C].,school,15.2634,-10.5018333
BENNA [1er C]ycle,school,15.0425667,-10.68905
BIROUL ISLAMIA:Dioncoulané [1er C],school,15.1038629,-10.6464935
BIROUL ISLAMIA:Dioncoulané [2ème C],school,15.1041024,-10.6464841
BLAZMIR,school,15.01105,-11.2492333
DAR SALAM BENNA,school,15.0425667,-10.68905
DIONCOULANE [2ème C],school,15.1039263,-10.6464721
EL OULOUMOU CHARIYA:SAMBACANOU I [2ème C],school,15.1223321,-10.6978431
FONCOURA - BA,school,15.0906333,-10.1915
HAMDALLAYE [1er C]ycle,school,15.2001667,-10.2563833
ISLAHOU DINE Yélimané ([1er C]),school,15.1177285,-10.5729075
ISLAHOU DINE YELIMANE ([2ème C]),school,15.1176695,-10.5730935
KODIE,school,15.2035552,-10.5289501
KODJE (Medersas),school,15.2027493,-10.5287011
MADERSA TOUL COURAN WAL HADISS DIONCOULANE II [1er C],school,15.2040994,-10.5289165
MADERSA TOUL COURAN WAL HADISS DIONCOULANE II [2ème C],school,15.1039833,-10.6464667
MAHAMADIYA MADERSATOU DIONCOULANE III [1er C],school,15.1038551,-10.6464439
MAHAMADIYA MADERSATOU DIONCOULANE III [2ème C],school,15.1040157,-10.646511
MAKANA,school,15.0803,-10.5279667
MEDERSA AL BAYANE de TOPOKONE ([1er C]),school,15.0370167,-10.5766667
INAKAFEL,school,19.0019444,0.8941667
INAKAROT,school,18.9552778,2.4775
INAMZIL,school,19.45,0.7351
INGUIDA AG HIBBA,school,18.1265728,1.2921943
INTADEYNI,school,18.6,1.3329
INTIBZAZ,school,17.825784,1.8680324
INTIKOI,school,18.4686751,1.3795747
KANNAYE,school,18.04,1.163
MADRASA KUWAIT,school,18.446757,1.408236
MOHAMED AG BAYE,school,19.29,1.8299265
TAGHLIT,school,19.72,0.931
TAKALLOT,school,18.15,1.391
TAMATAILALT,school,18.9361945,1.2661532
TANAÏNAÏT,school,18.77,1.5582
TASSIKT,school,18.1116319,1.6641604
TESSALIT VILLE,school,20.2058984,1.0114074
SAMBANCANOU,school,15.1223864,-10.6978712
SIRAKORO,school,15.1806833,-10.2882333
TAKABA,school,15.0355833,-10.4767167
TANGADONGA,school,15.0078333,-10.4631833
TANGO,school,15.012,-10.3793667
YARKA,school,15.09625,-10.6153833
YELIMANE [1er C] B,school,15.1244712,-10.5797204
YELIMANE [1er C]. A,school,15.1171071,-10.580289
YELIMANE [2ème C],school,15.1174592,-10.5809971
NARA [1er C],school,15.1648074,-7.2900081
NARA [1er C] E,school,15.170086,-7.2788984
NARA [1er C] F,school,15.1651668,-7.2893
NARA [1er C] B,school,15.1645392,-7.2895575
NARA [2ème C] A,school,15.1645392,-7.2895522
NARA [2ème C] B,school,15.1650535,-7.2893932
NARA [2ème C],school,15.1646787,-7.2897292
NARA [2ème C]M D,school,15.1710642,-7.2896727
SAADATOU AL ABADIYATOU,school,15.2261077,-8.7421308
SABARY,school,15.1621091,-7.0014186
SEKHELO (DABO),school,15.1015073,-8.5875911
AKKA,school,15.4,-3.424
AMBIRI,school,15.5115404,-4.2109486
AMBIRI [2ème C],school,15.5115404,-4.2109486
AOURE,school,15.52,-4.313
ATTARA,school,15.658,-4.34994
ATTARA [2ème C],school,15.658,-4.34994
BESSANA,school,15.33122,-3.74742
BOCARI OUOLOGUEM A,school,15.0,-4.09109
BOKORE,school,15.28,-3.865
DEBARE TIOKA publique mobile,school,15.2273295,-4.0130129
FETODJE [1er C],school,15.16,-4.508
FEYADJI,school,15.0,-5.202
GATHI-LOUMO,school,15.47,-4.611
GATHI-LOUMO [2ème C],school,15.47,-4.611
GOULOUMBO,school,15.27,-3.763
GOURAOU FULBE,school,15.3117385,-4.0331439
GUIDIO SARE [2ème C],school,15.3499237,-4.0723777
GUIDIO-SARE,school,15.3498732,-4.0721108
KANGOUROU EF,school,15.39,-4.406
KARL PRINZ,school,15.1187,-3.88732
KITA,school,15.12,-5.047
KOÏRA [1er C],school,15.656192,-4.3870539
KONTZA KADIAL,school,15.06,-3.877
KONTZA [1er C],school,15.06,-3.877
SANANGA - mobile,school,15.2264,-4.8415
SARAFERE,school,15.48,-3.866
TIOUKI,school,15.47,-4.559
TOMORA,school,15.07,-4.723
TONOMINA mobile,school,15.21,-3.922
YERE-YERE [1er C],school,15.0618255,-4.4541213
YOUWAROU-OURO,school,15.3663147,-4.2616459
ANAS BOUN MALICK(Mérémidy),school,15.2245833,-9.2854
BANIRE-K I,school,15.2077,-9.1520167
BAYANE DINIL ISLAM [1er C],school,15.2651333,-9.2286833
BAYANE DINIL ISLAM [2ème C],school,15.2651333,-9.2286833
BAYANE DINIL ISLAM [2ème C] (TRBE),school,15.2651333,-9.2286833
FRANDALLA [2ème C],school,15.1114839,-9.9812226
GADIABA-DIALLA,school,15.0822167,-9.7119167
GAVINANE,school,15.1352667,-9.8880333
GOULAMBE,school,15.1291559,-9.3691698
GUETEMA I,school,15.1203667,-9.5829167
ALASSANE ALAMINE TOURE,school,16.4120515,-3.6640145
ALBAKAYE(TEHERDJE) [1er C],school,16.741111,-2.687777
ALBAKAYE(TEHERDJE) [2ème C],school,16.741111,-2.687777
ALFALLAHAH AL ANSARIYA(ZORHO),school,19.44011,-2.11097
ALKAMABANGOU,school,16.72,-3.891
ALL.IMAM ESSAYOUTI,school,16.7735095,-3.0085229
ALMARITANE,school,15.7092139,-1.027168
ALPHA ABDOULAHI (DJINDJINA KOÏRA),school,16.7166667,2.7166667
AMADOU HAMMA MAÏGA,school,16.88,-1.923
Groupe scolaire,school,15.9300011,-3.9890123
AMARAGOUNGOU,school,16.78,-2.346
ARABEBE,school,16.0787731,-3.804277
ARATENE,school,16.356111,-4.584722
ARHAM,school,16.3780302,-3.3777669
ARRAHMAT,school,16.71,-2.988
ARSY,school,15.84,-2.782
ASSADOU KORA TOURE,school,17.15814,-2.28753
ASSADOU KORA TOURE [2ème C],school,17.15814,-2.28753
ASSOBOL,school,16.23,-3.729
ASSOUMANE ABDRAMANE DIALLO,school,16.4120515,-3.6640145
ATTA,school,16.18,-3.715
BABAGA,school,16.03,-3.433
BABAGA,school,16.03,-3.433
BAIDOJI AG IKNADODIAZ (BARIZE),school,16.7613325,-2.9945596
BAMBARA MAOUDE [2ème C],school,15.85,-2.786
BANAHARI (GAGHA),school,16.7276368,-2.6806115
BANDE,school,15.8239188,-3.9102843
BANEYE,school,16.2541727,-3.1791077
BANIKANE [1er C],school,16.04208,-3.5958911
BANIKANE [2ème C],school,16.04208,-3.5958911
BARAKA,school,15.73188,-3.955963
BATOUMA,school,15.8395801,-4.0239119
BILAL BONCOR,school,16.72,-3.765
BOCAR TOURE,school,15.8199396,-1.306858
BORANDA,school,16.7827642,-2.2804142
BOSS,school,16.73,-3.809
BOUGOUMEIRA,school,16.53,-3.731
BOUJBEHA,school,18.540277,-2.665
BOYA HAOUSSA,school,16.8569197,-1.9971114
BOYA-HONDO,school,16.49,-3.397
BOYO,school,15.7111691,-3.3648153
CHEICK NOUH [2ème C],school,16.707977,-2.984284
CHIRFIGA,school,16.09,-3.329
communautaire TIN-TAHATENE,school,15.8704726,-1.2707797
DABARASSIRE,school,16.45,-3.213
DAGODJI,school,15.8799162,-3.9957092
DAKA-KORO,school,15.869334,-2.841427
DANGHA [2ème C],school,16.4640539,-3.132751
DANGOUMA,school,16.8337585,-2.1552963
DENDEGUER,school,16.55,-3.763
DIANKE,school,15.725188,-4.6420486
DIARTOU,school,15.7851738,-4.5817001
DJIGALO ABDOU (SAHAMAR),school,16.8886757,-1.9517384
DJIRI BIBI,school,16.8429779,-2.0769486
DOFANA,school,15.7968153,-4.391474
DOUEKIRE,school,16.57,-3.373
DOUKOURIA,school,16.425555,-3.619166
DOYA,school,16.656388,-3.308333
ECHELL,school,16.27,-3.943
École de LA PAIX,school,16.784044,-3.014319
École de SEMBE,school,16.9092404,-1.8435708
École fondamentale de TEBEREMT,school,15.068323,-1.1472828
École fondamentale de TIN-GNERE,school,16.389722,-4.676666
École fondamentale de TINTADAINE,school,15.47037,-1.08807
École des sourds-muets de GOUNDAM,school,16.4120515,-3.6640145
ELHADJ OUMAR OUADIDIE [2ème C],school,16.664166,-2.964444
ELHADJ OUMAR OUADIDJE(HONDOUBOMO KOÏNA),school,16.6641917,-2.9644373
ELHADJI MOHAMED ALI (TIRIKENE),school,16.951944,-3.156111
EMINEFAD HANZAKOMA,school,16.7201185,-2.4436159
ESSAKANE,school,16.78,-3.633
ESSAKANE [2ème C],school,16.78,-3.633
FARABANGO,school,16.360469,-3.3087865
FARAN BAKAYE [1er C],school,16.7522406,-2.3659123
FARAN BAKAYE [2ème C],school,16.7514789,-2.3656602
FATAKARA,school,16.48,-3.755
FONGO BABER,school,16.29,-3.234
GARBEYE,school,16.9404413,-1.7802038
GARBEYE,school,16.9404413,-1.7802038
GAREYE,school,16.159053,-2.965396
GARGANDO [2ème C],school,16.35,-4.319
GOSSI [1er C] (N. CREATION),school,15.8199852,-1.306994
GOSSI VILLAGE,school,15.8188802,-1.292798
GOUNAMBOUGOU,school,15.9454514,-3.5835878
GOUNDAM [2ème C] II,school,16.4120515,-3.6640145
GOUNDAM TOUSKEL,school,15.9031361,-3.9581033
GOUNGOUBERI,school,16.7865488,-2.2910666
GUINDIGATA- NARI,school,16.097955,-3.6831694
HAÏBONGO [1er C],school,16.2245946,-3.2457585
HAMAR HAKKA (ARNASSEYE),school,16.7003597,-2.7890751
HAMMA BABA CISSE,school,16.4120515,-3.6640145
HARAHARA I,school,16.44,-3.339
HONDOUBOMO ABABER,school,16.6712847,-2.8905447
HOROSSENO,school,16.14,-3.082
HOUGOUBIBI,school,16.35,-3.505
IBRAHIMA ALPHA SEYDOU CISSE,school,16.4120515,-3.6640145
IBRAHIMA SIDI TOURE,school,16.4120515,-3.6640145
IBRIKA I,school,16.49,-3.568
IDBALY AG BABA AHMED(TASSINSECK),school,16.7358,-2.9719
ILOA,school,16.64,-2.912
INAKOUNDER,school,17.2275,-2.278333
ISSA MAÏGA,school,15.93,-3.9889883
KABARA franco-arabe,school,16.70657,-2.987244
KAIWA,school,16.9363462,-1.7291654
KANEYE,school,16.42,-3.597
KARANGO,school,16.2,-3.711
KATOUA,school,16.48,-3.291
KAYE-KAYE,school,15.84,-2.677
KAZEYE KAZEYE,school,15.87654,-2.049284
KIFFO,school,15.7335392,-4.4497628
KOBE,school,16.0232781,-3.6780195
KOÏTO,school,16.14,-3.323
KOKONTO,school,15.816777,-4.5135116
KONDI,school,16.37,-3.476
KONKOBOUGOU,school,15.5121295,-3.7722064
MINESSINGUE,school,16.19,-3.316
M' BOUNA,school,16.69,-3.97
MOSSA BISSY,school,15.641315,-2.1549391
SIDI MAHMOUD I,school,16.7769515,-3.0044963
KOUROUNDIOUGOURE,school,15.5711152,-3.6459693
SARE-TOUBA,school,15.7221597,-3.62249
LERE,school,15.7069752,-4.9103767
KORONGOÏBERI,school,16.1337687,-3.4906635
KOUMAIRA,school,15.7836251,-3.864635
KOUMAIRA,school,15.7836251,-3.864635
KOUNDAR,school,16.32,-3.303
KOURA,school,16.3991252,-3.2201095
LICRACAR,school,16.922222,-2.936111
MAMADOU-KOIRA,school,16.79,-2.32
MANGOUROU,school,15.9968548,-4.0224323
MATI,school,16.09,-3.154
MATTA Ag MAMA (ERYNTHEDJEF),school,18.6981539,-2.1418695
Medersa Bourem Sidi Amar,school,16.3665273,-3.3317418
MEDERSA ISLAMIQUE de NANA,school,16.8490707,-2.032278
MEDERSSA TONKA ISLAMIYA [1er C],school,16.13,-3.749
MEDERSSA TONKA ISLAMIYA [2ème C],school,16.13,-3.749
MEKOREYE,school,16.28,-3.721
MILALA (Bolal),school,16.74,-2.533
MINKIRI,school,16.7575031,-2.4432296
MODY SIDI SIDIBE [1er C],school,16.35,-3.246
MODY SIDI SIDIBE [2ème C],school,16.35,-3.246
MOHAMED AGUISSA (BORI) [1er C],school,16.6950096,-2.768055
MOHAMED AGUISSA (BORI) [2ème C],school,16.695,-2.768055
MOHAMED ELMEHDI AG ATTAHER ELANSARI (GARGANDO),school,16.35,-4.319
MORIKOÏRA,school,16.34,-3.438
MOULAYE ALI (ASSIDI),school,16.860555,-2.413055
MOYADJI- KOÏRA,school,16.77,-2.314
NAMANTHIE,school,15.6546933,-3.6009003
NDAKI,school,15.3546686,-0.9600279
N'GORKOU [1er C],school,15.6564532,-3.7161279
N'GORKOU [2ème C],school,15.6564532,-3.7161279
N'GORO,school,15.967132,-4.0430318
NIA,school,15.5372,-4.9369
NIAMBOURGOU,school,16.54,-3.448
NIODOUGOU,school,15.9921442,-4.1607993
NOUNOU,school,15.9354188,-4.1271398
OUAKI,school,15.8496708,-4.11395
OUAMANE MACINANKE,school,15.93,-3.989
OURO-ESSO,school,15.716324,-3.591239
RAZELMA,school,16.59,-4.446
RHAROUS IV,school,16.88,-1.923
SABIL ELHIDAYA BER,school,16.8407941,-2.5257796
SALAH-KOIRA,school,16.8307702,-2.1185708
SAMBANI,school,15.7472003,-4.5484308
SANFATOU,school,16.9687275,-1.6698542
SARAFERE [2ème C],school,15.8212793,-3.6985449
SARAFERE II,school,15.8212793,-3.6985449
SARAFERE PC I,school,15.8212793,-3.6985449
SAREYAMOU [1er C],school,16.0900231,-3.235999
SAREYAMOU [2ème C],school,16.09,-3.236
[2ème C] ALI COULIBALY,school,16.7036366,-2.8156154
[2ème C] De Bourem Sidi Amar,school,16.3597314,-3.3331029
[2ème C] de DOUEKIRE,school,16.57,-3.373
[2ème C] de M'BOUNA,school,16.6895219,-3.972508
[2ème C] de TIENKOUR,school,16.2557347,-3.3272047
[2ème C] ECHELL,school,16.27,-3.943
[2ème C] HARIBANDA,school,16.4120515,-3.6640145
[2ème C] YOUBA KARY SIDIBE,school,16.4120515,-3.6640145
SEKE,school,15.9103772,-3.6962389
SEKOU MAKIYOU (BERREGOUNGOU),school,16.7166297,-2.6008705
SIDI MOHAMED EL OUMRANY(NEBTET) [2ème C],school,16.8833333,3.0833333
SIDI MAHMOUD II,school,16.776967,-3.004512
SIDI MOHAMED AGGADA (ARRAOUNE),school,18.83,-3.219
SOULEYMANE MOHAMED [1er C],school,16.61,-2.684
SOULEYMANE MOHAMED [2ème C],school,16.61,-2.684
SOUMPI,school,15.8432598,-4.3221056
SOUMPI,school,15.8432598,-4.3221056
TADOUMOUT,school,16.8956,-2.0508
TAGAMINTY,school,16.946111,-1.683055
TAKORKOTT,school,16.72,-3.865
TAMASHKOITT,school,16.31,-3.89
TAMMA,school,16.68,-4.045
TANGASSANE,school,16.413999,-3.315279
TANGATA,school,16.689722,-4.208888
TAOUSSA,school,16.4183534,-3.1774765
TASSAWAK,school,16.230245,-2.695403
TEO BONI,school,16.496246,-3.181142
TEYBA,school,16.05,-3.324
TIAMIO,school,16.9375116,-1.6933001
TIANGARA,school,15.9080066,-3.924114
TIDEYNIWENE,school,16.87,-3.78
TIENKOUR,school,16.2561888,-3.3279179
TIHIGRENE,school,16.71,-3.728
TIHIGRENE ALHABIB,school,16.723244,-3.732496
TIN AICHA [2ème C] / مدرسة تين عائشة ۲ت,school,16.77,-4.032
TINAFEWA,school,16.766666,-2.618055
TINAGUIMENE,school,16.538611,-4.255555
TINASSANI,school,16.68,-3.994
TINGUEREGUIF-GARI,school,16.4,-3.3
TINKATILA,school,15.247494,-1.048252
TIN-LOKIANE,school,16.380302,-4.270265
TINTARA,school,16.17,-3.906
TISSIKOREYE,school,16.8683,-3.8086
TOGHA,school,15.9807391,-3.5961034
TONDIGAME,school,16.27,-3.648
TONKA I,school,16.13,-3.749
TONKA II,school,16.13,-3.749
TOUCABANGOU,school,16.72,-3.78
TOUCABANGOU SC,school,16.72,-3.78
WAIKOUNGOU,school,16.8307702,-2.1185708
WAKO,school,15.7836348,-3.959283
WANA,school,17.0033,-3.67986
YEHIA ALKAYA,school,16.773629,-3.009882
YEHIA OULD AHMED (INASTEL),school,17.3967,-3.1136
YONE,school,16.2826158,-3.3223134
YOURMI,school,16.16,-3.834
ZORHO franco-arabe,school,19.4396446,-2.1108413
ZOUERA,school,16.858239,-3.857121
ZOUNA HAMMA de ARBICHI,school,16.8105495,-2.2610398
GARGOUNA [2ème C],school,15.9236417,0.2191531
BOYA 1er Cycle,school,15.8675948,0.2211312
ALMOUSTARAT I,school,17.3593065,0.1483482
ALMOUSTARAT II,school,17.3596887,0.1483643
TARKINT II,school,17.4785407,0.1140095
École fondamentale de TARKINT I,school,17.4784775,0.1141803
IMILACH,school,17.8461428,-1.4278539
MARSI,school,16.0220095,-0.3174053
ALFALAH (MARSI),school,16.0218062,-0.3190521
GUINDIGATA HORO,school,16.1900653,-3.8061927
École Kourounde,school,14.12018,-3.52123
École Sinssagou,school,13.8903816,-3.4547289
École Fondamentale de Bogoni 2 eme Cycle,school,12.7835321,-5.5545464
École Konan,school,13.9562288,-3.5316318
École Sodon,school,13.7781143,-3.4557093
ANAKANA II,school,14.4937013,-3.0812115
ANAKEDIE,school,14.452177,-3.0727445
MEDERSA AL MOHAOJIRINA NANGADOUROU,school,14.3357757,-3.1185131
NABENE,school,14.3079311,-3.1379589
AMADOU KODIO de DOMINI,school,14.2811645,-2.9920174
DEMEKE,school,14.3356064,-10.3891683
DOUALE,school,14.4617333,-10.3249333
DINGUIRA LOGO 1,school,14.1757833,-11.2454167
DIALLAN [1er C],school,14.2066833,-10.1616833
École de Yatéla,school,14.0983948,-11.7915873
LONTOU,school,14.3464591,-11.3456655
École de Lomba,school,14.3952825,-11.2904516
TINAZABENE,school,17.163055,3.291666
TINFADIMATA,school,16.101995,2.2186469
TIN-HAMMA,school,15.5820886,0.8908055
TIN-TAFAGAT,school,15.680487,0.7275046
TINTIFRIKAWENE,school,16.0569906,2.6196009
Tintihigrene,school,15.4368484,-0.5586925
TIN-TINISLIMENE,school,16.0325,2.563055
TISSALATENE,school,15.490555,2.553333
TITILANE,school,17.0011661,-1.5590637
TODJEL,school,15.7784568,0.3012368
TODJEL GABERO,school,15.8468791,0.2317515
TODJEL GARGOUNA,school,15.9699888,0.1750202
TOFAGADOD,school,15.206944,0.336111
TONDIBI,school,16.6533201,-0.220033
TONDIBI [2ème C],school,16.6519522,-0.2217725
TONDIKAREY,school,16.9953087,-1.0278275
DAR AL CORAN WALHADIS NIAKATELA,school,15.0572,-10.4707333
DAROUL HADICH AL MOUHAMADIYA SAMBACANOU II,school,15.122503,-10.6978927
DIABAGUELA,school,15.14565,-10.6019833
DIONCOULANE,school,15.1040429,-10.6464667
MEDERSA AL BAYANE de TOPOKONE ([2ème C]),school,15.0370167,-10.5766667
MEDERSA SOUBOUH-ISLAME TANGO,school,15.012,-10.3793667
MONOBACK SARAKOLE,school,15.0199167,-11.3191667
MOUDIOUR III,school,15.1648,-11.3516333
MOUDIOURE I,school,15.15585,-11.3808667
MOUSSALA GUIDIMAKAN,school,15.12515,-11.4414167
NIAGNELA-G,school,15.02435,-10.4546167
NIOGOMERA,school,15.0945167,-10.5002833
NIOGOMERA [2ème C],school,15.0945167,-10.5002833
SABILNADJAHA MONOBACK,school,15.0199167,-11.3191667
ACHIBOGO,school,17.6372679,2.5848458
AGHAROUS KEYONE,school,18.482858,1.7466893
Aguel-Hoc [2ème C],school,19.4493576,0.8551894
ALIOU [1er C],school,18.4299463,1.4085471
ALIOU [2e C],school,18.43,1.4085595
Amachach,school,20.2596099,0.9868438
AMIDI AG ONANE,school,18.438443,1.40109
ANGHAMALI,school,18.44,1.3979496
E.F KIDAL III,school,18.4290962,1.3930726
EFFELY TERISTE,school,19.873891,-0.862777
INABAG,school,19.25,-0.5005
ALLAHINA,school,15.224508,-8.7393505
BERZACK,school,15.1224714,-7.2538949
BOULAL,school,15.0786025,-8.4254687
CHEDEM II,school,15.2606589,-7.1519227
CHEGUE,school,15.1873916,-6.9601072
DALLY,school,15.1152134,-8.0056913
DIORONE,school,15.068897,-8.7291152
DROUNKATT,school,15.2352483,-8.7165058
GASSA,school,15.2653259,-7.1967156
GOUMANGO,school,15.27,-8.8402333
GUENEIBE,school,15.2811831,-7.0867128
KABIDA BAMBARA,school,15.2001429,-7.2380859
KEREWANE,school,15.1707673,-8.7316418
KERL EL GAGNY,school,15.0428206,-7.1623725
LOHOÏTE,school,15.1624954,-7.1502168
MED SALLAH [2ème C]YCLE,school,15.1681763,-7.2907065
MEDERSA SALLAH [1er C],school,15.1681924,-7.2907055
MISSIRA,school,15.3123665,-7.4536926
MOUSSAWELI,school,15.1812494,-7.4287374
NARA [1er C] A,school,15.1650917,-7.2893966
DIALLOUBE,school,15.0152216,-4.2308498
DIAMALI DOGO mobile,school,15.08742,-4.37513
DIOGUI-SARE,school,15.67,-4.107
DIOLLY PC,school,15.43,-4.386
DIOMA mobile,school,15.7565,-4.2196
DOGO [2ème C],school,15.1658355,-4.429882
DOUNDE-MAOUDE,school,15.22626,-3.92602
DOYE-MARKA,school,15.19,-3.871
E F DIALLOUBE [2ème C],school,15.0152052,-4.2308505
École mobile de FEYADJI,school,15.0,-5.202
École mobile de DENTAGA,school,15.2287578,-4.1566826
ECOM SOBE,school,15.38,-4.201
EF de BIA,school,15.6483,-4.34273
EF de DOUKOU,school,15.7015,-4.18369
ELMAMOR,school,15.2264,-4.84156
KONTZA [2ème C],school,15.06,-3.877
KORIENTZE [1er C] A,school,15.39,-3.787
KORIENTZE [1er C] B,school,15.39,-3.787
KORIENTZE [2ème C],school,15.39,-3.787
KORMOU,school,15.672769,-4.2204837
KORMOU [2ème C],school,15.6728,-4.22054
MAYO-SOWRE,school,15.258011,-3.9426029
MODIOKO,school,15.45,-4.084
N' GORODIA,school,15.43,-3.714
N'DISSORE,school,15.44,-3.836
OUALO,school,15.48,-3.774
OURONGUIA,school,15.08,-4.605
OWA,school,15.6335,-4.18145
SAH [1er C],school,15.62,-4.049
BEMA MEDERSA [2ème C]YCLE,school,15.0425307,-9.3506812
BIROU GRAND,school,15.0698333,-9.9136667
DAKIALARKAN(DIAYE) [2ème C],school,15.1769667,-9.9836333
DIAYE COURA Medersa(Daroul Arkan),school,15.1769667,-9.9836333
DIAYE TOUGOUNE,school,15.1476833,-9.9499333
DIAYE-COURA [1er C],school,15.1769667,-9.9836333
EL ANAFIYA,school,15.1073667,-9.8096667
FRANDALLA,school,15.1115306,-9.9811904
GUIMBANA,school,15.0922418,-9.5040958
HANAFIA [2ème C] YOURI,school,15.1073667,-9.8096667
KOLOMINA [1er C].,school,15.0361833,-9.5621167
KOUDATHIOU,school,15.2919,-9.2771667
LAKOULE,school,15.0854333,-8.8598167
MADINA ALAHERI,school,15.16625,-9.5958167
Med.Bambaguédé(Troungoumbé),school,15.2651333,-9.2286833
MEDERSA BEMA N°2,school,15.0425462,-9.3507884
MEDERSA de GUETEMA,school,15.1203667,-9.5829167
MEDERSA M'BOYA KASSE,school,15.1170167,-10.0200167
MEREMIDI,school,15.2245833,-9.2854
MOUZERIGUE,school,15.27675,-9.1285833
OUMAR BOUNE KATABI(SIRINGO),school,15.1216833,-10.0993
SABIL AL HOUDA M'BOYA COURA,school,15.1041333,-10.0199167
SAMBAGORE,school,15.2296167,-9.7422667
SIRINGO,school,15.1216833,-10.0993
TINTIBA,school,15.2811043,-9.6297143
TROUNGOUMBE [1er C],school,15.2651333,-9.2286833
TROUNGOUMBE [2ème C],school,15.2651333,-9.2286833
YOURI [2ème C]ycle,school,15.1073667,-9.8096667
YOURI I,school,15.1073667,-9.8096667
MAGNALE,school,15.183489,-5.554373
ABDOUL KARIM ABDOULAYE MAIGA de NANA,school,16.8772209,-1.9293613
ABADEKOU ACHAFA,school,17.025846,-3.477166
ABDOULAYE SOUMAGUEL MAÏGA,school,16.8811798,-1.9224412
ABOCAR AMAR,school,16.4120515,-3.6640145
ADA,school,15.7865274,-2.8618366
ADARMALANE,school,16.654131,-4.1546503
ADJACHOU,school,16.7192,-2.9633
ADOUMAHA AG MOHAMED [1er C],school,16.8400431,-2.5259537
ADOUMAHA AG MOHAMED [2ème C],school,16.8398159,-2.5259474
AL AMAL (AGOUNI),school,17.67,-2.59
complexe scolaire safi,school,12.5920969,-7.9918089
BENDOUGOU,school,13.0729806,-9.8521354
DOUNI,school,13.0618723,-9.9111957
FARAGUETO,school,13.0651128,-9.6835874
FARAMANSOGNA,school,13.081902,-9.8212177
GNINIGO,school,13.0264724,-9.9726149
HORONGO,school,13.0328169,-9.6084153
KOBARONTO,school,13.1014257,-9.7773849
ECOLE FONDAMENTALE DE MANSALA,school,13.029171,-9.6427427
Institut de Formation Professionnelle.,school,13.4271666,-6.3041567
École Doulin,school,13.8165325,-3.2936053
SAMPARA [1er C],school,14.4210785,-4.0270241
École Sangha A,school,14.4644858,-3.3072563
SAMPARA [2ème C],school,14.4210474,-4.0269632
THIRISSORO [2ème C],school,16.3,-0.08427
Tidarméné,school,16.6193755,2.4264929
TIGUEREWENE,school,16.617222,0.130277
TIMBARGOTANE,school,16.5775222,0.224714
TIN AHADJI,school,17.289595,0.6311336
TIN ELOINE,school,15.9775026,2.6021737
TIN HAMMA,school,15.5787389,0.8866829
TINADJOROF,school,15.726388,3.2425
École primaire de Tin Afer,school,16.6392854,0.1687067
TINAFOZO,school,17.0339857,-1.1807864
Tinagoudoubou,school,15.3528889,-0.3721752
TINAGROF,school,15.726388,3.2425
TINAMASCOR,school,16.4425,0.267777
TIN-AOUKERT S/C,school,16.798453,0.1658646
Unnamed School,school,12.8366441,-11.1625385
Diamanicoura ecole,school,13.6242116,-7.7837842
École Bafebougou,school,13.0679535,-7.8504467
École Felou,school,13.0638788,-7.7280679
Marka Coungo Medersa,school,13.1107189,-7.6906185
Tamani (Koula),school,13.1113036,-7.8318998
École Tombougou,school,13.0903927,-7.7645058
École Dibaro,school,13.0659484,-7.6179127
École Fassa,school,13.1825878,-7.6658883
École Wolonkotoba,school,13.126311,-7.6907184
École Sokidani,school,13.1244511,-7.7055536
École Kossoumale,school,13.2079139,-7.7316
Lycée public de Niono,school,14.1979072,-5.9578994
École Siribala-Coro,school,14.0207153,-6.0689426
Ecole Privée Ba Oumou,school,12.5913409,-7.9442538
Ecole primaire???,school,14.9448756,-0.747077
Bawema,school,13.9047751,-3.7037457
Ecole primaire de Wende Yida Yiri,school,13.6153377,-2.9048672
Ecole primaire de Yansa,school,13.6049674,-2.9216713
Ecole primaire de Gonna,school,13.6121078,-2.8631482
École Sine Dembele (Kala),school,13.468366,-6.288105
MEDERSA FOUNTICOUROULA [1er C],school,13.1951356,-9.3915771
École de Santé de Bamako,college,12.6600124,-7.9608205
Université Montplaisir Tunis Bamako,college,12.6289383,-8.0315635
BATIMAKANA,school,13.2556592,-9.3913513
DIANKOFE,school,13.2395715,-9.4177798
École Dankalambougou,school,13.4652477,-6.8965227
Ecole primaire Bokinda,school,13.6805647,-2.8156972
Ecole primaire de Ramanepanga,school,13.7010022,-2.8821851
FOUNTICOUROULA,school,13.1958866,-9.3919467
SAMANTA,school,13.3162058,-9.249991
SANAFARAKORO,school,13.3148065,-9.3886646
TOFASSADAGA,school,13.2664294,-9.2793499
BATIMAKANA [2ème C],school,13.2557836,-9.3917856
École Djonfala,school,13.596284,-6.684199
École Fougala,school,13.4700635,-7.0130359
École Noumoubougou,school,13.3128783,-7.1900169
Chola,school,13.3881964,-7.54524
École Bembala,school,13.4725333,-7.1251667
École Chôlabougou,school,13.3505222,-7.5019427
École Kakoun,school,13.4087333,-7.5170333
BARBALA,school,13.3724129,-9.4106894
KOFOULABE,school,13.373383,-9.4164549
KOUROUNINKOTO [2ème C].,school,13.8609639,-9.5760623
NAMALA [2ème C],school,13.3622028,-9.3873032
SANDIAMBOUGOU,school,13.3189916,-9.3828075
BUULI - JAALALI - mobile,school,15.23272,-4.25232
KASSAN,school,13.2719345,-9.4669724
KASSAN,school,13.271724,-9.4673678
KASSAN [2ème C],school,13.2713951,-9.4668204
KOUROUNINKOTO [1er C].,school,13.8602355,-9.5758933
MAMBIRI,school,13.3603416,-9.4704672
MEDERSA NAMALA,school,13.364802,-9.3855061
NAMALA,school,13.3616861,-9.3872227
École Kodialan Traore,school,13.2830985,-7.6305227
École N'Golobougou (Sirakorola),school,13.2609,-7.59715
École Sirado,school,13.2606647,-7.6276016
École Ngolobougou,school,13.3563765,-7.7630727
École Tienko,school,13.1640487,-7.7937783
École Maarif,school,12.6383445,-8.0289815
Badinka,school,13.6944991,-9.7819151
KOUROUGUE,school,13.2929772,-9.6065543
LINGUEMA,school,13.3782911,-9.5942402
NIENOU,school,13.5910431,-4.7273747
SOUNGOBOUGOU,school,13.3859964,-6.0957366
MOUSSOKOROBOUGOU,school,13.3727986,-6.1819234
Ecole primère,school,12.624297,-4.968532
BRENIMBA,school,13.1160819,-9.5058323
DOURY (PC),school,13.0737397,-9.6060438
KANKOUDIANA FARADALA,school,13.0604419,-9.5658451
KOLONDING,school,13.1638145,-9.5030529
NOUNGOSSO,school,13.1110702,-4.9446115
SOUROUNTOUNA [1er C],school,13.065282,-4.9074655
TAMARO,school,13.1510378,-4.8934707
TAMARO [2ème C],school,13.1501296,-4.8896993
TANA,school,13.2300832,-5.0712676
MEDERSA BINTAGOUNGOU,school,16.7389007,-3.7318574
[2ème C] de BINTAGOUGOU,school,16.7389161,-3.732029
OUALIA,school,13.1423324,-9.5709615
SOUROUNTOUNA [2ème C],school,13.0660404,-4.907635
ZAMBLENA,school,13.1286884,-4.9723872
DAH [2ème C],school,13.1536864,-4.947855
DIABOUGOU,school,13.1641952,-5.0830383
GOUALANI,school,13.2044047,-5.1777438
NANGOYO,school,13.1417403,-5.1077479
NIAGAWERE,school,13.406987,-4.8617217
SANSO,school,13.1153415,-5.1098237
SIA,school,13.2066273,-5.0820113
SOLOSSO,school,13.2382559,-5.039599
TIOMPOROSSO [1er C],school,13.1110197,-5.1575797
KARA,school,14.1475557,-5.0381724
TIBY,school,13.259183,-5.0791581
TIOMPOROSSO [2ème C],school,13.1111607,-5.158295
TOURA-BAMBARA,school,13.1226631,-4.9143987
N'TOROSSO [2ème C],school,13.1390597,-5.0632124
NIAMINA,school,13.4878056,-4.8458271
GANGAFANI I,school,14.3767686,-2.3983829
M'BIABOUGOU,school,13.6959833,-4.5650814
KOUÏMA,school,13.7344646,-4.7681096
مدرسة ابتدائية,school,21.3303806,0.958789
المدرسة الابتدائية رقم 7,school,21.3315051,0.9417139
المدرسة الابتدائية رقم 10,school,21.3151826,0.9633074
DJIDIAN II,school,13.1990049,-9.4549879
KOLIFILO,school,12.8876861,-8.7571173
MANAKO,school,13.1077083,-9.4558754
SIBIKILI,school,13.0979708,-9.4325241
MOURRAH [2e C],school,14.3288772,-4.6022738
École des hautes études en santé publiques,college,12.639354,-8.0302354
المدرسة الابتدائية رقم 1,school,21.3299378,0.9519691
المدرسة الابتدائية رقم 8,school,21.3244699,0.9562895
DJIDIAN [2ème C],school,13.2022536,-9.4529661
DJIDIAN I,school,13.2028047,-9.4528246
SIBIKILI [2ème C],school,13.0981367,-9.432158
TOUMOUDALA,school,13.0696185,-9.4846316
SOHA,school,13.87365,-4.709356
MAREBOUGOU,school,14.0800169,-4.4270161
École Perta,school,13.9790578,-4.430899
SOUMATOGO,school,13.9846804,-4.4986639
École de Sare Seyni,school,14.485029,-4.2459385
ADAWATOUL ISLAMIYA,school,12.7248446,-5.0434811
SARE-DINA,school,14.2932224,-4.4046624
KOLONGO École privée catholique,school,13.8773123,-5.6862816
DAWALTOU ISLAMIA,school,12.7595998,-4.9759329
ZALOGOSSO,school,12.7170947,-4.9963032
Complexe Scolaire Siaka Mallé,school,12.5847255,-7.9953766
École primaire,school,13.1154325,-8.3866935
Unnamed School,school,17.0051335,0.2419416
Unnamed School,school,17.101674,0.1962237
Unnamed School,school,17.0076854,0.2338703
TIAKADOUGOU-FARABA [1er C],school,11.904552,-8.1474716
GONO,school,15.0671589,-2.7871868
قرية انباك اشياف,school,17.0999822,0.1962042
Unnamed School,school,17.0998743,0.1961687
BOUBOU SOUMARE (KORIOME),school,16.6566326,-3.0115294
BANI,school,16.5471358,-3.195325
GARBA KOIRA,school,16.5120714,-3.1808252
KESSOU BIBI [2ème C],school,16.5538128,-3.2195622
KESSOU-BIBI,school,16.5539022,-3.2194359
MOHAMED ALI AG ATTAHER (TINTELOUT),school,16.646526,-3.2461338
AGUIKOULE(TEDEINI),school,16.672019,-3.1102363
KESSOU-KOREYE,school,16.6509527,-3.2173173
KESSOU KOREYE SC,school,16.6509413,-3.2173132
KOÏRATAO,school,16.5694498,-3.1282347
MANKALAGOUNGOU,school,16.5838149,-3.1652521
École fondamentale Wani,school,13.6791597,-8.3167953
MAHAMANE MAHAMOUDOU (ISSAFEYE),school,16.6298923,-3.1733033
TEÏCHIBE,school,15.2730833,-11.706
BAH NENE,school,14.8998745,-2.9521317
DOUENTZA [2ème C] I,school,14.8998648,-2.9521304
DOUENTZA [2ème C] II,school,14.8998778,-2.9521133
MEDERSA AIKHAIRA,school,14.89987,-2.9521022
Medersa SFT [2ème C],school,14.8998862,-2.9520935
SABILOU SAADATA FITARIK TAALIMOU,school,14.8998538,-2.9521277
Unnamed School,school,15.2728618,-11.7026521
TINAM,school,16.6178791,-3.1517231
Ecole LPDMT,school,12.3561156,-5.4548388
KERENGO,school,15.200981,-3.6734479
L SITA SEGOU,school,13.4285739,-6.2242239
DJEGUELA,school,16.6563729,-3.0112897
TOYA [2ème C],school,16.6568412,-3.0475276
MARENA DOUCOURE,school,14.3629081,-8.0451304
BIMA,school,14.9073073,-3.7744434
EVERY,school,15.0005533,-2.949875
KIKARA [2ème C],school,15.2101475,-2.7506845
Unnamed School,school,15.0675173,-2.9330063
Unnamed School,school,15.0638019,-2.9162693
BALLE [1er C],school,15.3377241,-8.5882295
Groupe scolaire de Trokonina,school,13.2571769,-9.3560869
ALAMINA,school,15.055315,-2.8677725
BANI KANE SONRAI,school,15.1988111,-2.8082205
GAPITY,school,15.16,-2.867
KIKARA,school,15.2101889,-2.7506835
MOUNOUWEL,school,15.1865698,-2.8459044
Unnamed School,school,12.7524571,-5.4090453
École publique BOTA,school,15.0870896,-2.9328328
École privée EVANGELIQUE VIE NOUVELLE de BOTA,school,15.0872566,-2.9327952
Ecole fondamentale de Samagogo,school,12.8525379,-5.5003743
Ecole Fondamentale SK18,school,14.724919,-6.080488
Ecole Madersa,school,14.6978049,-6.0605861
Ecole Fondamentale,school,14.7007931,-6.0620405
BOUI,school,14.8553356,-3.7277921
GWARY,school,14.8232827,-3.6862092
AMBA,school,14.7847771,-3.5380818
GADEYE [2ème C] A,school,16.2903965,-0.0432598
GADEYE [2ème C] B,school,16.2904222,-0.0429889
GADEYE A,school,16.2902394,-0.043225
GADEYE B P/C,school,16.2903321,-0.0432598
GADEYE C,school,16.2904505,-0.0433108
ECOM YOGONSIRE,school,14.3929009,-4.4075415
Tata Sako de Sebougou,school,13.4148137,-6.3194628
Ecole Premier cycle Mission Catholique Sanzana,school,11.7470708,-5.9520605
TEMBA,school,14.9435981,-3.1913194
Koubewel Koundia SC,school,14.9836777,-3.0356855
PANGA NA,school,14.9181736,-3.0119941
ADIA,school,14.9636295,-3.1120376
OROUDOU-LAMORDE,school,14.9710648,-3.0717142
DALEKANDA,school,14.7758462,-3.0929995
KILEGOU,school,14.7564391,-3.2177448
KONO-NÂ,school,14.7920517,-3.0315564
YOMBOLE [1er C]YCLE,school,14.8662609,-3.2103901
TONGO TONGO [2ème C],school,14.8484996,-3.1617011
TONGO-TONGO [1er C],school,14.8484359,-3.1615752
MEDERSA WAKARA,school,14.85589,-3.0226455
WAKARA,school,14.8560279,-3.0226146
WAKARA [1er C]YCLE,school,14.8559488,-3.0225393
IBISSA,school,15.02,-3.27
SEMARI DANGANI,school,15.03,-3.279
PANGA-NIM,school,14.9260365,-3.0179497
ANDA,school,14.8187361,-3.0114177
NAMBAKORO,school,14.8207168,-3.026895
OBE,school,14.8928931,-3.0813757
DOLOUM [1er C]YCLE,school,14.8344383,-3.0994556
École primaire,school,14.4598006,-4.0825933
ABDOUL NIANG [2ème C],school,14.49298,-4.18993
DJEBETAKA,school,14.4400313,-4.2008684
DIONA,school,15.3239226,-3.2357573
DOROOL,school,15.47044,-3.27116
N'DOUMPA,school,15.41,-3.243
TANNAL,school,15.33,-3.13
YOUNA,school,15.3424943,-3.2605166
Unnamed School,school,15.0753136,-3.2491627
BORE [2ème C],school,15.1289151,-3.4917998
MOULAYE DEMBELE A,school,14.4808768,-4.1831566
MOULAYE DEMBELE D,school,14.4808462,-4.1831553
SAMASSORY NIENTAO C,school,14.4878032,-4.1905168
NEIMA,school,14.275358,-4.1807355
MAKAMOU ECOM,school,14.3408905,-4.1891892
BASSIBOUGOU,school,13.2541735,-9.5770587
DINDAN,school,13.2510254,-9.5897167
SANSANDING,school,13.2169738,-9.8498984
SOMADOUGOU [2ème C],school,14.2774158,-4.0621319
MOULAYE DEMBELE [2ème C],school,14.4808943,-4.1831546
GNIMIGNAMA,school,15.1463286,-3.3470462
BORE [1er C],school,15.128652,-3.492337
ABDOUL NIANG B [1er C],school,14.4927739,-4.1898363
SAMASSORY NIENTAO A,school,14.4878359,-4.1905156
SARE-MALA,school,14.3172955,-4.2307696
SAMASSORY NIENTAO B,school,14.48809,-4.19055
MOULAYE DEMBELE C,school,14.4809177,-4.1831593
MOULAYE DEMBELE B,school,14.4808612,-4.1831566
École Fondamentale de Somadougou,school,14.2792927,-4.0612976
College Moderne Moh Traoré,school,12.5157703,-8.03433
Ecole Privée Ali Dem,school,12.5789819,-8.0223711
KOBIRI [1er C],school,13.118934,-9.9019017
N'GARWOYE,school,15.1417177,-4.2706288
Ecole Balla,school,13.906766,-8.1516165
SENSE,school,14.8149165,-4.0871837
SORME,school,14.8735168,-4.4057175
Lycée Louis Pasteur de Koury,school,12.1858472,-4.8271742
Ecole Catholique,school,14.3440773,-3.610249
Alpha Ali Seck,school,14.3500831,-3.6195204
École Fondamentale,school,14.6182618,-11.3375665
Madrassatoul Islamyatou,school,14.6175272,-11.3400723
"École Franco-Arabe ""Gaoussou Almamy Guidio""",school,13.4318466,-6.2174162
École Hamaribougou,school,13.3863189,-7.6643789
École Niantoumana,school,13.3136126,-7.767327
École Kokoni,school,13.3040864,-7.6851887
École Dorebougou 1er,school,13.3200429,-7.6290899
École Fougan,school,13.3733027,-7.7347174
École Beleniko Sirakorola,school,13.3289235,-7.6625998
École Dorebougou,school,13.3195101,-7.6291234
Ecole privée Pédagogue 1er Cycle,school,14.0740056,-3.518381
Lycée Ogoyara de Bankass,school,14.0855166,-3.5021684
Lycée privé Soudanais,school,14.0734385,-3.5223305
Lycée privé Noumoukè FORGO,school,14.0757631,-3.522126
KOPORO PEN I B,school,14.2200819,-3.3003408
KOPORO-PEN [2ème C],school,14.2254996,-3.2953794
École Joseph Yaro C [1er C],school,14.0779044,-3.530848
École Joseph Yaro C [2ème C],school,14.0780632,-3.5313254
Ecole publique de Sama,school,13.780299,-3.7695618
Ecole publique de Djinadio,school,13.9118263,-3.7275195
DIAFOUGALA,school,12.8233312,-4.9310677
MOUGUI,school,15.007606,-3.1568382
Mougui SC,school,15.0076842,-3.1569591
R. Père Jean Leger Segue École privée,school,13.8430227,-3.7526711
École Pel Maoude Publique,school,14.0836099,-3.270561
SABIILOU SAADATOU ISLANIA PEL,school,14.085308,-3.2713901
École Segue [2ème Cycle],school,13.8431727,-3.7572228
TEYE,school,15.18,-3.597
MEDERSA ASSADIQ de BIENFAISANCE [2ème C],school,15.4047281,-1.3743827
GATHI DJIRMA,school,15.7254667,-4.8204674
TRINA,school,15.697668,-4.7406662
École Koporo-Na 2,school,14.1299486,-3.3613182
Ecole de Tina-Sassogou,school,14.1387417,-3.1909075
OROSSOGOU,school,13.876489,-3.7042564
Medersa de Koume,school,13.93,-3.666
École Dounde 2ème Cycle,school,13.9590889,-3.7159397
École Dounde 1er Cycle,school,13.9606272,-3.7145474
École fondamentale de Doro,school,16.1429027,-0.8486268
Institut Universitaire de Formation Professionnelle,college,13.4246303,-6.3030599
LERNEB [2ème C],school,16.3250264,-4.9634362
SOURANGO mobile,school,15.3456814,-4.7831025
IDJARDAHANAN,school,15.6185608,-5.0914677
École Zana,school,13.3691584,-7.6815875
École Tenimbala,school,13.545881,-7.5948878
NIMBERE,school,13.0750105,-9.944275
BAKARY BOUGOU,school,13.5580083,-9.9207567
DIBATOUMANIA,school,14.0613229,-10.8326085
DIBATOUMANIA S/C,school,14.065122,-10.8279057
DJIKOYE,school,14.0494671,-10.8414255
KOLINGUEMOU,school,14.0141228,-10.8651006
SITAFOULA,school,13.792257,-10.8987945
Ecole primaire de Sollé-Foulbé B,school,14.121176,-2.1350732
Ecole primaire de Sollé-Mossi B,school,14.1299665,-2.1096392
Lycée communal de Sollé,school,14.1151386,-2.1168764
DIOUGOUN [2ème C],school,14.2650308,-9.6138628
KAREGA,school,14.1381144,-9.726829
KAREGA [2ème C]ycla,school,14.139103,-9.7268494
NASSOUROU ISLAMIA OULA,school,13.99204,-5.6124126
BELEBOUGOU,school,14.142281,-5.5987313
SOMANA,school,14.026502,-5.6302636
TAFALAN,school,13.0583368,-7.3497002
École Tienle,school,13.3951233,-6.7590966
BARAKHOTOGORE,school,13.8747913,-10.3182029
DIALAKON,school,13.7819427,-10.3535161
Djombomadji,school,13.6936887,-10.3684599
KOBOKOTO,school,13.4496089,-10.3715075
MADINA (OUALIA),school,13.4372682,-10.0235167
Inguijal,school,16.753055,2.208888
DIANWELY MAOUNDE,school,14.8760196,-2.9176339
Tin Aicha,school,16.77,-4.032
NEROUMBA,school,13.190371,-10.0272053
NAMPALA,school,15.2772383,-5.549608
TOULE,school,15.1493972,-5.5762691
Ecole primaire de Sollé-Foulbé A,school,14.1208001,-2.1235714
Ecole primaire de Yamboumbou,school,14.1230336,-2.0932023
Ecole primaire de Kougri-Koulga,school,14.1348222,-2.0860787
TOUGOUMA,school,14.1194623,-5.5483145
DIOUGOUNTE [2ème C],school,14.1190703,-9.9792798
FALANGA,school,13.7517016,-9.90675
BASSABOUGOU [1er C],school,13.0644884,-8.2904665
BASSABOUGOU [2ème C],school,13.0639156,-8.2907571
Ecole primaire Djidiè,school,13.0359458,-8.2680892
DOUGAN,school,13.0104845,-8.2406958
MODINKANE [1er C],school,14.3268976,-11.2752455
LOGO-MARENA,school,14.3420165,-11.2887984
DIOUFOYA TINTOKAN,school,13.9140235,-10.3680753
KAMANE (Kontéla),school,13.9084467,-10.4096707
SALAKE,school,13.4246689,-10.031745
Écloe primaire de Sougoutali,school,13.6044431,-10.3183516
ELHADI AGALY AG MOHAMED (ACHARANE),school,16.6299062,-3.3236405
DIOULAFOUNDOU (TOMORA),school,13.9655267,-10.5118029
NARY,school,13.8384572,-10.5022832
SEGALA,school,13.9761986,-10.7993577
SEKOTO,school,13.8913778,-10.6568822
SORIA,school,13.9689689,-10.7498633
TANKOMBELE,school,13.9202315,-10.5481134
FABA - COURA,school,14.4576559,-6.032024
BANKANI VILLAGE,school,16.1649875,-3.7927629
Bremassou,school,13.6545998,-10.611299
DIOUBEBA,school,13.6400048,-10.5050142
TOUBA MAHINA,school,13.7157913,-10.5534984
École primaire de Toumbouding,school,12.7600995,-10.5667941
KAMALA,school,14.1896279,-10.3839819
MADALAYA [2ème C],school,14.2191499,-10.6637206
MADALAYA MEDERSA,school,14.2206732,-10.666948
KENIEBA,school,14.1296148,-10.3163065
Lycée Nampono Sanogo,school,12.7515323,-8.092355
BAÏ,school,13.3546295,-10.9576826
BAKHOUROUFATA [2ème C],school,13.4317819,-10.7026798
Institution Scolaire GE MA CO,school,13.6812234,-6.0705032
BANGAYA,school,13.237856,-10.725037
DILIA - DALOMA,school,13.5515085,-10.7454822
TAMBALA,school,13.3735272,-11.2642829
BOULOUMBA,school,13.4145925,-11.1113256
DJIMEKOUROU,school,13.5032019,-11.0172991
Dongon,school,13.4188602,-11.2117873
GOUNFAN [1er C],school,13.4956318,-11.0909034
GOUNFAN [2ème C]YCLE,school,13.4954248,-11.090435
SITAKOTO S/C,school,13.4681832,-11.2256237
DARO,school,13.6230641,-11.4558144
KAROUMA,school,13.4843049,-11.4213275
Koropoto,school,13.7633329,-11.6475992
MONEA,school,13.5967931,-11.4503138
BOUGARILA,school,14.3002822,-11.4939857
Ecole de Santé de TOMBOUCTOU,school,16.7702,-3.00014
École FILY BAMBA MACALOU KANTELA,school,13.7869116,-11.5982269
TINTIBA,school,13.8132942,-11.5612462
Dialadian,school,13.8785929,-10.187857
DIOUGOUNTE [1er C],school,14.1190175,-9.9796614
KOBADA BIRAMABOUGOU,school,14.3345739,-11.4878692
SEBETOU,school,14.3213106,-11.5152402
Tamarana,school,13.3773539,-10.7859214
Ecole Mahina N'Di,school,13.7459794,-10.8436883
HOROKOTO,school,13.6251164,-11.3533151
MOUSSALA,school,13.7495948,-11.4388301
NEGUETABALY,school,13.6501934,-11.1440994
SITAKOTO,school,13.467607,-11.2265588
BAKAGNY,school,13.5293077,-11.5680458
KENIEDIFE,school,13.8092087,-9.8592258
Mansala,school,14.0662441,-9.956894
Medersa Diougounté,school,14.1213112,-9.9801459
SEGANE,school,13.9481628,-10.1408161
DARSALAM PLANTATION,school,14.4770219,-11.5346748
DIAWARA COUNDA,school,14.4379727,-11.5605431
DOGOFILY,school,14.4421972,-11.55312
MARENA GADIAGA [1er C],school,14.3816494,-11.7143859
MARENA GADIAGA [2ème C],school,14.3816659,-11.7151097
SAME PLANTATION 1,school,14.5096288,-11.5978374
SAME PLANTATION [2ème C],school,14.5100969,-11.5982925
BANCO,school,13.0508157,-10.0763585
NAFADJI,school,14.0281087,-10.1447723
SOKE,school,13.5922742,-5.9389969
Merderça,school,13.4227233,-6.3046822
École privée de KORO,school,14.0626338,-3.0791349
École Ngoïna,school,13.3593642,-5.7587683
NAJAH WAL-FALAH [2ème C],school,13.4295157,-6.2623573
micheal'air de koutiala,school,12.3653541,-5.4440475
ANSONGO I A,school,15.6655912,0.502213
ANSONGO I B,school,15.665599,0.5028735
Ecole primaire Bounoumbougoula,school,13.2268624,-6.3841059
École de Tôgô,school,13.3566322,-6.3065856
BAMBOUGOU-WERE,school,13.3582892,-6.3645356
BANANKORONI [2ème C],school,13.3462706,-6.3859222
École Gombougou,school,13.6432549,-6.1354513
TIEKOURABOUGOU,school,13.440754,-5.740302
KAMAN SOKALA,school,13.5467393,-6.0330756
ZAMBOUGOU CINZANA,school,13.3905128,-5.9735085
ZAMBOUGOU CINZANA [2ème C],school,13.3905068,-5.9741146
WAKORO,school,12.130943,-5.9951962
FAMBOUGOU,school,13.2974474,-6.0340488
HIZ BOULAYE SOURANGUEDOU,school,14.44402,-9.3164584
MADIGA-SACKO,school,14.3601851,-9.3031058
École Menfala,school,13.293144,-6.245437
École privée BABOUGOU N'TJI,school,13.3867197,-6.3659172
ANSONGO II A,school,15.6655951,0.5025664
ANSONGO II B,school,15.6654828,0.5031646
BARKABOUGOU,school,14.2820203,-5.5586171
DAOU TRAORE [2ème C],school,13.7730198,-5.8788925
GOMA-COURA,school,13.7246714,-5.9519645
THIN,school,13.7454818,-5.9112268
GOMAKORO,school,13.7176885,-5.9431619
Centre Imam Malick,school,13.4366168,-6.2377965
Unnamed School,school,13.4039433,-6.3066535
École Tongo,school,13.3548073,-5.8156719
Unnamed School,school,12.5987482,-8.0564763
Ecole Blondin Beye,school,12.6522214,-7.9919341
ZAN,school,10.9060156,-7.0220192
Ecole Coranique Thierno Abdoulaye Niangadou,school,15.1331286,-9.3969718
BENDA,school,12.4753687,-10.5223264
Campus Universitaire Femme,university,13.429849,-6.3009118
Campus Universitaire homme,university,13.4238807,-6.312028
MINANKOFA,school,13.201494,-5.9909245
MARKANIBOUGOU,school,13.5983398,-6.1566609
École N'Golobabougou,school,13.8076906,-6.2151065
M'BEWANI ECOM,school,13.9038103,-6.0864923
TANGANA,school,14.0908344,-5.446528
WARALA ECOM,school,10.9464668,-7.8671665
KOFEBA,school,13.0299752,-9.5805203
Irély-Bolo,school,14.5730248,-3.259722
Gondodiè,school,14.4599659,-3.4050903
BAMANA,school,12.5448442,-5.8609375
Lycée Public Bambougou N'dji de Markala,school,13.6975688,-6.0714624
ZAMBALA,school,13.7467883,-5.1669149
École Dry,school,13.9118259,-5.205564
TIONTIE,school,13.8793231,-5.1210624
ECOLE FONDAMENTALE DE M'PETIONA,school,12.8150923,-5.6826979
Kana,school,13.6805799,-5.3260038
KENGOLOLA,school,13.7436034,-5.4151913
KOUNGODIAN,school,13.7529736,-5.20129
MANGONI,school,13.6756405,-5.2872423
MEDERSA BERTHA,school,13.7231213,-5.1976972
OUAN-MARKA,school,13.6971076,-5.2703471
KARA,school,14.1475535,-5.0365663
École Kouan,school,13.8837721,-5.4095682
Lycée Privé Moderne Aïché Kanouté (L.P.M.A.K),school,12.5953066,-7.8524885
Ibalaghane,school,15.8195681,3.4267871
N'GARBABOUGOU,school,13.6148791,-5.3061249
SOSSALA,school,13.5130332,-5.3774676
BAKARY COULIBALY,school,13.5607195,-5.4478468
NINTIA,school,12.9798671,-5.7599796
TOUKORO,school,12.989957,-5.7444525
Bananido 2eme cycle,school,12.8894129,-6.8445065
Second cycle Kamba,school,13.216964,-6.9454237
SABILLOU AL FALLAH(Med Lacoulé),school,15.0854958,-8.8598814
Ecole primaire de Bargo,school,14.1535662,-2.16282
Ecole primaire de Nassingré,school,14.1607039,-2.18453
Ecole primaire de Doubaré,school,13.8592342,-2.8620511
Ecole primaire,school,13.8094367,-2.8787613
Ecole primaire de Thou,school,13.926856,-2.7737327
École Dinan,school,13.0417898,-7.3419745
École Dinan 2e,school,13.0421533,-7.3428063
MED FIGNAN,school,13.0556997,-7.3598086
FADIOLA,school,12.948452,-7.2340651
DOGONI,school,12.8193525,-7.3169544
Ecole primaire de Yensé,school,13.9178768,-2.8418729
Ecole primaire de Tiendré,school,14.0151412,-2.7737528
Ecole primaire de Kaïn A,school,14.041702,-2.7599461
Ecole primaire de Kaïn B,school,14.0512345,-2.7569313
École Dioura,school,14.8221176,-5.2557721
École Dioura [2ème C],school,14.8215318,-5.2555407
KONIBABOUGOU,school,14.7850052,-5.2323497
USTAKA,school,15.095096,-5.1233062
École N'Goena,school,13.4912813,-5.2509937
C.S Amadou Traoré,school,12.6080043,-7.8386051
KELLE [2ème C],school,13.7244481,-5.4699663
KELLE [1er C],school,13.7237372,-5.4704438
École Diosso,school,13.8852388,-5.3635156
ECOM KONDO,school,13.8068722,-5.424649
FATINE [2ème C],school,13.5762567,-5.3828072
KORONA-WADIE,school,13.7960244,-5.3319961
N'GOLOKOUNA,school,13.7445272,-5.4240796
FATINE [1er C],school,13.5757871,-5.3828478
FOLOMANA [1er C],school,13.6039955,-5.1574383
KAMIAN,school,13.6764151,-5.4340167
KOUROUBA-WERE,school,13.5788873,-5.224693
MADOUMASSO,school,13.6195787,-5.2963983
École Tongué,school,13.5964057,-5.2737258
Universite Privee Attawoune,university,12.5730425,-7.9635329
Ecole primaire de Diem,school,14.2311888,-2.2938184
Ecole primaire de Zamné,school,14.1538741,-2.2389418
Ecole primaire de Bondoumouma,school,14.1648284,-2.2139812
CEG de Kaïn,school,14.0358694,-2.7610794
Ecole,school,14.0379953,-2.7600722
Ecole primaire,school,14.103215,-2.7330054
Ecole primaire de Kaïn-Ouro,school,14.0911476,-2.7194408
Médersa Franco arabe,school,12.6873302,-7.9681401
Ecole primaire de Namagué,school,14.148943,-2.2567356
ECOM LENA,school,12.0981502,-8.0423382
Ecole primaire de Bani,school,14.2165028,-2.5794777
CEG de Nongodoum,school,14.1502746,-2.5213006
Ecole primaire de Dengué,school,14.2749213,-2.4765466
Ecole primaire de Kaïdaré,school,14.1615008,-2.332921
Ecole primaire de Bara,school,14.2553288,-2.5160193
École primaire de Koni,school,13.3214318,-6.865533
Centre de Formation des agents de santé,school,13.9637509,-5.3483813
Ecole fondamentale groupe centrale,school,13.6851341,-6.0714226
Unnamed School,school,15.92785,2.38387
Unnamed School,school,15.9139,2.40116
Unnamed School,school,15.911,2.39767
Unnamed School,school,15.8073231,2.5183286
S.I.D.I,school,12.6692017,-7.9303987
AOUNA,school,15.8859,-3.783736
BARKANIELBI,school,15.8840433,-3.8147324
GAYE HABERE,school,15.8689568,-3.7343562
SEBY [1er C],school,15.7790039,-4.2111207
DOUA,school,15.7356555,-4.2779798
SANDJI,school,15.6787067,-3.8855266
M'BETOU [1er C],school,15.8266922,-3.7377037
DJIBAR,school,15.9332067,-3.7797217
KOYAM,school,15.9635153,-3.7039772
MARGOU [1er C],school,15.7373719,-4.0640941
KOMOGO,school,15.8065731,-3.8421908
TANDADJI,school,15.8817272,-3.8452727
ALDJANABANGOU,school,16.0672493,-3.8818638
DARI,school,15.883617,-4.1933191
KAM,school,15.7215789,-3.9678719
N'GAINA,school,15.7804512,-3.748416
SINGO,school,15.967116,-3.875325
ARKODIA,school,15.7751774,-3.617945
BOUGOUBERI,school,16.0898625,-3.4679072
SALAKOÏRA,school,16.0576312,-3.4625663
BOKOIKOIRA,school,16.4638687,-3.1804937
SAKOÏRA,school,16.5020216,-3.1571175
GARTHIRE,school,16.5075546,-3.2560649
HOROGOUNGOU,school,16.4572047,-3.3165012
Medersa HARAHARA II,school,16.425319,-3.3251743
